﻿<?xml version="1.0" encoding="utf-8"?><Element xmlns:xsi="http://www.w3.org/2001/XMLSchema-instance" xmlns:xsd="http://www.w3.org/2001/XMLSchema" Name="5158" ShortName="Линия" Tag="5158"><ID ItemID="5158" TaskNumber="0" TypeHash="0" Path="" STType="" UIDType="Inner"><Owner ItemID="5158" TaskNumber="0" TypeHash="0" STType="" UIDType="Inner" /></ID><UsedSTTypes><string>HMI.ResourceType</string><string>DINT</string><string>LREAL</string><string>HMI.SolidColorType</string><string>HMI.GradientColorType</string><string>HMI.BorderStyleType</string><string>STRING</string><string>BOOL</string><string>HMI.TileType</string><string>HMI.DockType</string><string>HMI.HorizontalAlignType</string><string>HMI.VerticalAlignType</string><string>HMI.MouseCursorKinds</string><string>HMI.SizeType</string><string>HMI.ProportionType</string></UsedSTTypes><Parameters><Parameter Name="Образ" ShortName="5081" Tag="5081" Role="SkinResource" Value=""><ID ItemID="5081" TaskNumber="0" TypeHash="4" Path="" STType="HMI.ResourceType" UIDType="Inner"><Owner ItemID="5158" TaskNumber="0" TypeHash="0" STType="" UIDType="Inner" /></ID><Parent ItemID="5158" TaskNumber="0" TypeHash="0" Path="" STType="" UIDType="Inner"><Owner ItemID="5158" TaskNumber="0" TypeHash="0" STType="" UIDType="Inner" /></Parent><IsValueFromTheme>false</IsValueFromTheme><Connections /><IsDynamized>false</IsDynamized><ContiniuosUpdate>false</ContiniuosUpdate></Parameter><Parameter Name="Порядок Z" ShortName="5082" Tag="5082" Role="Z" Value=""><ID ItemID="5082" TaskNumber="0" TypeHash="6" Path="" STType="DINT" UIDType="Inner"><Owner ItemID="5158" TaskNumber="0" TypeHash="0" STType="" UIDType="Inner" /></ID><Parent ItemID="5158" TaskNumber="0" TypeHash="0" Path="" STType="" UIDType="Inner"><Owner ItemID="5158" TaskNumber="0" TypeHash="0" STType="" UIDType="Inner" /></Parent><IsValueFromTheme>false</IsValueFromTheme><Connections /><IsDynamized>false</IsDynamized><ContiniuosUpdate>false</ContiniuosUpdate></Parameter><Parameter Name="Ширина" ShortName="5061" Tag="5061" Role="Width" Value="80"><ID ItemID="5061" TaskNumber="0" TypeHash="1" Path="" STType="LREAL" UIDType="Inner"><Owner ItemID="5158" TaskNumber="0" TypeHash="0" STType="" UIDType="Inner" /></ID><Parent ItemID="5158" TaskNumber="0" TypeHash="0" Path="" STType="" UIDType="Inner"><Owner ItemID="5158" TaskNumber="0" TypeHash="0" STType="" UIDType="Inner" /></Parent><IsValueFromTheme>false</IsValueFromTheme><Connections /><IsDynamized>false</IsDynamized><ContiniuosUpdate>false</ContiniuosUpdate></Parameter><Parameter Name="Высота" ShortName="5062" Tag="5062" Role="Height" Value="0"><ID ItemID="5062" TaskNumber="0" TypeHash="1" Path="" STType="LREAL" UIDType="Inner"><Owner ItemID="5158" TaskNumber="0" TypeHash="0" STType="" UIDType="Inner" /></ID><Parent ItemID="5158" TaskNumber="0" TypeHash="0" Path="" STType="" UIDType="Inner"><Owner ItemID="5158" TaskNumber="0" TypeHash="0" STType="" UIDType="Inner" /></Parent><IsValueFromTheme>false</IsValueFromTheme><Connections /><IsDynamized>false</IsDynamized><ContiniuosUpdate>false</ContiniuosUpdate></Parameter><Parameter Name="Угол поворота" ShortName="5063" Tag="5063" Role="Angle" Value="0"><ID ItemID="5063" TaskNumber="0" TypeHash="1" Path="" STType="LREAL" UIDType="Inner"><Owner ItemID="5158" TaskNumber="0" TypeHash="0" STType="" UIDType="Inner" /></ID><Parent ItemID="5158" TaskNumber="0" TypeHash="0" Path="" STType="" UIDType="Inner"><Owner ItemID="5158" TaskNumber="0" TypeHash="0" STType="" UIDType="Inner" /></Parent><IsValueFromTheme>false</IsValueFromTheme><Connections /><IsDynamized>false</IsDynamized><ContiniuosUpdate>false</ContiniuosUpdate></Parameter><Parameter Name="Масштаб X" ShortName="5064" Tag="5064" Role="ScaleX" Value="1"><ID ItemID="5064" TaskNumber="0" TypeHash="1" Path="" STType="LREAL" UIDType="Inner"><Owner ItemID="5158" TaskNumber="0" TypeHash="0" STType="" UIDType="Inner" /></ID><Parent ItemID="5158" TaskNumber="0" TypeHash="0" Path="" STType="" UIDType="Inner"><Owner ItemID="5158" TaskNumber="0" TypeHash="0" STType="" UIDType="Inner" /></Parent><IsValueFromTheme>false</IsValueFromTheme><Connections /><IsDynamized>false</IsDynamized><ContiniuosUpdate>false</ContiniuosUpdate></Parameter><Parameter Name="Масштаб Y" ShortName="5065" Tag="5065" Role="ScaleY" Value="1"><ID ItemID="5065" TaskNumber="0" TypeHash="1" Path="" STType="LREAL" UIDType="Inner"><Owner ItemID="5158" TaskNumber="0" TypeHash="0" STType="" UIDType="Inner" /></ID><Parent ItemID="5158" TaskNumber="0" TypeHash="0" Path="" STType="" UIDType="Inner"><Owner ItemID="5158" TaskNumber="0" TypeHash="0" STType="" UIDType="Inner" /></Parent><IsValueFromTheme>false</IsValueFromTheme><Connections /><IsDynamized>false</IsDynamized><ContiniuosUpdate>false</ContiniuosUpdate></Parameter><Parameter Name="Толщина линии" ShortName="5066" Tag="5066" Role="BorderThickness" Value="2"><ID ItemID="5066" TaskNumber="0" TypeHash="1" Path="" STType="LREAL" UIDType="Inner"><Owner ItemID="5158" TaskNumber="0" TypeHash="0" STType="" UIDType="Inner" /></ID><Parent ItemID="5158" TaskNumber="0" TypeHash="0" Path="" STType="" UIDType="Inner"><Owner ItemID="5158" TaskNumber="0" TypeHash="0" STType="" UIDType="Inner" /></Parent><IsValueFromTheme>false</IsValueFromTheme><Connections /><IsDynamized>false</IsDynamized><ContiniuosUpdate>false</ContiniuosUpdate></Parameter><Parameter Name="Цвет линии" ShortName="5067" Tag="5067" Role="BorderColor" Value="BLACK"><ID ItemID="5067" TaskNumber="0" TypeHash="4" Path="" STType="HMI.SolidColorType" UIDType="Inner"><Owner ItemID="5158" TaskNumber="0" TypeHash="0" STType="" UIDType="Inner" /></ID><Parent ItemID="5158" TaskNumber="0" TypeHash="0" Path="" STType="" UIDType="Inner"><Owner ItemID="5158" TaskNumber="0" TypeHash="0" STType="" UIDType="Inner" /></Parent><IsValueFromTheme>false</IsValueFromTheme><Connections /><IsDynamized>false</IsDynamized><ContiniuosUpdate>false</ContiniuosUpdate></Parameter><Parameter Name="Заливка фона" ShortName="5068" Tag="5068" Role="BackgroundColor" Value="TRANSPARENT"><ID ItemID="5068" TaskNumber="0" TypeHash="4" Path="" STType="HMI.GradientColorType" UIDType="Inner"><Owner ItemID="5158" TaskNumber="0" TypeHash="0" STType="" UIDType="Inner" /></ID><Parent ItemID="5158" TaskNumber="0" TypeHash="0" Path="" STType="" UIDType="Inner"><Owner ItemID="5158" TaskNumber="0" TypeHash="0" STType="" UIDType="Inner" /></Parent><IsValueFromTheme>false</IsValueFromTheme><Connections /><IsDynamized>false</IsDynamized><ContiniuosUpdate>false</ContiniuosUpdate></Parameter><Parameter Name="Прозрачность" ShortName="5069" Tag="5069" Role="Opacity" Value="100"><ID ItemID="5069" TaskNumber="0" TypeHash="1" Path="" STType="LREAL" UIDType="Inner"><Owner ItemID="5158" TaskNumber="0" TypeHash="0" STType="" UIDType="Inner" /></ID><Parent ItemID="5158" TaskNumber="0" TypeHash="0" Path="" STType="" UIDType="Inner"><Owner ItemID="5158" TaskNumber="0" TypeHash="0" STType="" UIDType="Inner" /></Parent><IsValueFromTheme>false</IsValueFromTheme><Connections /><IsDynamized>false</IsDynamized><ContiniuosUpdate>false</ContiniuosUpdate></Parameter><Parameter Name="Стиль линии" ShortName="5060" Tag="5060" Role="BorderStyle" Value="0"><ID ItemID="5060" TaskNumber="0" TypeHash="5" Path="" STType="HMI.BorderStyleType" UIDType="Inner"><Owner ItemID="5158" TaskNumber="0" TypeHash="0" STType="" UIDType="Inner" /></ID><Parent ItemID="5158" TaskNumber="0" TypeHash="0" Path="" STType="" UIDType="Inner"><Owner ItemID="5158" TaskNumber="0" TypeHash="0" STType="" UIDType="Inner" /></Parent><IsValueFromTheme>false</IsValueFromTheme><Connections /><IsDynamized>false</IsDynamized><ContiniuosUpdate>false</ContiniuosUpdate></Parameter><Parameter Name="Всплывающая подсказка" ShortName="5070" Tag="5070" Role="ToolTip" Value=""><ID ItemID="5070" TaskNumber="0" TypeHash="4" Path="" STType="STRING" UIDType="Inner"><Owner ItemID="5158" TaskNumber="0" TypeHash="0" STType="" UIDType="Inner" /></ID><Parent ItemID="5158" TaskNumber="0" TypeHash="0" Path="" STType="" UIDType="Inner"><Owner ItemID="5158" TaskNumber="0" TypeHash="0" STType="" UIDType="Inner" /></Parent><IsValueFromTheme>false</IsValueFromTheme><Connections /><IsDynamized>false</IsDynamized><ContiniuosUpdate>false</ContiniuosUpdate></Parameter><Parameter Name="Мигание" ShortName="5071" Tag="5071" Role="Flash" Value="False"><ID ItemID="5071" TaskNumber="0" TypeHash="3" Path="" STType="BOOL" UIDType="Inner"><Owner ItemID="5158" TaskNumber="0" TypeHash="0" STType="" UIDType="Inner" /></ID><Parent ItemID="5158" TaskNumber="0" TypeHash="0" Path="" STType="" UIDType="Inner"><Owner ItemID="5158" TaskNumber="0" TypeHash="0" STType="" UIDType="Inner" /></Parent><IsValueFromTheme>false</IsValueFromTheme><Connections /><IsDynamized>false</IsDynamized><ContiniuosUpdate>false</ContiniuosUpdate></Parameter><Parameter Name="Размер тени" ShortName="5072" Tag="5072" Role="ShadowSize" Value="0"><ID ItemID="5072" TaskNumber="0" TypeHash="6" Path="" STType="DINT" UIDType="Inner"><Owner ItemID="5158" TaskNumber="0" TypeHash="0" STType="" UIDType="Inner" /></ID><Parent ItemID="5158" TaskNumber="0" TypeHash="0" Path="" STType="" UIDType="Inner"><Owner ItemID="5158" TaskNumber="0" TypeHash="0" STType="" UIDType="Inner" /></Parent><IsValueFromTheme>false</IsValueFromTheme><Connections /><IsDynamized>false</IsDynamized><ContiniuosUpdate>false</ContiniuosUpdate></Parameter><Parameter Name="Цвет тени" ShortName="5073" Tag="5073" Role="ShadowColor" Value="rgb(240,240,240)"><ID ItemID="5073" TaskNumber="0" TypeHash="4" Path="" STType="HMI.SolidColorType" UIDType="Inner"><Owner ItemID="5158" TaskNumber="0" TypeHash="0" STType="" UIDType="Inner" /></ID><Parent ItemID="5158" TaskNumber="0" TypeHash="0" Path="" STType="" UIDType="Inner"><Owner ItemID="5158" TaskNumber="0" TypeHash="0" STType="" UIDType="Inner" /></Parent><IsValueFromTheme>false</IsValueFromTheme><Connections /><IsDynamized>false</IsDynamized><ContiniuosUpdate>false</ContiniuosUpdate></Parameter><Parameter Name="Изображение фона" ShortName="5074" Tag="5074" Role="Resource" Value=""><ID ItemID="5074" TaskNumber="0" TypeHash="4" Path="" STType="HMI.ResourceType" UIDType="Inner"><Owner ItemID="5158" TaskNumber="0" TypeHash="0" STType="" UIDType="Inner" /></ID><Parent ItemID="5158" TaskNumber="0" TypeHash="0" Path="" STType="" UIDType="Inner"><Owner ItemID="5158" TaskNumber="0" TypeHash="0" STType="" UIDType="Inner" /></Parent><IsValueFromTheme>false</IsValueFromTheme><Connections /><IsDynamized>false</IsDynamized><ContiniuosUpdate>false</ContiniuosUpdate></Parameter><Parameter Name="Замостка фона" ShortName="5075" Tag="5075" Role="BackgroundTile" Value="2"><ID ItemID="5075" TaskNumber="0" TypeHash="5" Path="" STType="HMI.TileType" UIDType="Inner"><Owner ItemID="5158" TaskNumber="0" TypeHash="0" STType="" UIDType="Inner" /></ID><Parent ItemID="5158" TaskNumber="0" TypeHash="0" Path="" STType="" UIDType="Inner"><Owner ItemID="5158" TaskNumber="0" TypeHash="0" STType="" UIDType="Inner" /></Parent><IsValueFromTheme>false</IsValueFromTheme><Connections /><IsDynamized>false</IsDynamized><ContiniuosUpdate>false</ContiniuosUpdate></Parameter><Parameter Name="Видимость" ShortName="5076" Tag="5076" Role="IsVisible" Value="True"><ID ItemID="5076" TaskNumber="0" TypeHash="3" Path="" STType="BOOL" UIDType="Inner"><Owner ItemID="5158" TaskNumber="0" TypeHash="0" STType="" UIDType="Inner" /></ID><Parent ItemID="5158" TaskNumber="0" TypeHash="0" Path="" STType="" UIDType="Inner"><Owner ItemID="5158" TaskNumber="0" TypeHash="0" STType="" UIDType="Inner" /></Parent><IsValueFromTheme>false</IsValueFromTheme><Connections /><IsDynamized>false</IsDynamized><ContiniuosUpdate>false</ContiniuosUpdate></Parameter><Parameter Name="Активность" ShortName="5077" Tag="5077" Role="IsEnabled" Value="True"><ID ItemID="5077" TaskNumber="0" TypeHash="3" Path="" STType="BOOL" UIDType="Inner"><Owner ItemID="5158" TaskNumber="0" TypeHash="0" STType="" UIDType="Inner" /></ID><Parent ItemID="5158" TaskNumber="0" TypeHash="0" Path="" STType="" UIDType="Inner"><Owner ItemID="5158" TaskNumber="0" TypeHash="0" STType="" UIDType="Inner" /></Parent><IsValueFromTheme>false</IsValueFromTheme><Connections /><IsDynamized>false</IsDynamized><ContiniuosUpdate>false</ContiniuosUpdate></Parameter><Parameter Name="Клавиатурный индекс" ShortName="5078" Tag="5078" Role="TabIndex" Value=""><ID ItemID="5078" TaskNumber="0" TypeHash="6" Path="" STType="DINT" UIDType="Inner"><Owner ItemID="5158" TaskNumber="0" TypeHash="0" STType="" UIDType="Inner" /></ID><Parent ItemID="5158" TaskNumber="0" TypeHash="0" Path="" STType="" UIDType="Inner"><Owner ItemID="5158" TaskNumber="0" TypeHash="0" STType="" UIDType="Inner" /></Parent><IsValueFromTheme>false</IsValueFromTheme><Connections /><IsDynamized>false</IsDynamized><ContiniuosUpdate>false</ContiniuosUpdate></Parameter><Parameter Name="Координата X" ShortName="5079" Tag="5079" Role="X" Value="0"><ID ItemID="5079" TaskNumber="0" TypeHash="1" Path="" STType="LREAL" UIDType="Inner"><Owner ItemID="5158" TaskNumber="0" TypeHash="0" STType="" UIDType="Inner" /></ID><Parent ItemID="5158" TaskNumber="0" TypeHash="0" Path="" STType="" UIDType="Inner"><Owner ItemID="5158" TaskNumber="0" TypeHash="0" STType="" UIDType="Inner" /></Parent><IsValueFromTheme>false</IsValueFromTheme><Connections /><IsDynamized>false</IsDynamized><ContiniuosUpdate>false</ContiniuosUpdate></Parameter><Parameter Name="Координата Y" ShortName="5080" Tag="5080" Role="Y" Value="0"><ID ItemID="5080" TaskNumber="0" TypeHash="1" Path="" STType="LREAL" UIDType="Inner"><Owner ItemID="5158" TaskNumber="0" TypeHash="0" STType="" UIDType="Inner" /></ID><Parent ItemID="5158" TaskNumber="0" TypeHash="0" Path="" STType="" UIDType="Inner"><Owner ItemID="5158" TaskNumber="0" TypeHash="0" STType="" UIDType="Inner" /></Parent><IsValueFromTheme>false</IsValueFromTheme><Connections /><IsDynamized>false</IsDynamized><ContiniuosUpdate>false</ContiniuosUpdate></Parameter><Parameter Name="Положение" ShortName="5083" Tag="5083" Role="DockStyle" Value="3"><ID ItemID="5083" TaskNumber="0" TypeHash="5" Path="" STType="HMI.DockType" UIDType="Inner"><Owner ItemID="5158" TaskNumber="0" TypeHash="0" STType="" UIDType="Inner" /></ID><Parent ItemID="5158" TaskNumber="0" TypeHash="0" Path="" STType="" UIDType="Inner"><Owner ItemID="5158" TaskNumber="0" TypeHash="0" STType="" UIDType="Inner" /></Parent><IsValueFromTheme>false</IsValueFromTheme><Connections /><IsDynamized>false</IsDynamized><ContiniuosUpdate>false</ContiniuosUpdate></Parameter><Parameter Name="Горизонтальное выравнивание" ShortName="5084" Tag="5084" Role="HorizontalAlign" Value="1"><ID ItemID="5084" TaskNumber="0" TypeHash="5" Path="" STType="HMI.HorizontalAlignType" UIDType="Inner"><Owner ItemID="5158" TaskNumber="0" TypeHash="0" STType="" UIDType="Inner" /></ID><Parent ItemID="5158" TaskNumber="0" TypeHash="0" Path="" STType="" UIDType="Inner"><Owner ItemID="5158" TaskNumber="0" TypeHash="0" STType="" UIDType="Inner" /></Parent><IsValueFromTheme>false</IsValueFromTheme><Connections /><IsDynamized>false</IsDynamized><ContiniuosUpdate>false</ContiniuosUpdate></Parameter><Parameter Name="Вертикальное выравнивание" ShortName="5085" Tag="5085" Role="VerticalAlign" Value="1"><ID ItemID="5085" TaskNumber="0" TypeHash="5" Path="" STType="HMI.VerticalAlignType" UIDType="Inner"><Owner ItemID="5158" TaskNumber="0" TypeHash="0" STType="" UIDType="Inner" /></ID><Parent ItemID="5158" TaskNumber="0" TypeHash="0" Path="" STType="" UIDType="Inner"><Owner ItemID="5158" TaskNumber="0" TypeHash="0" STType="" UIDType="Inner" /></Parent><IsValueFromTheme>false</IsValueFromTheme><Connections /><IsDynamized>false</IsDynamized><ContiniuosUpdate>false</ContiniuosUpdate></Parameter><Parameter Name="Вид курсора" ShortName="5086" Tag="5086" Role="MouseCursorKind" Value="0"><ID ItemID="5086" TaskNumber="0" TypeHash="5" Path="" STType="HMI.MouseCursorKinds" UIDType="Inner"><Owner ItemID="5158" TaskNumber="0" TypeHash="0" STType="" UIDType="Inner" /></ID><Parent ItemID="5158" TaskNumber="0" TypeHash="0" Path="" STType="" UIDType="Inner"><Owner ItemID="5158" TaskNumber="0" TypeHash="0" STType="" UIDType="Inner" /></Parent><IsValueFromTheme>false</IsValueFromTheme><Connections /><IsDynamized>false</IsDynamized><ContiniuosUpdate>false</ContiniuosUpdate></Parameter><Parameter Name="XType" ShortName="XType" Tag="0" Role="XType" Value="1"><ID ItemID="4294967255" TaskNumber="0" TypeHash="5" Path="" STType="HMI.SizeType" UIDType="Inner" /><IsValueFromTheme>false</IsValueFromTheme><IsDynamized>false</IsDynamized><ContiniuosUpdate>false</ContiniuosUpdate></Parameter><Parameter Name="YType" ShortName="YType" Tag="0" Role="YType" Value="1"><ID ItemID="4294967254" TaskNumber="0" TypeHash="5" Path="" STType="HMI.SizeType" UIDType="Inner" /><IsValueFromTheme>false</IsValueFromTheme><IsDynamized>false</IsDynamized><ContiniuosUpdate>false</ContiniuosUpdate></Parameter><Parameter Name="ProportionType" ShortName="ProportionType" Tag="0" Role="ProportionType" Value="4"><ID ItemID="4294967253" TaskNumber="0" TypeHash="5" Path="" STType="HMI.ProportionType" UIDType="Inner" /><IsValueFromTheme>false</IsValueFromTheme><IsDynamized>false</IsDynamized><ContiniuosUpdate>false</ContiniuosUpdate></Parameter><Parameter Name="WidthType" ShortName="WidthType" Tag="0" Role="WidthType" Value="1"><ID ItemID="4294967252" TaskNumber="0" TypeHash="5" Path="" STType="HMI.SizeType" UIDType="Inner" /><IsValueFromTheme>false</IsValueFromTheme><IsDynamized>false</IsDynamized><ContiniuosUpdate>false</ContiniuosUpdate></Parameter><Parameter Name="HeightType" ShortName="HeightType" Tag="0" Role="HeightType" Value="1"><ID ItemID="4294967251" TaskNumber="0" TypeHash="5" Path="" STType="HMI.SizeType" UIDType="Inner" /><IsValueFromTheme>false</IsValueFromTheme><IsDynamized>false</IsDynamized><ContiniuosUpdate>false</ContiniuosUpdate></Parameter></Parameters><ObjectId>0</ObjectId><ServerTaskId>-1</ServerTaskId><ServerTaskItemId>0</ServerTaskItemId><Role>Line</Role><HasConnections>false</HasConnections></Element>