﻿<?xml version="1.0" encoding="utf-8"?><Element xmlns:xsi="http://www.w3.org/2001/XMLSchema-instance" xmlns:xsd="http://www.w3.org/2001/XMLSchema" Name="88003" ShortName="Temperature trend" Tag="88003" TreeObject="Объект 1"><ID ItemID="88003" TaskNumber="0" TypeHash="0" Path="" STType="" UIDType="Inner"><Owner ItemID="88003" TaskNumber="0" TypeHash="0" STType="" UIDType="Inner" /></ID><UsedSTTypes><string>HMI.ResourceType</string><string>DINT</string><string>LREAL</string><string>HMI.SolidColorType</string><string>HMI.GradientColorType</string><string>HMI.BorderStyleType</string><string>STRING</string><string>BOOL</string><string>HMI.TileType</string><string>HMI.DockType</string><string>HMI.HorizontalAlignType</string><string>HMI.VerticalAlignType</string><string>HMI.MouseCursorKinds</string><string>HMI.SizeType</string><string>HMI.ProportionType</string><string>HMI.TrendPens</string><string>HMI.TrendPen</string><string>INT</string><string>ANY</string><string>LINT</string><string>HMI.LineJoin</string><string>HMI.PenPointType</string></UsedSTTypes><Parameters><Parameter Name="Образ" ShortName="88032" Tag="88032" Role="SkinResource" Value=""><ID ItemID="88032" TaskNumber="0" TypeHash="4" Path="" STType="HMI.ResourceType" UIDType="Inner"><Owner ItemID="88003" TaskNumber="0" TypeHash="0" STType="" UIDType="Inner" /></ID><Parent ItemID="88003" TaskNumber="0" TypeHash="0" Path="" STType="" UIDType="Inner"><Owner ItemID="88003" TaskNumber="0" TypeHash="0" STType="" UIDType="Inner" /></Parent><IsValueFromTheme>false</IsValueFromTheme><Connections /><IsDynamized>false</IsDynamized><ContiniuosUpdate>false</ContiniuosUpdate></Parameter><Parameter Name="Порядок Z" ShortName="88008" Tag="88008" Role="Z" Value=""><ID ItemID="88008" TaskNumber="0" TypeHash="6" Path="" STType="DINT" UIDType="Inner"><Owner ItemID="88003" TaskNumber="0" TypeHash="0" STType="" UIDType="Inner" /></ID><Parent ItemID="88003" TaskNumber="0" TypeHash="0" Path="" STType="" UIDType="Inner"><Owner ItemID="88003" TaskNumber="0" TypeHash="0" STType="" UIDType="Inner" /></Parent><IsValueFromTheme>false</IsValueFromTheme><Connections /><IsDynamized>false</IsDynamized><ContiniuosUpdate>false</ContiniuosUpdate></Parameter><Parameter Name="Ширина" ShortName="88006" Tag="88006" Role="Width" Value="1280"><ID ItemID="88006" TaskNumber="0" TypeHash="1" Path="" STType="LREAL" UIDType="Inner"><Owner ItemID="88003" TaskNumber="0" TypeHash="0" STType="" UIDType="Inner" /></ID><Parent ItemID="88003" TaskNumber="0" TypeHash="0" Path="" STType="" UIDType="Inner"><Owner ItemID="88003" TaskNumber="0" TypeHash="0" STType="" UIDType="Inner" /></Parent><IsValueFromTheme>false</IsValueFromTheme><Connections /><IsDynamized>false</IsDynamized><ContiniuosUpdate>false</ContiniuosUpdate></Parameter><Parameter Name="Высота" ShortName="88007" Tag="88007" Role="Height" Value="720"><ID ItemID="88007" TaskNumber="0" TypeHash="1" Path="" STType="LREAL" UIDType="Inner"><Owner ItemID="88003" TaskNumber="0" TypeHash="0" STType="" UIDType="Inner" /></ID><Parent ItemID="88003" TaskNumber="0" TypeHash="0" Path="" STType="" UIDType="Inner"><Owner ItemID="88003" TaskNumber="0" TypeHash="0" STType="" UIDType="Inner" /></Parent><IsValueFromTheme>false</IsValueFromTheme><Connections /><IsDynamized>false</IsDynamized><ContiniuosUpdate>false</ContiniuosUpdate></Parameter><Parameter Name="Угол поворота" ShortName="88013" Tag="88013" Role="Angle" Value="0"><ID ItemID="88013" TaskNumber="0" TypeHash="1" Path="" STType="LREAL" UIDType="Inner"><Owner ItemID="88003" TaskNumber="0" TypeHash="0" STType="" UIDType="Inner" /></ID><Parent ItemID="88003" TaskNumber="0" TypeHash="0" Path="" STType="" UIDType="Inner"><Owner ItemID="88003" TaskNumber="0" TypeHash="0" STType="" UIDType="Inner" /></Parent><IsValueFromTheme>false</IsValueFromTheme><Connections /><IsDynamized>false</IsDynamized><ContiniuosUpdate>false</ContiniuosUpdate></Parameter><Parameter Name="Масштаб X" ShortName="88014" Tag="88014" Role="ScaleX" Value="1"><ID ItemID="88014" TaskNumber="0" TypeHash="1" Path="" STType="LREAL" UIDType="Inner"><Owner ItemID="88003" TaskNumber="0" TypeHash="0" STType="" UIDType="Inner" /></ID><Parent ItemID="88003" TaskNumber="0" TypeHash="0" Path="" STType="" UIDType="Inner"><Owner ItemID="88003" TaskNumber="0" TypeHash="0" STType="" UIDType="Inner" /></Parent><IsValueFromTheme>false</IsValueFromTheme><Connections /><IsDynamized>false</IsDynamized><ContiniuosUpdate>false</ContiniuosUpdate></Parameter><Parameter Name="Масштаб Y" ShortName="88015" Tag="88015" Role="ScaleY" Value="1"><ID ItemID="88015" TaskNumber="0" TypeHash="1" Path="" STType="LREAL" UIDType="Inner"><Owner ItemID="88003" TaskNumber="0" TypeHash="0" STType="" UIDType="Inner" /></ID><Parent ItemID="88003" TaskNumber="0" TypeHash="0" Path="" STType="" UIDType="Inner"><Owner ItemID="88003" TaskNumber="0" TypeHash="0" STType="" UIDType="Inner" /></Parent><IsValueFromTheme>false</IsValueFromTheme><Connections /><IsDynamized>false</IsDynamized><ContiniuosUpdate>false</ContiniuosUpdate></Parameter><Parameter Name="Толщина рамки" ShortName="88016" Tag="88016" Role="BorderThickness" Value="1"><ID ItemID="88016" TaskNumber="0" TypeHash="1" Path="" STType="LREAL" UIDType="Inner"><Owner ItemID="88003" TaskNumber="0" TypeHash="0" STType="" UIDType="Inner" /></ID><Parent ItemID="88003" TaskNumber="0" TypeHash="0" Path="" STType="" UIDType="Inner"><Owner ItemID="88003" TaskNumber="0" TypeHash="0" STType="" UIDType="Inner" /></Parent><IsValueFromTheme>false</IsValueFromTheme><Connections /><IsDynamized>false</IsDynamized><ContiniuosUpdate>false</ContiniuosUpdate></Parameter><Parameter Name="Цвет рамки" ShortName="88017" Tag="88017" Role="BorderColor" Value="GRAY"><ID ItemID="88017" TaskNumber="0" TypeHash="4" Path="" STType="HMI.SolidColorType" UIDType="Inner"><Owner ItemID="88003" TaskNumber="0" TypeHash="0" STType="" UIDType="Inner" /></ID><Parent ItemID="88003" TaskNumber="0" TypeHash="0" Path="" STType="" UIDType="Inner"><Owner ItemID="88003" TaskNumber="0" TypeHash="0" STType="" UIDType="Inner" /></Parent><IsValueFromTheme>false</IsValueFromTheme><Connections /><IsDynamized>false</IsDynamized><ContiniuosUpdate>false</ContiniuosUpdate></Parameter><Parameter Name="Заливка фона" ShortName="88018" Tag="88018" Role="BackgroundColor" Value="rgb(245,240,245)"><ID ItemID="88018" TaskNumber="0" TypeHash="4" Path="" STType="HMI.GradientColorType" UIDType="Inner"><Owner ItemID="88003" TaskNumber="0" TypeHash="0" STType="" UIDType="Inner" /></ID><Parent ItemID="88003" TaskNumber="0" TypeHash="0" Path="" STType="" UIDType="Inner"><Owner ItemID="88003" TaskNumber="0" TypeHash="0" STType="" UIDType="Inner" /></Parent><IsValueFromTheme>false</IsValueFromTheme><Connections /><IsDynamized>false</IsDynamized><ContiniuosUpdate>false</ContiniuosUpdate></Parameter><Parameter Name="Прозрачность" ShortName="88019" Tag="88019" Role="Opacity" Value="100"><ID ItemID="88019" TaskNumber="0" TypeHash="1" Path="" STType="LREAL" UIDType="Inner"><Owner ItemID="88003" TaskNumber="0" TypeHash="0" STType="" UIDType="Inner" /></ID><Parent ItemID="88003" TaskNumber="0" TypeHash="0" Path="" STType="" UIDType="Inner"><Owner ItemID="88003" TaskNumber="0" TypeHash="0" STType="" UIDType="Inner" /></Parent><IsValueFromTheme>false</IsValueFromTheme><Connections /><IsDynamized>false</IsDynamized><ContiniuosUpdate>false</ContiniuosUpdate></Parameter><Parameter Name="Стиль рамки" ShortName="88020" Tag="88020" Role="BorderStyle" Value="0"><ID ItemID="88020" TaskNumber="0" TypeHash="5" Path="" STType="HMI.BorderStyleType" UIDType="Inner"><Owner ItemID="88003" TaskNumber="0" TypeHash="0" STType="" UIDType="Inner" /></ID><Parent ItemID="88003" TaskNumber="0" TypeHash="0" Path="" STType="" UIDType="Inner"><Owner ItemID="88003" TaskNumber="0" TypeHash="0" STType="" UIDType="Inner" /></Parent><IsValueFromTheme>false</IsValueFromTheme><Connections /><IsDynamized>false</IsDynamized><ContiniuosUpdate>false</ContiniuosUpdate></Parameter><Parameter Name="Всплывающая подсказка" ShortName="88021" Tag="88021" Role="ToolTip" Value=""><ID ItemID="88021" TaskNumber="0" TypeHash="4" Path="" STType="STRING" UIDType="Inner"><Owner ItemID="88003" TaskNumber="0" TypeHash="0" STType="" UIDType="Inner" /></ID><Parent ItemID="88003" TaskNumber="0" TypeHash="0" Path="" STType="" UIDType="Inner"><Owner ItemID="88003" TaskNumber="0" TypeHash="0" STType="" UIDType="Inner" /></Parent><IsValueFromTheme>false</IsValueFromTheme><Connections /><IsDynamized>false</IsDynamized><ContiniuosUpdate>false</ContiniuosUpdate></Parameter><Parameter Name="Мигание" ShortName="88022" Tag="88022" Role="Flash" Value="False"><ID ItemID="88022" TaskNumber="0" TypeHash="3" Path="" STType="BOOL" UIDType="Inner"><Owner ItemID="88003" TaskNumber="0" TypeHash="0" STType="" UIDType="Inner" /></ID><Parent ItemID="88003" TaskNumber="0" TypeHash="0" Path="" STType="" UIDType="Inner"><Owner ItemID="88003" TaskNumber="0" TypeHash="0" STType="" UIDType="Inner" /></Parent><IsValueFromTheme>false</IsValueFromTheme><Connections /><IsDynamized>false</IsDynamized><ContiniuosUpdate>false</ContiniuosUpdate></Parameter><Parameter Name="Размер тени" ShortName="88023" Tag="88023" Role="ShadowSize" Value="0"><ID ItemID="88023" TaskNumber="0" TypeHash="6" Path="" STType="DINT" UIDType="Inner"><Owner ItemID="88003" TaskNumber="0" TypeHash="0" STType="" UIDType="Inner" /></ID><Parent ItemID="88003" TaskNumber="0" TypeHash="0" Path="" STType="" UIDType="Inner"><Owner ItemID="88003" TaskNumber="0" TypeHash="0" STType="" UIDType="Inner" /></Parent><IsValueFromTheme>false</IsValueFromTheme><Connections /><IsDynamized>false</IsDynamized><ContiniuosUpdate>false</ContiniuosUpdate></Parameter><Parameter Name="Цвет тени" ShortName="88024" Tag="88024" Role="ShadowColor" Value="rgb(240,240,240)"><ID ItemID="88024" TaskNumber="0" TypeHash="4" Path="" STType="HMI.SolidColorType" UIDType="Inner"><Owner ItemID="88003" TaskNumber="0" TypeHash="0" STType="" UIDType="Inner" /></ID><Parent ItemID="88003" TaskNumber="0" TypeHash="0" Path="" STType="" UIDType="Inner"><Owner ItemID="88003" TaskNumber="0" TypeHash="0" STType="" UIDType="Inner" /></Parent><IsValueFromTheme>false</IsValueFromTheme><Connections /><IsDynamized>false</IsDynamized><ContiniuosUpdate>false</ContiniuosUpdate></Parameter><Parameter Name="Изображение фона" ShortName="88025" Tag="88025" Role="Resource" Value=""><ID ItemID="88025" TaskNumber="0" TypeHash="4" Path="" STType="HMI.ResourceType" UIDType="Inner"><Owner ItemID="88003" TaskNumber="0" TypeHash="0" STType="" UIDType="Inner" /></ID><Parent ItemID="88003" TaskNumber="0" TypeHash="0" Path="" STType="" UIDType="Inner"><Owner ItemID="88003" TaskNumber="0" TypeHash="0" STType="" UIDType="Inner" /></Parent><IsValueFromTheme>false</IsValueFromTheme><Connections /><IsDynamized>false</IsDynamized><ContiniuosUpdate>false</ContiniuosUpdate></Parameter><Parameter Name="Замостка фона" ShortName="88026" Tag="88026" Role="BackgroundTile" Value="2"><ID ItemID="88026" TaskNumber="0" TypeHash="5" Path="" STType="HMI.TileType" UIDType="Inner"><Owner ItemID="88003" TaskNumber="0" TypeHash="0" STType="" UIDType="Inner" /></ID><Parent ItemID="88003" TaskNumber="0" TypeHash="0" Path="" STType="" UIDType="Inner"><Owner ItemID="88003" TaskNumber="0" TypeHash="0" STType="" UIDType="Inner" /></Parent><IsValueFromTheme>false</IsValueFromTheme><Connections /><IsDynamized>false</IsDynamized><ContiniuosUpdate>false</ContiniuosUpdate></Parameter><Parameter Name="Видимость" ShortName="88029" Tag="88029" Role="IsVisible" Value="True"><ID ItemID="88029" TaskNumber="0" TypeHash="3" Path="" STType="BOOL" UIDType="Inner"><Owner ItemID="88003" TaskNumber="0" TypeHash="0" STType="" UIDType="Inner" /></ID><Parent ItemID="88003" TaskNumber="0" TypeHash="0" Path="" STType="" UIDType="Inner"><Owner ItemID="88003" TaskNumber="0" TypeHash="0" STType="" UIDType="Inner" /></Parent><IsValueFromTheme>false</IsValueFromTheme><Connections /><IsDynamized>false</IsDynamized><ContiniuosUpdate>false</ContiniuosUpdate></Parameter><Parameter Name="Активность" ShortName="88030" Tag="88030" Role="IsEnabled" Value="True"><ID ItemID="88030" TaskNumber="0" TypeHash="3" Path="" STType="BOOL" UIDType="Inner"><Owner ItemID="88003" TaskNumber="0" TypeHash="0" STType="" UIDType="Inner" /></ID><Parent ItemID="88003" TaskNumber="0" TypeHash="0" Path="" STType="" UIDType="Inner"><Owner ItemID="88003" TaskNumber="0" TypeHash="0" STType="" UIDType="Inner" /></Parent><IsValueFromTheme>false</IsValueFromTheme><Connections /><IsDynamized>false</IsDynamized><ContiniuosUpdate>false</ContiniuosUpdate></Parameter><Parameter Name="Клавиатурный индекс" ShortName="88031" Tag="88031" Role="TabIndex" Value=""><ID ItemID="88031" TaskNumber="0" TypeHash="6" Path="" STType="DINT" UIDType="Inner"><Owner ItemID="88003" TaskNumber="0" TypeHash="0" STType="" UIDType="Inner" /></ID><Parent ItemID="88003" TaskNumber="0" TypeHash="0" Path="" STType="" UIDType="Inner"><Owner ItemID="88003" TaskNumber="0" TypeHash="0" STType="" UIDType="Inner" /></Parent><IsValueFromTheme>false</IsValueFromTheme><Connections /><IsDynamized>false</IsDynamized><ContiniuosUpdate>false</ContiniuosUpdate></Parameter><Parameter Name="Координата X" ShortName="88027" Tag="88027" Role="X" Value="0"><ID ItemID="88027" TaskNumber="0" TypeHash="1" Path="" STType="LREAL" UIDType="Inner"><Owner ItemID="88003" TaskNumber="0" TypeHash="0" STType="" UIDType="Inner" /></ID><Parent ItemID="88003" TaskNumber="0" TypeHash="0" Path="" STType="" UIDType="Inner"><Owner ItemID="88003" TaskNumber="0" TypeHash="0" STType="" UIDType="Inner" /></Parent><IsValueFromTheme>false</IsValueFromTheme><Connections /><IsDynamized>false</IsDynamized><ContiniuosUpdate>false</ContiniuosUpdate></Parameter><Parameter Name="Координата Y" ShortName="88028" Tag="88028" Role="Y" Value="0"><ID ItemID="88028" TaskNumber="0" TypeHash="1" Path="" STType="LREAL" UIDType="Inner"><Owner ItemID="88003" TaskNumber="0" TypeHash="0" STType="" UIDType="Inner" /></ID><Parent ItemID="88003" TaskNumber="0" TypeHash="0" Path="" STType="" UIDType="Inner"><Owner ItemID="88003" TaskNumber="0" TypeHash="0" STType="" UIDType="Inner" /></Parent><IsValueFromTheme>false</IsValueFromTheme><Connections /><IsDynamized>false</IsDynamized><ContiniuosUpdate>false</ContiniuosUpdate></Parameter><Parameter Name="Положение" ShortName="88009" Tag="88009" Role="DockStyle" Value="3"><ID ItemID="88009" TaskNumber="0" TypeHash="5" Path="" STType="HMI.DockType" UIDType="Inner"><Owner ItemID="88003" TaskNumber="0" TypeHash="0" STType="" UIDType="Inner" /></ID><Parent ItemID="88003" TaskNumber="0" TypeHash="0" Path="" STType="" UIDType="Inner"><Owner ItemID="88003" TaskNumber="0" TypeHash="0" STType="" UIDType="Inner" /></Parent><IsValueFromTheme>false</IsValueFromTheme><Connections /><IsDynamized>false</IsDynamized><ContiniuosUpdate>false</ContiniuosUpdate></Parameter><Parameter Name="Горизонтальное выравнивание" ShortName="88010" Tag="88010" Role="HorizontalAlign" Value="1"><ID ItemID="88010" TaskNumber="0" TypeHash="5" Path="" STType="HMI.HorizontalAlignType" UIDType="Inner"><Owner ItemID="88003" TaskNumber="0" TypeHash="0" STType="" UIDType="Inner" /></ID><Parent ItemID="88003" TaskNumber="0" TypeHash="0" Path="" STType="" UIDType="Inner"><Owner ItemID="88003" TaskNumber="0" TypeHash="0" STType="" UIDType="Inner" /></Parent><IsValueFromTheme>false</IsValueFromTheme><Connections /><IsDynamized>false</IsDynamized><ContiniuosUpdate>false</ContiniuosUpdate></Parameter><Parameter Name="Вертикальное выравнивание" ShortName="88011" Tag="88011" Role="VerticalAlign" Value="1"><ID ItemID="88011" TaskNumber="0" TypeHash="5" Path="" STType="HMI.VerticalAlignType" UIDType="Inner"><Owner ItemID="88003" TaskNumber="0" TypeHash="0" STType="" UIDType="Inner" /></ID><Parent ItemID="88003" TaskNumber="0" TypeHash="0" Path="" STType="" UIDType="Inner"><Owner ItemID="88003" TaskNumber="0" TypeHash="0" STType="" UIDType="Inner" /></Parent><IsValueFromTheme>false</IsValueFromTheme><Connections /><IsDynamized>false</IsDynamized><ContiniuosUpdate>false</ContiniuosUpdate></Parameter><Parameter Name="Вид курсора" ShortName="88012" Tag="88012" Role="MouseCursorKind" Value="0"><ID ItemID="88012" TaskNumber="0" TypeHash="5" Path="" STType="HMI.MouseCursorKinds" UIDType="Inner"><Owner ItemID="88003" TaskNumber="0" TypeHash="0" STType="" UIDType="Inner" /></ID><Parent ItemID="88003" TaskNumber="0" TypeHash="0" Path="" STType="" UIDType="Inner"><Owner ItemID="88003" TaskNumber="0" TypeHash="0" STType="" UIDType="Inner" /></Parent><IsValueFromTheme>false</IsValueFromTheme><Connections /><IsDynamized>false</IsDynamized><ContiniuosUpdate>false</ContiniuosUpdate></Parameter><Parameter Name="XType" ShortName="XType" Tag="0" Role="XType" Value="1"><ID ItemID="4294967295" TaskNumber="0" TypeHash="5" Path="" STType="HMI.SizeType" UIDType="Inner" /><IsValueFromTheme>false</IsValueFromTheme><IsDynamized>false</IsDynamized><ContiniuosUpdate>false</ContiniuosUpdate></Parameter><Parameter Name="YType" ShortName="YType" Tag="0" Role="YType" Value="1"><ID ItemID="4294967294" TaskNumber="0" TypeHash="5" Path="" STType="HMI.SizeType" UIDType="Inner" /><IsValueFromTheme>false</IsValueFromTheme><IsDynamized>false</IsDynamized><ContiniuosUpdate>false</ContiniuosUpdate></Parameter><Parameter Name="ProportionType" ShortName="ProportionType" Tag="0" Role="ProportionType" Value="4"><ID ItemID="4294967293" TaskNumber="0" TypeHash="5" Path="" STType="HMI.ProportionType" UIDType="Inner" /><IsValueFromTheme>false</IsValueFromTheme><IsDynamized>false</IsDynamized><ContiniuosUpdate>false</ContiniuosUpdate></Parameter><Parameter Name="WidthType" ShortName="WidthType" Tag="0" Role="WidthType" Value="1"><ID ItemID="4294967292" TaskNumber="0" TypeHash="5" Path="" STType="HMI.SizeType" UIDType="Inner" /><IsValueFromTheme>false</IsValueFromTheme><IsDynamized>false</IsDynamized><ContiniuosUpdate>false</ContiniuosUpdate></Parameter><Parameter Name="HeightType" ShortName="HeightType" Tag="0" Role="HeightType" Value="1"><ID ItemID="4294967291" TaskNumber="0" TypeHash="5" Path="" STType="HMI.SizeType" UIDType="Inner" /><IsValueFromTheme>false</IsValueFromTheme><IsDynamized>false</IsDynamized><ContiniuosUpdate>false</ContiniuosUpdate></Parameter></Parameters><Elements><Element Name="88112" ShortName="Тренд 1" Tag="88112" TreeObject="Объект 1"><ID ItemID="88112" TaskNumber="0" TypeHash="0" Path="" STType="" UIDType="Inner"><Owner ItemID="88112" TaskNumber="0" TypeHash="0" STType="" UIDType="Inner" /></ID><Parent ItemID="88003" TaskNumber="0" TypeHash="0" Path="" STType="" UIDType="Inner"><Owner ItemID="88003" TaskNumber="0" TypeHash="0" STType="" UIDType="Inner" /></Parent><UsedSTTypes><string>HMI.ResourceType</string><string>DINT</string><string>LREAL</string><string>HMI.TrendPens</string><string>HMI.TrendPen</string><string>INT</string><string>HMI.SolidColorType</string><string>HMI.BorderStyleType</string><string>ANY</string><string>LINT</string><string>STRING</string><string>BOOL</string><string>HMI.LineJoin</string><string>HMI.PenPointType</string><string>HMI.SizeType</string></UsedSTTypes><TypeID ItemID="6478" TaskNumber="0" TypeHash="0" Path="" STType="" UIDType="Inner"><Owner ItemID="6478" TaskNumber="0" TypeHash="0" STType="" UIDType="Inner" /></TypeID><Parameters><Parameter Name="Образ" ShortName="88121" Tag="88121" Role="SkinResource" Value=""><ID ItemID="88121" TaskNumber="0" TypeHash="4" Path="" STType="HMI.ResourceType" UIDType="Inner"><Owner ItemID="88112" TaskNumber="0" TypeHash="0" STType="" UIDType="Inner" /></ID><Parent ItemID="88112" TaskNumber="0" TypeHash="0" Path="" STType="" UIDType="Inner"><Owner ItemID="88112" TaskNumber="0" TypeHash="0" STType="" UIDType="Inner" /></Parent><IsValueFromTheme>false</IsValueFromTheme><Connections /><IsDynamized>false</IsDynamized><ContiniuosUpdate>false</ContiniuosUpdate></Parameter><Parameter Name="Порядок Z" ShortName="88117" Tag="88117" Role="Z" Value="1"><ID ItemID="88117" TaskNumber="0" TypeHash="6" Path="" STType="DINT" UIDType="Inner"><Owner ItemID="88112" TaskNumber="0" TypeHash="0" STType="" UIDType="Inner" /></ID><Parent ItemID="88112" TaskNumber="0" TypeHash="0" Path="" STType="" UIDType="Inner"><Owner ItemID="88112" TaskNumber="0" TypeHash="0" STType="" UIDType="Inner" /></Parent><IsValueFromTheme>false</IsValueFromTheme><Connections /><IsDynamized>false</IsDynamized><ContiniuosUpdate>false</ContiniuosUpdate></Parameter><Parameter Name="Ширина" ShortName="88115" Tag="88115" Role="Width" Value="1190"><ID ItemID="88115" TaskNumber="0" TypeHash="1" Path="" STType="LREAL" UIDType="Inner"><Owner ItemID="88112" TaskNumber="0" TypeHash="0" STType="" UIDType="Inner" /></ID><Parent ItemID="88112" TaskNumber="0" TypeHash="0" Path="" STType="" UIDType="Inner"><Owner ItemID="88112" TaskNumber="0" TypeHash="0" STType="" UIDType="Inner" /></Parent><IsValueFromTheme>false</IsValueFromTheme><Connections /><IsDynamized>false</IsDynamized><ContiniuosUpdate>false</ContiniuosUpdate></Parameter><Parameter Name="Высота" ShortName="88116" Tag="88116" Role="Height" Value="568"><ID ItemID="88116" TaskNumber="0" TypeHash="1" Path="" STType="LREAL" UIDType="Inner"><Owner ItemID="88112" TaskNumber="0" TypeHash="0" STType="" UIDType="Inner" /></ID><Parent ItemID="88112" TaskNumber="0" TypeHash="0" Path="" STType="" UIDType="Inner"><Owner ItemID="88112" TaskNumber="0" TypeHash="0" STType="" UIDType="Inner" /></Parent><IsValueFromTheme>false</IsValueFromTheme><Connections /><IsDynamized>false</IsDynamized><ContiniuosUpdate>false</ContiniuosUpdate></Parameter><Parameter Name="Клавиатурный индекс" ShortName="88120" Tag="88120" Role="TabIndex" Value="1"><ID ItemID="88120" TaskNumber="0" TypeHash="6" Path="" STType="DINT" UIDType="Inner"><Owner ItemID="88112" TaskNumber="0" TypeHash="0" STType="" UIDType="Inner" /></ID><Parent ItemID="88112" TaskNumber="0" TypeHash="0" Path="" STType="" UIDType="Inner"><Owner ItemID="88112" TaskNumber="0" TypeHash="0" STType="" UIDType="Inner" /></Parent><IsValueFromTheme>false</IsValueFromTheme><Connections /><IsDynamized>false</IsDynamized><ContiniuosUpdate>false</ContiniuosUpdate></Parameter><Parameter Name="Изображение фона" ShortName="88114" Tag="88114" Role="Resource" Value=""><ID ItemID="88114" TaskNumber="0" TypeHash="4" Path="" STType="HMI.ResourceType" UIDType="Inner"><Owner ItemID="88112" TaskNumber="0" TypeHash="0" STType="" UIDType="Inner" /></ID><Parent ItemID="88112" TaskNumber="0" TypeHash="0" Path="" STType="" UIDType="Inner"><Owner ItemID="88112" TaskNumber="0" TypeHash="0" STType="" UIDType="Inner" /></Parent><IsValueFromTheme>false</IsValueFromTheme><Connections /><IsDynamized>false</IsDynamized><ContiniuosUpdate>false</ContiniuosUpdate></Parameter><Parameter Name="Координата X" ShortName="88118" Tag="88118" Role="X" Value="40"><ID ItemID="88118" TaskNumber="0" TypeHash="1" Path="" STType="LREAL" UIDType="Inner"><Owner ItemID="88112" TaskNumber="0" TypeHash="0" STType="" UIDType="Inner" /></ID><Parent ItemID="88112" TaskNumber="0" TypeHash="0" Path="" STType="" UIDType="Inner"><Owner ItemID="88112" TaskNumber="0" TypeHash="0" STType="" UIDType="Inner" /></Parent><IsValueFromTheme>false</IsValueFromTheme><Connections /><IsDynamized>false</IsDynamized><ContiniuosUpdate>false</ContiniuosUpdate></Parameter><Parameter Name="Координата Y" ShortName="88119" Tag="88119" Role="Y" Value="80"><ID ItemID="88119" TaskNumber="0" TypeHash="1" Path="" STType="LREAL" UIDType="Inner"><Owner ItemID="88112" TaskNumber="0" TypeHash="0" STType="" UIDType="Inner" /></ID><Parent ItemID="88112" TaskNumber="0" TypeHash="0" Path="" STType="" UIDType="Inner"><Owner ItemID="88112" TaskNumber="0" TypeHash="0" STType="" UIDType="Inner" /></Parent><IsValueFromTheme>false</IsValueFromTheme><Connections /><IsDynamized>false</IsDynamized><ContiniuosUpdate>false</ContiniuosUpdate></Parameter><Parameter Name="Перья" ShortName="88125" Tag="88125" Role="Pens" Value=""><ID ItemID="88125" TaskNumber="0" TypeHash="0" Path="" STType="HMI.TrendPens" UIDType="Inner"><Owner ItemID="88112" TaskNumber="0" TypeHash="0" STType="" UIDType="Inner" /></ID><Parent ItemID="88112" TaskNumber="0" TypeHash="0" Path="" STType="" UIDType="Inner"><Owner ItemID="88112" TaskNumber="0" TypeHash="0" STType="" UIDType="Inner" /></Parent><IsValueFromTheme>false</IsValueFromTheme><ChildValues><Parameter Name="Temperature" ShortName="88143" Tag="88143" Role="Temperature" Value=""><ID ItemID="88143" TaskNumber="0" TypeHash="0" Path="" STType="HMI.TrendPen" UIDType="Inner"><Owner ItemID="88112" TaskNumber="0" TypeHash="0" STType="" UIDType="Inner" /></ID><Parent ItemID="88125" TaskNumber="0" TypeHash="0" Path="" STType="HMI.TrendPens" UIDType="Inner"><Owner ItemID="88112" TaskNumber="0" TypeHash="0" STType="" UIDType="Inner" /></Parent><IsValueFromTheme>false</IsValueFromTheme><ChildValues><Parameter Name="MinY" ShortName="88144" Tag="88144" Role="MinY" Value="0"><ID ItemID="88144" TaskNumber="0" TypeHash="1" Path="Pens[0].MinY" STType="LREAL" UIDType="Inner"><Owner ItemID="88112" TaskNumber="0" TypeHash="0" STType="" UIDType="Inner" /></ID><Parent ItemID="88143" TaskNumber="0" TypeHash="0" Path="" STType="HMI.TrendPen" UIDType="Inner"><Owner ItemID="88112" TaskNumber="0" TypeHash="0" STType="" UIDType="Inner" /></Parent><IsValueFromTheme>false</IsValueFromTheme><Connections><Connection Name="88161" ShortName="88161" Tag="88161" Direction="Backward"><ID ItemID="88161" TaskNumber="0" TypeHash="0" Path="" STType="" UIDType="Inner"><Owner ItemID="88003" TaskNumber="0" TypeHash="0" STType="" UIDType="Inner" /></ID><Parent ItemID="88144" TaskNumber="0" TypeHash="1" Path="Pens[0].MinY" STType="LREAL" UIDType="Inner"><Owner ItemID="88112" TaskNumber="0" TypeHash="0" STType="" UIDType="Inner" /></Parent><Target ItemID="57585" TaskNumber="0" TypeHash="6" Path="" STType="INT" UIDType="MasterPLC" /><UpdateType>true</UpdateType><HasBackward>false</HasBackward></Connection></Connections><IsDynamized>false</IsDynamized><ContiniuosUpdate>false</ContiniuosUpdate></Parameter><Parameter Name="MaxY" ShortName="88145" Tag="88145" Role="MaxY" Value="100"><ID ItemID="88145" TaskNumber="0" TypeHash="1" Path="Pens[0].MaxY" STType="LREAL" UIDType="Inner"><Owner ItemID="88112" TaskNumber="0" TypeHash="0" STType="" UIDType="Inner" /></ID><Parent ItemID="88143" TaskNumber="0" TypeHash="0" Path="" STType="HMI.TrendPen" UIDType="Inner"><Owner ItemID="88112" TaskNumber="0" TypeHash="0" STType="" UIDType="Inner" /></Parent><IsValueFromTheme>false</IsValueFromTheme><Connections><Connection Name="88162" ShortName="88162" Tag="88162" Direction="Backward"><ID ItemID="88162" TaskNumber="0" TypeHash="0" Path="" STType="" UIDType="Inner"><Owner ItemID="88003" TaskNumber="0" TypeHash="0" STType="" UIDType="Inner" /></ID><Parent ItemID="88145" TaskNumber="0" TypeHash="1" Path="Pens[0].MaxY" STType="LREAL" UIDType="Inner"><Owner ItemID="88112" TaskNumber="0" TypeHash="0" STType="" UIDType="Inner" /></Parent><Target ItemID="57584" TaskNumber="0" TypeHash="6" Path="" STType="INT" UIDType="MasterPLC" /><UpdateType>true</UpdateType><HasBackward>false</HasBackward></Connection></Connections><IsDynamized>false</IsDynamized><ContiniuosUpdate>false</ContiniuosUpdate></Parameter><Parameter Name="Цвет пера" ShortName="88146" Tag="88146" Role="Color" Value="RED"><ID ItemID="88146" TaskNumber="0" TypeHash="4" Path="Pens[0].Cvet_pera" STType="HMI.SolidColorType" UIDType="Inner"><Owner ItemID="88112" TaskNumber="0" TypeHash="0" STType="" UIDType="Inner" /></ID><Parent ItemID="88143" TaskNumber="0" TypeHash="0" Path="" STType="HMI.TrendPen" UIDType="Inner"><Owner ItemID="88112" TaskNumber="0" TypeHash="0" STType="" UIDType="Inner" /></Parent><IsValueFromTheme>false</IsValueFromTheme><Connections /><IsDynamized>false</IsDynamized><ContiniuosUpdate>false</ContiniuosUpdate></Parameter><Parameter Name="Стиль линии" ShortName="88147" Tag="88147" Role="LineStyle" Value="0"><ID ItemID="88147" TaskNumber="0" TypeHash="5" Path="Pens[0].Stilj_linii" STType="HMI.BorderStyleType" UIDType="Inner"><Owner ItemID="88112" TaskNumber="0" TypeHash="0" STType="" UIDType="Inner" /></ID><Parent ItemID="88143" TaskNumber="0" TypeHash="0" Path="" STType="HMI.TrendPen" UIDType="Inner"><Owner ItemID="88112" TaskNumber="0" TypeHash="0" STType="" UIDType="Inner" /></Parent><IsValueFromTheme>false</IsValueFromTheme><Connections /><IsDynamized>false</IsDynamized><ContiniuosUpdate>false</ContiniuosUpdate></Parameter><Parameter Name="Значение" ShortName="88148" Tag="88148" Role="DataSource" Value="0"><ID ItemID="88148" TaskNumber="0" TypeHash="7" Path="Pens[0].Znachenie" STType="ANY" UIDType="Inner"><Owner ItemID="88112" TaskNumber="0" TypeHash="0" STType="" UIDType="Inner" /></ID><Parent ItemID="88143" TaskNumber="0" TypeHash="0" Path="" STType="HMI.TrendPen" UIDType="Inner"><Owner ItemID="88112" TaskNumber="0" TypeHash="0" STType="" UIDType="Inner" /></Parent><IsValueFromTheme>false</IsValueFromTheme><Connections><Connection Name="88214" ShortName="88214" Tag="88214" Direction="Backward"><ID ItemID="88214" TaskNumber="0" TypeHash="0" Path="" STType="" UIDType="Inner"><Owner ItemID="88003" TaskNumber="0" TypeHash="0" STType="" UIDType="Inner" /></ID><Parent ItemID="88148" TaskNumber="0" TypeHash="7" Path="Pens[0].Znachenie" STType="ANY" UIDType="Inner"><Owner ItemID="88112" TaskNumber="0" TypeHash="0" STType="" UIDType="Inner" /></Parent><Target ItemID="57378" TaskNumber="0" TypeHash="6" Path="" STType="LINT" UIDType="MasterPLC" /><UpdateType>true</UpdateType><HasBackward>false</HasBackward></Connection></Connections><IsDynamized>false</IsDynamized><ContiniuosUpdate>false</ContiniuosUpdate></Parameter><Parameter Name="Единица измерения" ShortName="88149" Tag="88149" Role="Unit" Value=""><ID ItemID="88149" TaskNumber="0" TypeHash="4" Path="Pens[0].Edinica_izmereniya" STType="STRING" UIDType="Inner"><Owner ItemID="88112" TaskNumber="0" TypeHash="0" STType="" UIDType="Inner" /></ID><Parent ItemID="88143" TaskNumber="0" TypeHash="0" Path="" STType="HMI.TrendPen" UIDType="Inner"><Owner ItemID="88112" TaskNumber="0" TypeHash="0" STType="" UIDType="Inner" /></Parent><IsValueFromTheme>false</IsValueFromTheme><Connections /><IsDynamized>false</IsDynamized><ContiniuosUpdate>false</ContiniuosUpdate></Parameter><Parameter Name="Формат значений Y" ShortName="88150" Tag="88150" Role="YFormat" Value="f3"><ID ItemID="88150" TaskNumber="0" TypeHash="4" Path="Pens[0].Format_znachenij_Y" STType="STRING" UIDType="Inner"><Owner ItemID="88112" TaskNumber="0" TypeHash="0" STType="" UIDType="Inner" /></ID><Parent ItemID="88143" TaskNumber="0" TypeHash="0" Path="" STType="HMI.TrendPen" UIDType="Inner"><Owner ItemID="88112" TaskNumber="0" TypeHash="0" STType="" UIDType="Inner" /></Parent><IsValueFromTheme>false</IsValueFromTheme><Connections /><IsDynamized>false</IsDynamized><ContiniuosUpdate>false</ContiniuosUpdate></Parameter><Parameter Name="Количество делений Y" ShortName="88151" Tag="88151" Role="TickCountY" Value="5"><ID ItemID="88151" TaskNumber="0" TypeHash="6" Path="Pens[0].Kolichestvo_delenij_Y" STType="INT" UIDType="Inner"><Owner ItemID="88112" TaskNumber="0" TypeHash="0" STType="" UIDType="Inner" /></ID><Parent ItemID="88143" TaskNumber="0" TypeHash="0" Path="" STType="HMI.TrendPen" UIDType="Inner"><Owner ItemID="88112" TaskNumber="0" TypeHash="0" STType="" UIDType="Inner" /></Parent><IsValueFromTheme>false</IsValueFromTheme><Connections /><IsDynamized>false</IsDynamized><ContiniuosUpdate>false</ContiniuosUpdate></Parameter><Parameter Name="Толщина линии" ShortName="88152" Tag="88152" Role="Thickness" Value="1"><ID ItemID="88152" TaskNumber="0" TypeHash="1" Path="Pens[0].Tolschina_linii" STType="LREAL" UIDType="Inner"><Owner ItemID="88112" TaskNumber="0" TypeHash="0" STType="" UIDType="Inner" /></ID><Parent ItemID="88143" TaskNumber="0" TypeHash="0" Path="" STType="HMI.TrendPen" UIDType="Inner"><Owner ItemID="88112" TaskNumber="0" TypeHash="0" STType="" UIDType="Inner" /></Parent><IsValueFromTheme>false</IsValueFromTheme><Connections /><IsDynamized>false</IsDynamized><ContiniuosUpdate>false</ContiniuosUpdate></Parameter><Parameter Name="Дорисовка констант" ShortName="88153" Tag="88153" Role="DrawConstant" Value="True"><ID ItemID="88153" TaskNumber="0" TypeHash="3" Path="Pens[0].Dorisovka_konstant" STType="BOOL" UIDType="Inner"><Owner ItemID="88112" TaskNumber="0" TypeHash="0" STType="" UIDType="Inner" /></ID><Parent ItemID="88143" TaskNumber="0" TypeHash="0" Path="" STType="HMI.TrendPen" UIDType="Inner"><Owner ItemID="88112" TaskNumber="0" TypeHash="0" STType="" UIDType="Inner" /></Parent><IsValueFromTheme>false</IsValueFromTheme><Connections /><IsDynamized>false</IsDynamized><ContiniuosUpdate>false</ContiniuosUpdate></Parameter><Parameter Name="Видимость" ShortName="88154" Tag="88154" Role="IsVisible" Value="True"><ID ItemID="88154" TaskNumber="0" TypeHash="3" Path="Pens[0].Vidimostj" STType="BOOL" UIDType="Inner"><Owner ItemID="88112" TaskNumber="0" TypeHash="0" STType="" UIDType="Inner" /></ID><Parent ItemID="88143" TaskNumber="0" TypeHash="0" Path="" STType="HMI.TrendPen" UIDType="Inner"><Owner ItemID="88112" TaskNumber="0" TypeHash="0" STType="" UIDType="Inner" /></Parent><IsValueFromTheme>false</IsValueFromTheme><Connections /><IsDynamized>false</IsDynamized><ContiniuosUpdate>false</ContiniuosUpdate></Parameter><Parameter Name="Тип графика" ShortName="88155" Tag="88155" Role="LineJoin" Value="1"><ID ItemID="88155" TaskNumber="0" TypeHash="5" Path="Pens[0].Tip_grafika" STType="HMI.LineJoin" UIDType="Inner"><Owner ItemID="88112" TaskNumber="0" TypeHash="0" STType="" UIDType="Inner" /></ID><Parent ItemID="88143" TaskNumber="0" TypeHash="0" Path="" STType="HMI.TrendPen" UIDType="Inner"><Owner ItemID="88112" TaskNumber="0" TypeHash="0" STType="" UIDType="Inner" /></Parent><IsValueFromTheme>false</IsValueFromTheme><Connections /><IsDynamized>false</IsDynamized><ContiniuosUpdate>false</ContiniuosUpdate></Parameter><Parameter Name="Автомасштабирование" ShortName="88156" Tag="88156" Role="Autoscale" Value="False"><ID ItemID="88156" TaskNumber="0" TypeHash="3" Path="Pens[0].Avtomasshtabirovanie" STType="BOOL" UIDType="Inner"><Owner ItemID="88112" TaskNumber="0" TypeHash="0" STType="" UIDType="Inner" /></ID><Parent ItemID="88143" TaskNumber="0" TypeHash="0" Path="" STType="HMI.TrendPen" UIDType="Inner"><Owner ItemID="88112" TaskNumber="0" TypeHash="0" STType="" UIDType="Inner" /></Parent><IsValueFromTheme>false</IsValueFromTheme><Connections /><IsDynamized>false</IsDynamized><ContiniuosUpdate>false</ContiniuosUpdate></Parameter><Parameter Name="Тип точек" ShortName="88157" Tag="88157" Role="PointType" Value="0"><ID ItemID="88157" TaskNumber="0" TypeHash="5" Path="Pens[0].Tip_tochek" STType="HMI.PenPointType" UIDType="Inner"><Owner ItemID="88112" TaskNumber="0" TypeHash="0" STType="" UIDType="Inner" /></ID><Parent ItemID="88143" TaskNumber="0" TypeHash="0" Path="" STType="HMI.TrendPen" UIDType="Inner"><Owner ItemID="88112" TaskNumber="0" TypeHash="0" STType="" UIDType="Inner" /></Parent><IsValueFromTheme>false</IsValueFromTheme><Connections /><IsDynamized>false</IsDynamized><ContiniuosUpdate>false</ContiniuosUpdate></Parameter><Parameter Name="Размер точек" ShortName="88158" Tag="88158" Role="PointSize" Value="0"><ID ItemID="88158" TaskNumber="0" TypeHash="1" Path="Pens[0].Razmer_tochek" STType="LREAL" UIDType="Inner"><Owner ItemID="88112" TaskNumber="0" TypeHash="0" STType="" UIDType="Inner" /></ID><Parent ItemID="88143" TaskNumber="0" TypeHash="0" Path="" STType="HMI.TrendPen" UIDType="Inner"><Owner ItemID="88112" TaskNumber="0" TypeHash="0" STType="" UIDType="Inner" /></Parent><IsValueFromTheme>false</IsValueFromTheme><Connections /><IsDynamized>false</IsDynamized><ContiniuosUpdate>false</ContiniuosUpdate></Parameter><Parameter Name="Отображать ось значений" ShortName="88159" Tag="88159" Role="ShowAxis" Value="True"><ID ItemID="88159" TaskNumber="0" TypeHash="3" Path="Pens[0].Otobrazhatj_osj_znachenij" STType="BOOL" UIDType="Inner"><Owner ItemID="88112" TaskNumber="0" TypeHash="0" STType="" UIDType="Inner" /></ID><Parent ItemID="88143" TaskNumber="0" TypeHash="0" Path="" STType="HMI.TrendPen" UIDType="Inner"><Owner ItemID="88112" TaskNumber="0" TypeHash="0" STType="" UIDType="Inner" /></Parent><IsValueFromTheme>false</IsValueFromTheme><Connections /><IsDynamized>false</IsDynamized><ContiniuosUpdate>false</ContiniuosUpdate></Parameter></ChildValues><Connections /><IsDynamized>false</IsDynamized><ContiniuosUpdate>false</ContiniuosUpdate></Parameter></ChildValues><Connections /><IsDynamized>false</IsDynamized><ContiniuosUpdate>false</ContiniuosUpdate></Parameter><Parameter Name="XType" ShortName="XType" Tag="0" Role="XType" Value="1"><ID ItemID="4294967277" TaskNumber="0" TypeHash="5" Path="" STType="HMI.SizeType" UIDType="Inner" /><Parent ItemID="88003" TaskNumber="0" TypeHash="0" Path="" STType="" UIDType="Inner"><Owner ItemID="88003" TaskNumber="0" TypeHash="0" STType="" UIDType="Inner" /></Parent><IsValueFromTheme>false</IsValueFromTheme><IsDynamized>false</IsDynamized><ContiniuosUpdate>false</ContiniuosUpdate></Parameter><Parameter Name="YType" ShortName="YType" Tag="0" Role="YType" Value="1"><ID ItemID="4294967276" TaskNumber="0" TypeHash="5" Path="" STType="HMI.SizeType" UIDType="Inner" /><Parent ItemID="88003" TaskNumber="0" TypeHash="0" Path="" STType="" UIDType="Inner"><Owner ItemID="88003" TaskNumber="0" TypeHash="0" STType="" UIDType="Inner" /></Parent><IsValueFromTheme>false</IsValueFromTheme><IsDynamized>false</IsDynamized><ContiniuosUpdate>false</ContiniuosUpdate></Parameter><Parameter Name="WidthType" ShortName="WidthType" Tag="0" Role="WidthType" Value="1"><ID ItemID="4294967275" TaskNumber="0" TypeHash="5" Path="" STType="HMI.SizeType" UIDType="Inner" /><Parent ItemID="88003" TaskNumber="0" TypeHash="0" Path="" STType="" UIDType="Inner"><Owner ItemID="88003" TaskNumber="0" TypeHash="0" STType="" UIDType="Inner" /></Parent><IsValueFromTheme>false</IsValueFromTheme><IsDynamized>false</IsDynamized><ContiniuosUpdate>false</ContiniuosUpdate></Parameter><Parameter Name="HeightType" ShortName="HeightType" Tag="0" Role="HeightType" Value="1"><ID ItemID="4294967274" TaskNumber="0" TypeHash="5" Path="" STType="HMI.SizeType" UIDType="Inner" /><Parent ItemID="88003" TaskNumber="0" TypeHash="0" Path="" STType="" UIDType="Inner"><Owner ItemID="88003" TaskNumber="0" TypeHash="0" STType="" UIDType="Inner" /></Parent><IsValueFromTheme>false</IsValueFromTheme><IsDynamized>false</IsDynamized><ContiniuosUpdate>false</ContiniuosUpdate></Parameter></Parameters><ObjectId>0</ObjectId><ServerTaskId>-1</ServerTaskId><ServerTaskItemId>0</ServerTaskItemId><HasConnections>false</HasConnections></Element></Elements><ObjectId>0</ObjectId><ServerTaskId>-1</ServerTaskId><ServerTaskItemId>0</ServerTaskItemId><Role>Window</Role><HasConnections>false</HasConnections></Element>