﻿<?xml version="1.0" encoding="utf-8"?><Element xmlns:xsi="http://www.w3.org/2001/XMLSchema-instance" xmlns:xsd="http://www.w3.org/2001/XMLSchema" Name="9369" ShortName="Вертикальный ползунок" Tag="9369"><ID ItemID="9369" TaskNumber="0" TypeHash="0" Path="" STType="" UIDType="Inner"><Owner ItemID="9369" TaskNumber="0" TypeHash="0" STType="" UIDType="Inner" /></ID><UsedSTTypes><string>HMI.ResourceType</string><string>DINT</string><string>LREAL</string><string>HMI.SolidColorType</string><string>HMI.GradientColorType</string><string>HMI.BorderStyleType</string><string>STRING</string><string>BOOL</string><string>HMI.TileType</string><string>HMI.DockType</string><string>HMI.HorizontalAlignType</string><string>HMI.VerticalAlignType</string><string>HMI.MouseCursorKinds</string><string>HMI.OrientationType</string><string>INT</string><string>HMI.SizeType</string><string>HMI.ProportionType</string></UsedSTTypes><Parameters><Parameter Name="Образ" ShortName="9276" Tag="9276" Role="SkinResource" Value=""><ID ItemID="9276" TaskNumber="0" TypeHash="4" Path="" STType="HMI.ResourceType" UIDType="Inner"><Owner ItemID="9369" TaskNumber="0" TypeHash="0" STType="" UIDType="Inner" /></ID><Parent ItemID="9369" TaskNumber="0" TypeHash="0" Path="" STType="" UIDType="Inner"><Owner ItemID="9369" TaskNumber="0" TypeHash="0" STType="" UIDType="Inner" /></Parent><IsValueFromTheme>false</IsValueFromTheme><Connections /><IsDynamized>false</IsDynamized><ContiniuosUpdate>false</ContiniuosUpdate></Parameter><Parameter Name="Порядок Z" ShortName="9277" Tag="9277" Role="Z" Value=""><ID ItemID="9277" TaskNumber="0" TypeHash="6" Path="" STType="DINT" UIDType="Inner"><Owner ItemID="9369" TaskNumber="0" TypeHash="0" STType="" UIDType="Inner" /></ID><Parent ItemID="9369" TaskNumber="0" TypeHash="0" Path="" STType="" UIDType="Inner"><Owner ItemID="9369" TaskNumber="0" TypeHash="0" STType="" UIDType="Inner" /></Parent><IsValueFromTheme>false</IsValueFromTheme><Connections /><IsDynamized>false</IsDynamized><ContiniuosUpdate>false</ContiniuosUpdate></Parameter><Parameter Name="Ширина" ShortName="9248" Tag="9248" Role="Width" Value="15"><ID ItemID="9248" TaskNumber="0" TypeHash="1" Path="" STType="LREAL" UIDType="Inner"><Owner ItemID="9369" TaskNumber="0" TypeHash="0" STType="" UIDType="Inner" /></ID><Parent ItemID="9369" TaskNumber="0" TypeHash="0" Path="" STType="" UIDType="Inner"><Owner ItemID="9369" TaskNumber="0" TypeHash="0" STType="" UIDType="Inner" /></Parent><IsValueFromTheme>false</IsValueFromTheme><Connections /><IsDynamized>false</IsDynamized><ContiniuosUpdate>false</ContiniuosUpdate></Parameter><Parameter Name="Высота" ShortName="9249" Tag="9249" Role="Height" Value="100"><ID ItemID="9249" TaskNumber="0" TypeHash="1" Path="" STType="LREAL" UIDType="Inner"><Owner ItemID="9369" TaskNumber="0" TypeHash="0" STType="" UIDType="Inner" /></ID><Parent ItemID="9369" TaskNumber="0" TypeHash="0" Path="" STType="" UIDType="Inner"><Owner ItemID="9369" TaskNumber="0" TypeHash="0" STType="" UIDType="Inner" /></Parent><IsValueFromTheme>false</IsValueFromTheme><Connections /><IsDynamized>false</IsDynamized><ContiniuosUpdate>false</ContiniuosUpdate></Parameter><Parameter Name="Угол поворота" ShortName="9250" Tag="9250" Role="Angle" Value="0"><ID ItemID="9250" TaskNumber="0" TypeHash="1" Path="" STType="LREAL" UIDType="Inner"><Owner ItemID="9369" TaskNumber="0" TypeHash="0" STType="" UIDType="Inner" /></ID><Parent ItemID="9369" TaskNumber="0" TypeHash="0" Path="" STType="" UIDType="Inner"><Owner ItemID="9369" TaskNumber="0" TypeHash="0" STType="" UIDType="Inner" /></Parent><IsValueFromTheme>false</IsValueFromTheme><Connections /><IsDynamized>false</IsDynamized><ContiniuosUpdate>false</ContiniuosUpdate></Parameter><Parameter Name="Масштаб Y" ShortName="9252" Tag="9252" Role="ScaleY" Value="1"><ID ItemID="9252" TaskNumber="0" TypeHash="1" Path="" STType="LREAL" UIDType="Inner"><Owner ItemID="9369" TaskNumber="0" TypeHash="0" STType="" UIDType="Inner" /></ID><Parent ItemID="9369" TaskNumber="0" TypeHash="0" Path="" STType="" UIDType="Inner"><Owner ItemID="9369" TaskNumber="0" TypeHash="0" STType="" UIDType="Inner" /></Parent><IsValueFromTheme>false</IsValueFromTheme><Connections /><IsDynamized>false</IsDynamized><ContiniuosUpdate>false</ContiniuosUpdate></Parameter><Parameter Name="Масштаб X" ShortName="9251" Tag="9251" Role="ScaleX" Value="1"><ID ItemID="9251" TaskNumber="0" TypeHash="1" Path="" STType="LREAL" UIDType="Inner"><Owner ItemID="9369" TaskNumber="0" TypeHash="0" STType="" UIDType="Inner" /></ID><Parent ItemID="9369" TaskNumber="0" TypeHash="0" Path="" STType="" UIDType="Inner"><Owner ItemID="9369" TaskNumber="0" TypeHash="0" STType="" UIDType="Inner" /></Parent><IsValueFromTheme>false</IsValueFromTheme><Connections /><IsDynamized>false</IsDynamized><ContiniuosUpdate>false</ContiniuosUpdate></Parameter><Parameter Name="Толщина рамки" ShortName="9253" Tag="9253" Role="BorderThickness" Value="1"><ID ItemID="9253" TaskNumber="0" TypeHash="1" Path="" STType="LREAL" UIDType="Inner"><Owner ItemID="9369" TaskNumber="0" TypeHash="0" STType="" UIDType="Inner" /></ID><Parent ItemID="9369" TaskNumber="0" TypeHash="0" Path="" STType="" UIDType="Inner"><Owner ItemID="9369" TaskNumber="0" TypeHash="0" STType="" UIDType="Inner" /></Parent><IsValueFromTheme>false</IsValueFromTheme><Connections /><IsDynamized>false</IsDynamized><ContiniuosUpdate>false</ContiniuosUpdate></Parameter><Parameter Name="Цвет рамки" ShortName="9262" Tag="9262" Role="BorderColor" Value="GRAY"><ID ItemID="9262" TaskNumber="0" TypeHash="4" Path="" STType="HMI.SolidColorType" UIDType="Inner"><Owner ItemID="9369" TaskNumber="0" TypeHash="0" STType="" UIDType="Inner" /></ID><Parent ItemID="9369" TaskNumber="0" TypeHash="0" Path="" STType="" UIDType="Inner"><Owner ItemID="9369" TaskNumber="0" TypeHash="0" STType="" UIDType="Inner" /></Parent><IsValueFromTheme>false</IsValueFromTheme><Connections /><IsDynamized>false</IsDynamized><ContiniuosUpdate>false</ContiniuosUpdate></Parameter><Parameter Name="Заливка фона" ShortName="9263" Tag="9263" Role="BackgroundColor" Value="rgb(245,240,245)"><ID ItemID="9263" TaskNumber="0" TypeHash="4" Path="" STType="HMI.GradientColorType" UIDType="Inner"><Owner ItemID="9369" TaskNumber="0" TypeHash="0" STType="" UIDType="Inner" /></ID><Parent ItemID="9369" TaskNumber="0" TypeHash="0" Path="" STType="" UIDType="Inner"><Owner ItemID="9369" TaskNumber="0" TypeHash="0" STType="" UIDType="Inner" /></Parent><IsValueFromTheme>false</IsValueFromTheme><Connections /><IsDynamized>false</IsDynamized><ContiniuosUpdate>false</ContiniuosUpdate></Parameter><Parameter Name="Прозрачность" ShortName="9254" Tag="9254" Role="Opacity" Value="100"><ID ItemID="9254" TaskNumber="0" TypeHash="1" Path="" STType="LREAL" UIDType="Inner"><Owner ItemID="9369" TaskNumber="0" TypeHash="0" STType="" UIDType="Inner" /></ID><Parent ItemID="9369" TaskNumber="0" TypeHash="0" Path="" STType="" UIDType="Inner"><Owner ItemID="9369" TaskNumber="0" TypeHash="0" STType="" UIDType="Inner" /></Parent><IsValueFromTheme>false</IsValueFromTheme><Connections /><IsDynamized>false</IsDynamized><ContiniuosUpdate>false</ContiniuosUpdate></Parameter><Parameter Name="Стиль рамки" ShortName="9272" Tag="9272" Role="BorderStyle" Value="0"><ID ItemID="9272" TaskNumber="0" TypeHash="5" Path="" STType="HMI.BorderStyleType" UIDType="Inner"><Owner ItemID="9369" TaskNumber="0" TypeHash="0" STType="" UIDType="Inner" /></ID><Parent ItemID="9369" TaskNumber="0" TypeHash="0" Path="" STType="" UIDType="Inner"><Owner ItemID="9369" TaskNumber="0" TypeHash="0" STType="" UIDType="Inner" /></Parent><IsValueFromTheme>false</IsValueFromTheme><Connections /><IsDynamized>false</IsDynamized><ContiniuosUpdate>false</ContiniuosUpdate></Parameter><Parameter Name="Всплывающая подсказка" ShortName="9259" Tag="9259" Role="ToolTip" Value=""><ID ItemID="9259" TaskNumber="0" TypeHash="4" Path="" STType="STRING" UIDType="Inner"><Owner ItemID="9369" TaskNumber="0" TypeHash="0" STType="" UIDType="Inner" /></ID><Parent ItemID="9369" TaskNumber="0" TypeHash="0" Path="" STType="" UIDType="Inner"><Owner ItemID="9369" TaskNumber="0" TypeHash="0" STType="" UIDType="Inner" /></Parent><IsValueFromTheme>false</IsValueFromTheme><Connections /><IsDynamized>false</IsDynamized><ContiniuosUpdate>false</ContiniuosUpdate></Parameter><Parameter Name="Мигание" ShortName="9266" Tag="9266" Role="Flash" Value="False"><ID ItemID="9266" TaskNumber="0" TypeHash="3" Path="" STType="BOOL" UIDType="Inner"><Owner ItemID="9369" TaskNumber="0" TypeHash="0" STType="" UIDType="Inner" /></ID><Parent ItemID="9369" TaskNumber="0" TypeHash="0" Path="" STType="" UIDType="Inner"><Owner ItemID="9369" TaskNumber="0" TypeHash="0" STType="" UIDType="Inner" /></Parent><IsValueFromTheme>false</IsValueFromTheme><Connections /><IsDynamized>false</IsDynamized><ContiniuosUpdate>false</ContiniuosUpdate></Parameter><Parameter Name="Размер тени" ShortName="9261" Tag="9261" Role="ShadowSize" Value="0"><ID ItemID="9261" TaskNumber="0" TypeHash="6" Path="" STType="DINT" UIDType="Inner"><Owner ItemID="9369" TaskNumber="0" TypeHash="0" STType="" UIDType="Inner" /></ID><Parent ItemID="9369" TaskNumber="0" TypeHash="0" Path="" STType="" UIDType="Inner"><Owner ItemID="9369" TaskNumber="0" TypeHash="0" STType="" UIDType="Inner" /></Parent><IsValueFromTheme>false</IsValueFromTheme><Connections /><IsDynamized>false</IsDynamized><ContiniuosUpdate>false</ContiniuosUpdate></Parameter><Parameter Name="Цвет тени" ShortName="9264" Tag="9264" Role="ShadowColor" Value="rgb(240,240,240)"><ID ItemID="9264" TaskNumber="0" TypeHash="4" Path="" STType="HMI.SolidColorType" UIDType="Inner"><Owner ItemID="9369" TaskNumber="0" TypeHash="0" STType="" UIDType="Inner" /></ID><Parent ItemID="9369" TaskNumber="0" TypeHash="0" Path="" STType="" UIDType="Inner"><Owner ItemID="9369" TaskNumber="0" TypeHash="0" STType="" UIDType="Inner" /></Parent><IsValueFromTheme>false</IsValueFromTheme><Connections /><IsDynamized>false</IsDynamized><ContiniuosUpdate>false</ContiniuosUpdate></Parameter><Parameter Name="Изображение фона" ShortName="9265" Tag="9265" Role="Resource" Value=""><ID ItemID="9265" TaskNumber="0" TypeHash="4" Path="" STType="HMI.ResourceType" UIDType="Inner"><Owner ItemID="9369" TaskNumber="0" TypeHash="0" STType="" UIDType="Inner" /></ID><Parent ItemID="9369" TaskNumber="0" TypeHash="0" Path="" STType="" UIDType="Inner"><Owner ItemID="9369" TaskNumber="0" TypeHash="0" STType="" UIDType="Inner" /></Parent><IsValueFromTheme>false</IsValueFromTheme><Connections /><IsDynamized>false</IsDynamized><ContiniuosUpdate>false</ContiniuosUpdate></Parameter><Parameter Name="Замостка фона" ShortName="9267" Tag="9267" Role="BackgroundTile" Value="2"><ID ItemID="9267" TaskNumber="0" TypeHash="5" Path="" STType="HMI.TileType" UIDType="Inner"><Owner ItemID="9369" TaskNumber="0" TypeHash="0" STType="" UIDType="Inner" /></ID><Parent ItemID="9369" TaskNumber="0" TypeHash="0" Path="" STType="" UIDType="Inner"><Owner ItemID="9369" TaskNumber="0" TypeHash="0" STType="" UIDType="Inner" /></Parent><IsValueFromTheme>false</IsValueFromTheme><Connections /><IsDynamized>false</IsDynamized><ContiniuosUpdate>false</ContiniuosUpdate></Parameter><Parameter Name="Видимость" ShortName="9269" Tag="9269" Role="IsVisible" Value="True"><ID ItemID="9269" TaskNumber="0" TypeHash="3" Path="" STType="BOOL" UIDType="Inner"><Owner ItemID="9369" TaskNumber="0" TypeHash="0" STType="" UIDType="Inner" /></ID><Parent ItemID="9369" TaskNumber="0" TypeHash="0" Path="" STType="" UIDType="Inner"><Owner ItemID="9369" TaskNumber="0" TypeHash="0" STType="" UIDType="Inner" /></Parent><IsValueFromTheme>false</IsValueFromTheme><Connections /><IsDynamized>false</IsDynamized><ContiniuosUpdate>false</ContiniuosUpdate></Parameter><Parameter Name="Активность" ShortName="9270" Tag="9270" Role="IsEnabled" Value="True"><ID ItemID="9270" TaskNumber="0" TypeHash="3" Path="" STType="BOOL" UIDType="Inner"><Owner ItemID="9369" TaskNumber="0" TypeHash="0" STType="" UIDType="Inner" /></ID><Parent ItemID="9369" TaskNumber="0" TypeHash="0" Path="" STType="" UIDType="Inner"><Owner ItemID="9369" TaskNumber="0" TypeHash="0" STType="" UIDType="Inner" /></Parent><IsValueFromTheme>false</IsValueFromTheme><Connections /><IsDynamized>false</IsDynamized><ContiniuosUpdate>false</ContiniuosUpdate></Parameter><Parameter Name="Клавиатурный индекс" ShortName="9271" Tag="9271" Role="TabIndex" Value=""><ID ItemID="9271" TaskNumber="0" TypeHash="6" Path="" STType="DINT" UIDType="Inner"><Owner ItemID="9369" TaskNumber="0" TypeHash="0" STType="" UIDType="Inner" /></ID><Parent ItemID="9369" TaskNumber="0" TypeHash="0" Path="" STType="" UIDType="Inner"><Owner ItemID="9369" TaskNumber="0" TypeHash="0" STType="" UIDType="Inner" /></Parent><IsValueFromTheme>false</IsValueFromTheme><Connections /><IsDynamized>false</IsDynamized><ContiniuosUpdate>false</ContiniuosUpdate></Parameter><Parameter Name="Координата X" ShortName="9274" Tag="9274" Role="X" Value="0"><ID ItemID="9274" TaskNumber="0" TypeHash="1" Path="" STType="LREAL" UIDType="Inner"><Owner ItemID="9369" TaskNumber="0" TypeHash="0" STType="" UIDType="Inner" /></ID><Parent ItemID="9369" TaskNumber="0" TypeHash="0" Path="" STType="" UIDType="Inner"><Owner ItemID="9369" TaskNumber="0" TypeHash="0" STType="" UIDType="Inner" /></Parent><IsValueFromTheme>false</IsValueFromTheme><Connections /><IsDynamized>false</IsDynamized><ContiniuosUpdate>false</ContiniuosUpdate></Parameter><Parameter Name="Координата Y" ShortName="9275" Tag="9275" Role="Y" Value="0"><ID ItemID="9275" TaskNumber="0" TypeHash="1" Path="" STType="LREAL" UIDType="Inner"><Owner ItemID="9369" TaskNumber="0" TypeHash="0" STType="" UIDType="Inner" /></ID><Parent ItemID="9369" TaskNumber="0" TypeHash="0" Path="" STType="" UIDType="Inner"><Owner ItemID="9369" TaskNumber="0" TypeHash="0" STType="" UIDType="Inner" /></Parent><IsValueFromTheme>false</IsValueFromTheme><Connections /><IsDynamized>false</IsDynamized><ContiniuosUpdate>false</ContiniuosUpdate></Parameter><Parameter Name="Положение" ShortName="9278" Tag="9278" Role="DockStyle" Value="3"><ID ItemID="9278" TaskNumber="0" TypeHash="5" Path="" STType="HMI.DockType" UIDType="Inner"><Owner ItemID="9369" TaskNumber="0" TypeHash="0" STType="" UIDType="Inner" /></ID><Parent ItemID="9369" TaskNumber="0" TypeHash="0" Path="" STType="" UIDType="Inner"><Owner ItemID="9369" TaskNumber="0" TypeHash="0" STType="" UIDType="Inner" /></Parent><IsValueFromTheme>false</IsValueFromTheme><Connections /><IsDynamized>false</IsDynamized><ContiniuosUpdate>false</ContiniuosUpdate></Parameter><Parameter Name="Горизонтальное выравнивание" ShortName="9279" Tag="9279" Role="HorizontalAlign" Value="1"><ID ItemID="9279" TaskNumber="0" TypeHash="5" Path="" STType="HMI.HorizontalAlignType" UIDType="Inner"><Owner ItemID="9369" TaskNumber="0" TypeHash="0" STType="" UIDType="Inner" /></ID><Parent ItemID="9369" TaskNumber="0" TypeHash="0" Path="" STType="" UIDType="Inner"><Owner ItemID="9369" TaskNumber="0" TypeHash="0" STType="" UIDType="Inner" /></Parent><IsValueFromTheme>false</IsValueFromTheme><Connections /><IsDynamized>false</IsDynamized><ContiniuosUpdate>false</ContiniuosUpdate></Parameter><Parameter Name="Вертикальное выравнивание" ShortName="9280" Tag="9280" Role="VerticalAlign" Value="1"><ID ItemID="9280" TaskNumber="0" TypeHash="5" Path="" STType="HMI.VerticalAlignType" UIDType="Inner"><Owner ItemID="9369" TaskNumber="0" TypeHash="0" STType="" UIDType="Inner" /></ID><Parent ItemID="9369" TaskNumber="0" TypeHash="0" Path="" STType="" UIDType="Inner"><Owner ItemID="9369" TaskNumber="0" TypeHash="0" STType="" UIDType="Inner" /></Parent><IsValueFromTheme>false</IsValueFromTheme><Connections /><IsDynamized>false</IsDynamized><ContiniuosUpdate>false</ContiniuosUpdate></Parameter><Parameter Name="Вид курсора" ShortName="9287" Tag="9287" Role="MouseCursorKind" Value="0"><ID ItemID="9287" TaskNumber="0" TypeHash="5" Path="" STType="HMI.MouseCursorKinds" UIDType="Inner"><Owner ItemID="9369" TaskNumber="0" TypeHash="0" STType="" UIDType="Inner" /></ID><Parent ItemID="9369" TaskNumber="0" TypeHash="0" Path="" STType="" UIDType="Inner"><Owner ItemID="9369" TaskNumber="0" TypeHash="0" STType="" UIDType="Inner" /></Parent><IsValueFromTheme>false</IsValueFromTheme><Connections /><IsDynamized>false</IsDynamized><ContiniuosUpdate>false</ContiniuosUpdate></Parameter><Parameter Name="Ориентация" ShortName="9255" Tag="9255" Role="Orientation" Value="1"><ID ItemID="9255" TaskNumber="0" TypeHash="5" Path="" STType="HMI.OrientationType" UIDType="Inner"><Owner ItemID="9369" TaskNumber="0" TypeHash="0" STType="" UIDType="Inner" /></ID><Parent ItemID="9369" TaskNumber="0" TypeHash="0" Path="" STType="" UIDType="Inner"><Owner ItemID="9369" TaskNumber="0" TypeHash="0" STType="" UIDType="Inner" /></Parent><IsValueFromTheme>false</IsValueFromTheme><Connections /><IsDynamized>false</IsDynamized><ContiniuosUpdate>false</ContiniuosUpdate></Parameter><Parameter Name="Минимум" ShortName="9256" Tag="9256" Role="MinValue" Value="0"><ID ItemID="9256" TaskNumber="0" TypeHash="1" Path="" STType="LREAL" UIDType="Inner"><Owner ItemID="9369" TaskNumber="0" TypeHash="0" STType="" UIDType="Inner" /></ID><Parent ItemID="9369" TaskNumber="0" TypeHash="0" Path="" STType="" UIDType="Inner"><Owner ItemID="9369" TaskNumber="0" TypeHash="0" STType="" UIDType="Inner" /></Parent><IsValueFromTheme>false</IsValueFromTheme><Connections /><IsDynamized>false</IsDynamized><ContiniuosUpdate>false</ContiniuosUpdate></Parameter><Parameter Name="Текущее значение" ShortName="9257" Tag="9257" Role="Value" Value="50"><ID ItemID="9257" TaskNumber="0" TypeHash="1" Path="" STType="LREAL" UIDType="Inner"><Owner ItemID="9369" TaskNumber="0" TypeHash="0" STType="" UIDType="Inner" /></ID><Parent ItemID="9369" TaskNumber="0" TypeHash="0" Path="" STType="" UIDType="Inner"><Owner ItemID="9369" TaskNumber="0" TypeHash="0" STType="" UIDType="Inner" /></Parent><IsValueFromTheme>false</IsValueFromTheme><Connections /><IsDynamized>false</IsDynamized><ContiniuosUpdate>false</ContiniuosUpdate></Parameter><Parameter Name="Максимум" ShortName="9258" Tag="9258" Role="MaxValue" Value="100"><ID ItemID="9258" TaskNumber="0" TypeHash="1" Path="" STType="LREAL" UIDType="Inner"><Owner ItemID="9369" TaskNumber="0" TypeHash="0" STType="" UIDType="Inner" /></ID><Parent ItemID="9369" TaskNumber="0" TypeHash="0" Path="" STType="" UIDType="Inner"><Owner ItemID="9369" TaskNumber="0" TypeHash="0" STType="" UIDType="Inner" /></Parent><IsValueFromTheme>false</IsValueFromTheme><Connections /><IsDynamized>false</IsDynamized><ContiniuosUpdate>false</ContiniuosUpdate></Parameter><Parameter Name="Радиус скругления" ShortName="9260" Tag="9260" Role="CornerRadius" Value="0"><ID ItemID="9260" TaskNumber="0" TypeHash="1" Path="" STType="LREAL" UIDType="Inner"><Owner ItemID="9369" TaskNumber="0" TypeHash="0" STType="" UIDType="Inner" /></ID><Parent ItemID="9369" TaskNumber="0" TypeHash="0" Path="" STType="" UIDType="Inner"><Owner ItemID="9369" TaskNumber="0" TypeHash="0" STType="" UIDType="Inner" /></Parent><IsValueFromTheme>false</IsValueFromTheme><Connections /><IsDynamized>false</IsDynamized><ContiniuosUpdate>false</ContiniuosUpdate></Parameter><Parameter Name="Цвет заливки ползунка" ShortName="9268" Tag="9268" Role="ForeColor" Value="rgb(191,191,191)"><ID ItemID="9268" TaskNumber="0" TypeHash="4" Path="" STType="HMI.SolidColorType" UIDType="Inner"><Owner ItemID="9369" TaskNumber="0" TypeHash="0" STType="" UIDType="Inner" /></ID><Parent ItemID="9369" TaskNumber="0" TypeHash="0" Path="" STType="" UIDType="Inner"><Owner ItemID="9369" TaskNumber="0" TypeHash="0" STType="" UIDType="Inner" /></Parent><IsValueFromTheme>false</IsValueFromTheme><Connections /><IsDynamized>false</IsDynamized><ContiniuosUpdate>false</ContiniuosUpdate></Parameter><Parameter Name="Высота ползунка" ShortName="9273" Tag="9273" Role="SliderSize" Value="20"><ID ItemID="9273" TaskNumber="0" TypeHash="1" Path="" STType="LREAL" UIDType="Inner"><Owner ItemID="9369" TaskNumber="0" TypeHash="0" STType="" UIDType="Inner" /></ID><Parent ItemID="9369" TaskNumber="0" TypeHash="0" Path="" STType="" UIDType="Inner"><Owner ItemID="9369" TaskNumber="0" TypeHash="0" STType="" UIDType="Inner" /></Parent><IsValueFromTheme>false</IsValueFromTheme><Connections /><IsDynamized>false</IsDynamized><ContiniuosUpdate>false</ContiniuosUpdate></Parameter><Parameter Name="Цвет заполнения" ShortName="9281" Tag="9281" Role="FillColor" Value="TRANSPARENT"><ID ItemID="9281" TaskNumber="0" TypeHash="4" Path="" STType="HMI.SolidColorType" UIDType="Inner"><Owner ItemID="9369" TaskNumber="0" TypeHash="0" STType="" UIDType="Inner" /></ID><Parent ItemID="9369" TaskNumber="0" TypeHash="0" Path="" STType="" UIDType="Inner"><Owner ItemID="9369" TaskNumber="0" TypeHash="0" STType="" UIDType="Inner" /></Parent><IsValueFromTheme>false</IsValueFromTheme><Connections /><IsDynamized>false</IsDynamized><ContiniuosUpdate>false</ContiniuosUpdate></Parameter><Parameter Name="Радиус скругления ползунка" ShortName="9282" Tag="9282" Role="ForeBorderRadius" Value="0"><ID ItemID="9282" TaskNumber="0" TypeHash="1" Path="" STType="LREAL" UIDType="Inner"><Owner ItemID="9369" TaskNumber="0" TypeHash="0" STType="" UIDType="Inner" /></ID><Parent ItemID="9369" TaskNumber="0" TypeHash="0" Path="" STType="" UIDType="Inner"><Owner ItemID="9369" TaskNumber="0" TypeHash="0" STType="" UIDType="Inner" /></Parent><IsValueFromTheme>false</IsValueFromTheme><Connections /><IsDynamized>false</IsDynamized><ContiniuosUpdate>false</ContiniuosUpdate></Parameter><Parameter Name="Ползунок вплотную к границе" ShortName="9283" Tag="9283" Role="IsOverflow" Value="True"><ID ItemID="9283" TaskNumber="0" TypeHash="3" Path="" STType="BOOL" UIDType="Inner"><Owner ItemID="9369" TaskNumber="0" TypeHash="0" STType="" UIDType="Inner" /></ID><Parent ItemID="9369" TaskNumber="0" TypeHash="0" Path="" STType="" UIDType="Inner"><Owner ItemID="9369" TaskNumber="0" TypeHash="0" STType="" UIDType="Inner" /></Parent><IsValueFromTheme>false</IsValueFromTheme><Connections /><IsDynamized>false</IsDynamized><ContiniuosUpdate>false</ContiniuosUpdate></Parameter><Parameter Name="Выступ ползунка за границу" ShortName="9284" Tag="9284" Role="OverflowSize" Value="0"><ID ItemID="9284" TaskNumber="0" TypeHash="6" Path="" STType="INT" UIDType="Inner"><Owner ItemID="9369" TaskNumber="0" TypeHash="0" STType="" UIDType="Inner" /></ID><Parent ItemID="9369" TaskNumber="0" TypeHash="0" Path="" STType="" UIDType="Inner"><Owner ItemID="9369" TaskNumber="0" TypeHash="0" STType="" UIDType="Inner" /></Parent><IsValueFromTheme>false</IsValueFromTheme><Connections /><IsDynamized>false</IsDynamized><ContiniuosUpdate>false</ContiniuosUpdate></Parameter><Parameter Name="Толщина рамки ползунка" ShortName="9285" Tag="9285" Role="ForeBorderWidth" Value="0"><ID ItemID="9285" TaskNumber="0" TypeHash="1" Path="" STType="LREAL" UIDType="Inner"><Owner ItemID="9369" TaskNumber="0" TypeHash="0" STType="" UIDType="Inner" /></ID><Parent ItemID="9369" TaskNumber="0" TypeHash="0" Path="" STType="" UIDType="Inner"><Owner ItemID="9369" TaskNumber="0" TypeHash="0" STType="" UIDType="Inner" /></Parent><IsValueFromTheme>false</IsValueFromTheme><Connections /><IsDynamized>false</IsDynamized><ContiniuosUpdate>false</ContiniuosUpdate></Parameter><Parameter Name="Цвет рамки ползунка" ShortName="9286" Tag="9286" Role="ForeBorderFill" Value="TRANSPARENT"><ID ItemID="9286" TaskNumber="0" TypeHash="4" Path="" STType="HMI.SolidColorType" UIDType="Inner"><Owner ItemID="9369" TaskNumber="0" TypeHash="0" STType="" UIDType="Inner" /></ID><Parent ItemID="9369" TaskNumber="0" TypeHash="0" Path="" STType="" UIDType="Inner"><Owner ItemID="9369" TaskNumber="0" TypeHash="0" STType="" UIDType="Inner" /></Parent><IsValueFromTheme>false</IsValueFromTheme><Connections /><IsDynamized>false</IsDynamized><ContiniuosUpdate>false</ContiniuosUpdate></Parameter><Parameter Name="XType" ShortName="XType" Tag="0" Role="XType" Value="1"><ID ItemID="4294967285" TaskNumber="0" TypeHash="5" Path="" STType="HMI.SizeType" UIDType="Inner" /><IsValueFromTheme>false</IsValueFromTheme><IsDynamized>false</IsDynamized><ContiniuosUpdate>false</ContiniuosUpdate></Parameter><Parameter Name="YType" ShortName="YType" Tag="0" Role="YType" Value="1"><ID ItemID="4294967284" TaskNumber="0" TypeHash="5" Path="" STType="HMI.SizeType" UIDType="Inner" /><IsValueFromTheme>false</IsValueFromTheme><IsDynamized>false</IsDynamized><ContiniuosUpdate>false</ContiniuosUpdate></Parameter><Parameter Name="ProportionType" ShortName="ProportionType" Tag="0" Role="ProportionType" Value="4"><ID ItemID="4294967283" TaskNumber="0" TypeHash="5" Path="" STType="HMI.ProportionType" UIDType="Inner" /><IsValueFromTheme>false</IsValueFromTheme><IsDynamized>false</IsDynamized><ContiniuosUpdate>false</ContiniuosUpdate></Parameter><Parameter Name="WidthType" ShortName="WidthType" Tag="0" Role="WidthType" Value="1"><ID ItemID="4294967282" TaskNumber="0" TypeHash="5" Path="" STType="HMI.SizeType" UIDType="Inner" /><IsValueFromTheme>false</IsValueFromTheme><IsDynamized>false</IsDynamized><ContiniuosUpdate>false</ContiniuosUpdate></Parameter><Parameter Name="HeightType" ShortName="HeightType" Tag="0" Role="HeightType" Value="1"><ID ItemID="4294967281" TaskNumber="0" TypeHash="5" Path="" STType="HMI.SizeType" UIDType="Inner" /><IsValueFromTheme>false</IsValueFromTheme><IsDynamized>false</IsDynamized><ContiniuosUpdate>false</ContiniuosUpdate></Parameter></Parameters><Events><Event Name="9339" ShortName="9339" Tag="9339" Role="Focus"><ID ItemID="9369" TaskNumber="0" TypeHash="0" Path="Focus" STType="" UIDType="Inner"><Owner ItemID="9369" TaskNumber="0" TypeHash="0" STType="" UIDType="Inner" /></ID><Parent ItemID="9369" TaskNumber="0" TypeHash="0" Path="" STType="" UIDType="Inner"><Owner ItemID="9369" TaskNumber="0" TypeHash="0" STType="" UIDType="Inner" /></Parent><Actions /></Event><Event Name="9340" ShortName="9340" Tag="9340" Role="LostFocus"><ID ItemID="9369" TaskNumber="0" TypeHash="0" Path="LostFocus" STType="" UIDType="Inner"><Owner ItemID="9369" TaskNumber="0" TypeHash="0" STType="" UIDType="Inner" /></ID><Parent ItemID="9369" TaskNumber="0" TypeHash="0" Path="" STType="" UIDType="Inner"><Owner ItemID="9369" TaskNumber="0" TypeHash="0" STType="" UIDType="Inner" /></Parent><Actions /></Event></Events><ObjectId>0</ObjectId><ServerTaskId>-1</ServerTaskId><ServerTaskItemId>0</ServerTaskItemId><Role>Slider</Role><HasConnections>false</HasConnections></Element>