﻿<?xml version="1.0" encoding="utf-8"?><Element xmlns:xsi="http://www.w3.org/2001/XMLSchema-instance" xmlns:xsd="http://www.w3.org/2001/XMLSchema" Name="6478" ShortName="Тренд" Tag="6478"><ID ItemID="6478" TaskNumber="0" TypeHash="0" Path="" STType="" UIDType="Inner"><Owner ItemID="6478" TaskNumber="0" TypeHash="0" STType="" UIDType="Inner" /></ID><UsedSTTypes><string>HMI.ResourceType</string><string>DINT</string><string>LREAL</string><string>HMI.SolidColorType</string><string>HMI.GradientColorType</string><string>HMI.BorderStyleType</string><string>STRING</string><string>BOOL</string><string>HMI.TileType</string><string>HMI.DockType</string><string>HMI.HorizontalAlignType</string><string>HMI.VerticalAlignType</string><string>HMI.MouseCursorKinds</string><string>TIME</string><string>INT</string><string>HMI.TrendPens</string><string>DATE_AND_TIME</string><string>HMI.LineJoin</string><string>HMI.SaveStateType</string><string>HMI.SizeType</string><string>HMI.ProportionType</string></UsedSTTypes><Parameters><Parameter Name="Образ" ShortName="6348" Tag="6348" Role="SkinResource" Value=""><ID ItemID="6348" TaskNumber="0" TypeHash="4" Path="" STType="HMI.ResourceType" UIDType="Inner"><Owner ItemID="6478" TaskNumber="0" TypeHash="0" STType="" UIDType="Inner" /></ID><Parent ItemID="6478" TaskNumber="0" TypeHash="0" Path="" STType="" UIDType="Inner"><Owner ItemID="6478" TaskNumber="0" TypeHash="0" STType="" UIDType="Inner" /></Parent><IsValueFromTheme>false</IsValueFromTheme><Connections /><IsDynamized>false</IsDynamized><ContiniuosUpdate>false</ContiniuosUpdate></Parameter><Parameter Name="Порядок Z" ShortName="6357" Tag="6357" Role="Z" Value=""><ID ItemID="6357" TaskNumber="0" TypeHash="6" Path="" STType="DINT" UIDType="Inner"><Owner ItemID="6478" TaskNumber="0" TypeHash="0" STType="" UIDType="Inner" /></ID><Parent ItemID="6478" TaskNumber="0" TypeHash="0" Path="" STType="" UIDType="Inner"><Owner ItemID="6478" TaskNumber="0" TypeHash="0" STType="" UIDType="Inner" /></Parent><IsValueFromTheme>false</IsValueFromTheme><Connections /><IsDynamized>false</IsDynamized><ContiniuosUpdate>false</ContiniuosUpdate></Parameter><Parameter Name="Ширина" ShortName="6293" Tag="6293" Role="Width" Value="400"><ID ItemID="6293" TaskNumber="0" TypeHash="1" Path="" STType="LREAL" UIDType="Inner"><Owner ItemID="6478" TaskNumber="0" TypeHash="0" STType="" UIDType="Inner" /></ID><Parent ItemID="6478" TaskNumber="0" TypeHash="0" Path="" STType="" UIDType="Inner"><Owner ItemID="6478" TaskNumber="0" TypeHash="0" STType="" UIDType="Inner" /></Parent><IsValueFromTheme>false</IsValueFromTheme><Connections /><IsDynamized>false</IsDynamized><ContiniuosUpdate>false</ContiniuosUpdate></Parameter><Parameter Name="Высота" ShortName="6294" Tag="6294" Role="Height" Value="300"><ID ItemID="6294" TaskNumber="0" TypeHash="1" Path="" STType="LREAL" UIDType="Inner"><Owner ItemID="6478" TaskNumber="0" TypeHash="0" STType="" UIDType="Inner" /></ID><Parent ItemID="6478" TaskNumber="0" TypeHash="0" Path="" STType="" UIDType="Inner"><Owner ItemID="6478" TaskNumber="0" TypeHash="0" STType="" UIDType="Inner" /></Parent><IsValueFromTheme>false</IsValueFromTheme><Connections /><IsDynamized>false</IsDynamized><ContiniuosUpdate>false</ContiniuosUpdate></Parameter><Parameter Name="Угол поворота" ShortName="6295" Tag="6295" Role="Angle" Value="0"><ID ItemID="6295" TaskNumber="0" TypeHash="1" Path="" STType="LREAL" UIDType="Inner"><Owner ItemID="6478" TaskNumber="0" TypeHash="0" STType="" UIDType="Inner" /></ID><Parent ItemID="6478" TaskNumber="0" TypeHash="0" Path="" STType="" UIDType="Inner"><Owner ItemID="6478" TaskNumber="0" TypeHash="0" STType="" UIDType="Inner" /></Parent><IsValueFromTheme>false</IsValueFromTheme><Connections /><IsDynamized>false</IsDynamized><ContiniuosUpdate>false</ContiniuosUpdate></Parameter><Parameter Name="Масштаб X" ShortName="6296" Tag="6296" Role="ScaleX" Value="1"><ID ItemID="6296" TaskNumber="0" TypeHash="1" Path="" STType="LREAL" UIDType="Inner"><Owner ItemID="6478" TaskNumber="0" TypeHash="0" STType="" UIDType="Inner" /></ID><Parent ItemID="6478" TaskNumber="0" TypeHash="0" Path="" STType="" UIDType="Inner"><Owner ItemID="6478" TaskNumber="0" TypeHash="0" STType="" UIDType="Inner" /></Parent><IsValueFromTheme>false</IsValueFromTheme><Connections /><IsDynamized>false</IsDynamized><ContiniuosUpdate>false</ContiniuosUpdate></Parameter><Parameter Name="Масштаб Y" ShortName="6297" Tag="6297" Role="ScaleY" Value="1"><ID ItemID="6297" TaskNumber="0" TypeHash="1" Path="" STType="LREAL" UIDType="Inner"><Owner ItemID="6478" TaskNumber="0" TypeHash="0" STType="" UIDType="Inner" /></ID><Parent ItemID="6478" TaskNumber="0" TypeHash="0" Path="" STType="" UIDType="Inner"><Owner ItemID="6478" TaskNumber="0" TypeHash="0" STType="" UIDType="Inner" /></Parent><IsValueFromTheme>false</IsValueFromTheme><Connections /><IsDynamized>false</IsDynamized><ContiniuosUpdate>false</ContiniuosUpdate></Parameter><Parameter Name="Толщина рамки" ShortName="6298" Tag="6298" Role="BorderThickness" Value="0"><ID ItemID="6298" TaskNumber="0" TypeHash="1" Path="" STType="LREAL" UIDType="Inner"><Owner ItemID="6478" TaskNumber="0" TypeHash="0" STType="" UIDType="Inner" /></ID><Parent ItemID="6478" TaskNumber="0" TypeHash="0" Path="" STType="" UIDType="Inner"><Owner ItemID="6478" TaskNumber="0" TypeHash="0" STType="" UIDType="Inner" /></Parent><IsValueFromTheme>false</IsValueFromTheme><Connections /><IsDynamized>false</IsDynamized><ContiniuosUpdate>false</ContiniuosUpdate></Parameter><Parameter Name="Цвет рамки" ShortName="6299" Tag="6299" Role="BorderColor" Value="GRAY"><ID ItemID="6299" TaskNumber="0" TypeHash="4" Path="" STType="HMI.SolidColorType" UIDType="Inner"><Owner ItemID="6478" TaskNumber="0" TypeHash="0" STType="" UIDType="Inner" /></ID><Parent ItemID="6478" TaskNumber="0" TypeHash="0" Path="" STType="" UIDType="Inner"><Owner ItemID="6478" TaskNumber="0" TypeHash="0" STType="" UIDType="Inner" /></Parent><IsValueFromTheme>false</IsValueFromTheme><Connections /><IsDynamized>false</IsDynamized><ContiniuosUpdate>false</ContiniuosUpdate></Parameter><Parameter Name="Заливка фона" ShortName="6300" Tag="6300" Role="BackgroundColor" Value="rgb(245,240,245)"><ID ItemID="6300" TaskNumber="0" TypeHash="4" Path="" STType="HMI.GradientColorType" UIDType="Inner"><Owner ItemID="6478" TaskNumber="0" TypeHash="0" STType="" UIDType="Inner" /></ID><Parent ItemID="6478" TaskNumber="0" TypeHash="0" Path="" STType="" UIDType="Inner"><Owner ItemID="6478" TaskNumber="0" TypeHash="0" STType="" UIDType="Inner" /></Parent><IsValueFromTheme>false</IsValueFromTheme><Connections /><IsDynamized>false</IsDynamized><ContiniuosUpdate>false</ContiniuosUpdate></Parameter><Parameter Name="Прозрачность" ShortName="6301" Tag="6301" Role="Opacity" Value="100"><ID ItemID="6301" TaskNumber="0" TypeHash="1" Path="" STType="LREAL" UIDType="Inner"><Owner ItemID="6478" TaskNumber="0" TypeHash="0" STType="" UIDType="Inner" /></ID><Parent ItemID="6478" TaskNumber="0" TypeHash="0" Path="" STType="" UIDType="Inner"><Owner ItemID="6478" TaskNumber="0" TypeHash="0" STType="" UIDType="Inner" /></Parent><IsValueFromTheme>false</IsValueFromTheme><Connections /><IsDynamized>false</IsDynamized><ContiniuosUpdate>false</ContiniuosUpdate></Parameter><Parameter Name="Стиль рамки" ShortName="6336" Tag="6336" Role="BorderStyle" Value="0"><ID ItemID="6336" TaskNumber="0" TypeHash="5" Path="" STType="HMI.BorderStyleType" UIDType="Inner"><Owner ItemID="6478" TaskNumber="0" TypeHash="0" STType="" UIDType="Inner" /></ID><Parent ItemID="6478" TaskNumber="0" TypeHash="0" Path="" STType="" UIDType="Inner"><Owner ItemID="6478" TaskNumber="0" TypeHash="0" STType="" UIDType="Inner" /></Parent><IsValueFromTheme>false</IsValueFromTheme><Connections /><IsDynamized>false</IsDynamized><ContiniuosUpdate>false</ContiniuosUpdate></Parameter><Parameter Name="Всплывающая подсказка" ShortName="6302" Tag="6302" Role="ToolTip" Value=""><ID ItemID="6302" TaskNumber="0" TypeHash="4" Path="" STType="STRING" UIDType="Inner"><Owner ItemID="6478" TaskNumber="0" TypeHash="0" STType="" UIDType="Inner" /></ID><Parent ItemID="6478" TaskNumber="0" TypeHash="0" Path="" STType="" UIDType="Inner"><Owner ItemID="6478" TaskNumber="0" TypeHash="0" STType="" UIDType="Inner" /></Parent><IsValueFromTheme>false</IsValueFromTheme><Connections /><IsDynamized>false</IsDynamized><ContiniuosUpdate>false</ContiniuosUpdate></Parameter><Parameter Name="Мигание" ShortName="6303" Tag="6303" Role="Flash" Value="False"><ID ItemID="6303" TaskNumber="0" TypeHash="3" Path="" STType="BOOL" UIDType="Inner"><Owner ItemID="6478" TaskNumber="0" TypeHash="0" STType="" UIDType="Inner" /></ID><Parent ItemID="6478" TaskNumber="0" TypeHash="0" Path="" STType="" UIDType="Inner"><Owner ItemID="6478" TaskNumber="0" TypeHash="0" STType="" UIDType="Inner" /></Parent><IsValueFromTheme>false</IsValueFromTheme><Connections /><IsDynamized>false</IsDynamized><ContiniuosUpdate>false</ContiniuosUpdate></Parameter><Parameter Name="Размер тени" ShortName="6304" Tag="6304" Role="ShadowSize" Value="0"><ID ItemID="6304" TaskNumber="0" TypeHash="6" Path="" STType="DINT" UIDType="Inner"><Owner ItemID="6478" TaskNumber="0" TypeHash="0" STType="" UIDType="Inner" /></ID><Parent ItemID="6478" TaskNumber="0" TypeHash="0" Path="" STType="" UIDType="Inner"><Owner ItemID="6478" TaskNumber="0" TypeHash="0" STType="" UIDType="Inner" /></Parent><IsValueFromTheme>false</IsValueFromTheme><Connections /><IsDynamized>false</IsDynamized><ContiniuosUpdate>false</ContiniuosUpdate></Parameter><Parameter Name="Цвет тени" ShortName="6305" Tag="6305" Role="ShadowColor" Value="rgb(240,240,240)"><ID ItemID="6305" TaskNumber="0" TypeHash="4" Path="" STType="HMI.SolidColorType" UIDType="Inner"><Owner ItemID="6478" TaskNumber="0" TypeHash="0" STType="" UIDType="Inner" /></ID><Parent ItemID="6478" TaskNumber="0" TypeHash="0" Path="" STType="" UIDType="Inner"><Owner ItemID="6478" TaskNumber="0" TypeHash="0" STType="" UIDType="Inner" /></Parent><IsValueFromTheme>false</IsValueFromTheme><Connections /><IsDynamized>false</IsDynamized><ContiniuosUpdate>false</ContiniuosUpdate></Parameter><Parameter Name="Изображение фона" ShortName="6306" Tag="6306" Role="Resource" Value=""><ID ItemID="6306" TaskNumber="0" TypeHash="4" Path="" STType="HMI.ResourceType" UIDType="Inner"><Owner ItemID="6478" TaskNumber="0" TypeHash="0" STType="" UIDType="Inner" /></ID><Parent ItemID="6478" TaskNumber="0" TypeHash="0" Path="" STType="" UIDType="Inner"><Owner ItemID="6478" TaskNumber="0" TypeHash="0" STType="" UIDType="Inner" /></Parent><IsValueFromTheme>false</IsValueFromTheme><Connections /><IsDynamized>false</IsDynamized><ContiniuosUpdate>false</ContiniuosUpdate></Parameter><Parameter Name="Замостка фона" ShortName="6307" Tag="6307" Role="BackgroundTile" Value="2"><ID ItemID="6307" TaskNumber="0" TypeHash="5" Path="" STType="HMI.TileType" UIDType="Inner"><Owner ItemID="6478" TaskNumber="0" TypeHash="0" STType="" UIDType="Inner" /></ID><Parent ItemID="6478" TaskNumber="0" TypeHash="0" Path="" STType="" UIDType="Inner"><Owner ItemID="6478" TaskNumber="0" TypeHash="0" STType="" UIDType="Inner" /></Parent><IsValueFromTheme>false</IsValueFromTheme><Connections /><IsDynamized>false</IsDynamized><ContiniuosUpdate>false</ContiniuosUpdate></Parameter><Parameter Name="Видимость" ShortName="6320" Tag="6320" Role="IsVisible" Value="True"><ID ItemID="6320" TaskNumber="0" TypeHash="3" Path="" STType="BOOL" UIDType="Inner"><Owner ItemID="6478" TaskNumber="0" TypeHash="0" STType="" UIDType="Inner" /></ID><Parent ItemID="6478" TaskNumber="0" TypeHash="0" Path="" STType="" UIDType="Inner"><Owner ItemID="6478" TaskNumber="0" TypeHash="0" STType="" UIDType="Inner" /></Parent><IsValueFromTheme>false</IsValueFromTheme><Connections /><IsDynamized>false</IsDynamized><ContiniuosUpdate>false</ContiniuosUpdate></Parameter><Parameter Name="Активность" ShortName="6321" Tag="6321" Role="IsEnabled" Value="True"><ID ItemID="6321" TaskNumber="0" TypeHash="3" Path="" STType="BOOL" UIDType="Inner"><Owner ItemID="6478" TaskNumber="0" TypeHash="0" STType="" UIDType="Inner" /></ID><Parent ItemID="6478" TaskNumber="0" TypeHash="0" Path="" STType="" UIDType="Inner"><Owner ItemID="6478" TaskNumber="0" TypeHash="0" STType="" UIDType="Inner" /></Parent><IsValueFromTheme>false</IsValueFromTheme><Connections /><IsDynamized>false</IsDynamized><ContiniuosUpdate>false</ContiniuosUpdate></Parameter><Parameter Name="Клавиатурный индекс" ShortName="6322" Tag="6322" Role="TabIndex" Value=""><ID ItemID="6322" TaskNumber="0" TypeHash="6" Path="" STType="DINT" UIDType="Inner"><Owner ItemID="6478" TaskNumber="0" TypeHash="0" STType="" UIDType="Inner" /></ID><Parent ItemID="6478" TaskNumber="0" TypeHash="0" Path="" STType="" UIDType="Inner"><Owner ItemID="6478" TaskNumber="0" TypeHash="0" STType="" UIDType="Inner" /></Parent><IsValueFromTheme>false</IsValueFromTheme><Connections /><IsDynamized>false</IsDynamized><ContiniuosUpdate>false</ContiniuosUpdate></Parameter><Parameter Name="Координата X" ShortName="6339" Tag="6339" Role="X" Value="0"><ID ItemID="6339" TaskNumber="0" TypeHash="1" Path="" STType="LREAL" UIDType="Inner"><Owner ItemID="6478" TaskNumber="0" TypeHash="0" STType="" UIDType="Inner" /></ID><Parent ItemID="6478" TaskNumber="0" TypeHash="0" Path="" STType="" UIDType="Inner"><Owner ItemID="6478" TaskNumber="0" TypeHash="0" STType="" UIDType="Inner" /></Parent><IsValueFromTheme>false</IsValueFromTheme><Connections /><IsDynamized>false</IsDynamized><ContiniuosUpdate>false</ContiniuosUpdate></Parameter><Parameter Name="Координата Y" ShortName="6340" Tag="6340" Role="Y" Value="0"><ID ItemID="6340" TaskNumber="0" TypeHash="1" Path="" STType="LREAL" UIDType="Inner"><Owner ItemID="6478" TaskNumber="0" TypeHash="0" STType="" UIDType="Inner" /></ID><Parent ItemID="6478" TaskNumber="0" TypeHash="0" Path="" STType="" UIDType="Inner"><Owner ItemID="6478" TaskNumber="0" TypeHash="0" STType="" UIDType="Inner" /></Parent><IsValueFromTheme>false</IsValueFromTheme><Connections /><IsDynamized>false</IsDynamized><ContiniuosUpdate>false</ContiniuosUpdate></Parameter><Parameter Name="Положение" ShortName="6358" Tag="6358" Role="DockStyle" Value="3"><ID ItemID="6358" TaskNumber="0" TypeHash="5" Path="" STType="HMI.DockType" UIDType="Inner"><Owner ItemID="6478" TaskNumber="0" TypeHash="0" STType="" UIDType="Inner" /></ID><Parent ItemID="6478" TaskNumber="0" TypeHash="0" Path="" STType="" UIDType="Inner"><Owner ItemID="6478" TaskNumber="0" TypeHash="0" STType="" UIDType="Inner" /></Parent><IsValueFromTheme>false</IsValueFromTheme><Connections /><IsDynamized>false</IsDynamized><ContiniuosUpdate>false</ContiniuosUpdate></Parameter><Parameter Name="Горизонтальное выравнивание" ShortName="6359" Tag="6359" Role="HorizontalAlign" Value="1"><ID ItemID="6359" TaskNumber="0" TypeHash="5" Path="" STType="HMI.HorizontalAlignType" UIDType="Inner"><Owner ItemID="6478" TaskNumber="0" TypeHash="0" STType="" UIDType="Inner" /></ID><Parent ItemID="6478" TaskNumber="0" TypeHash="0" Path="" STType="" UIDType="Inner"><Owner ItemID="6478" TaskNumber="0" TypeHash="0" STType="" UIDType="Inner" /></Parent><IsValueFromTheme>false</IsValueFromTheme><Connections /><IsDynamized>false</IsDynamized><ContiniuosUpdate>false</ContiniuosUpdate></Parameter><Parameter Name="Вертикальное выравнивание" ShortName="6360" Tag="6360" Role="VerticalAlign" Value="1"><ID ItemID="6360" TaskNumber="0" TypeHash="5" Path="" STType="HMI.VerticalAlignType" UIDType="Inner"><Owner ItemID="6478" TaskNumber="0" TypeHash="0" STType="" UIDType="Inner" /></ID><Parent ItemID="6478" TaskNumber="0" TypeHash="0" Path="" STType="" UIDType="Inner"><Owner ItemID="6478" TaskNumber="0" TypeHash="0" STType="" UIDType="Inner" /></Parent><IsValueFromTheme>false</IsValueFromTheme><Connections /><IsDynamized>false</IsDynamized><ContiniuosUpdate>false</ContiniuosUpdate></Parameter><Parameter Name="Вид курсора" ShortName="6368" Tag="6368" Role="MouseCursorKind" Value="0"><ID ItemID="6368" TaskNumber="0" TypeHash="5" Path="" STType="HMI.MouseCursorKinds" UIDType="Inner"><Owner ItemID="6478" TaskNumber="0" TypeHash="0" STType="" UIDType="Inner" /></ID><Parent ItemID="6478" TaskNumber="0" TypeHash="0" Path="" STType="" UIDType="Inner"><Owner ItemID="6478" TaskNumber="0" TypeHash="0" STType="" UIDType="Inner" /></Parent><IsValueFromTheme>false</IsValueFromTheme><Connections /><IsDynamized>false</IsDynamized><ContiniuosUpdate>false</ContiniuosUpdate></Parameter><Parameter Name="Радиус скругления" ShortName="6308" Tag="6308" Role="CornerRadius" Value="0"><ID ItemID="6308" TaskNumber="0" TypeHash="1" Path="" STType="LREAL" UIDType="Inner"><Owner ItemID="6478" TaskNumber="0" TypeHash="0" STType="" UIDType="Inner" /></ID><Parent ItemID="6478" TaskNumber="0" TypeHash="0" Path="" STType="" UIDType="Inner"><Owner ItemID="6478" TaskNumber="0" TypeHash="0" STType="" UIDType="Inner" /></Parent><IsValueFromTheme>false</IsValueFromTheme><Connections /><IsDynamized>false</IsDynamized><ContiniuosUpdate>false</ContiniuosUpdate></Parameter><Parameter Name="Интервал" ShortName="6309" Tag="6309" Role="Interval" Value="60000"><ID ItemID="6309" TaskNumber="0" TypeHash="7" Path="" STType="TIME" UIDType="Inner"><Owner ItemID="6478" TaskNumber="0" TypeHash="0" STType="" UIDType="Inner" /></ID><Parent ItemID="6478" TaskNumber="0" TypeHash="0" Path="" STType="" UIDType="Inner"><Owner ItemID="6478" TaskNumber="0" TypeHash="0" STType="" UIDType="Inner" /></Parent><IsValueFromTheme>false</IsValueFromTheme><Connections /><IsDynamized>false</IsDynamized><ContiniuosUpdate>false</ContiniuosUpdate></Parameter><Parameter Name="Титул" ShortName="6310" Tag="6310" Role="Title" Value=""><ID ItemID="6310" TaskNumber="0" TypeHash="4" Path="" STType="STRING" UIDType="Inner"><Owner ItemID="6478" TaskNumber="0" TypeHash="0" STType="" UIDType="Inner" /></ID><Parent ItemID="6478" TaskNumber="0" TypeHash="0" Path="" STType="" UIDType="Inner"><Owner ItemID="6478" TaskNumber="0" TypeHash="0" STType="" UIDType="Inner" /></Parent><IsValueFromTheme>false</IsValueFromTheme><Connections /><IsDynamized>false</IsDynamized><ContiniuosUpdate>false</ContiniuosUpdate></Parameter><Parameter Name="Отображать легенду" ShortName="6312" Tag="6312" Role="ShowLegend" Value="True"><ID ItemID="6312" TaskNumber="0" TypeHash="3" Path="" STType="BOOL" UIDType="Inner"><Owner ItemID="6478" TaskNumber="0" TypeHash="0" STType="" UIDType="Inner" /></ID><Parent ItemID="6478" TaskNumber="0" TypeHash="0" Path="" STType="" UIDType="Inner"><Owner ItemID="6478" TaskNumber="0" TypeHash="0" STType="" UIDType="Inner" /></Parent><IsValueFromTheme>false</IsValueFromTheme><Connections /><IsDynamized>false</IsDynamized><ContiniuosUpdate>false</ContiniuosUpdate></Parameter><Parameter Name="Автопрокрутка" ShortName="6314" Tag="6314" Role="Autoscroll" Value="True"><ID ItemID="6314" TaskNumber="0" TypeHash="3" Path="" STType="BOOL" UIDType="Inner"><Owner ItemID="6478" TaskNumber="0" TypeHash="0" STType="" UIDType="Inner" /></ID><Parent ItemID="6478" TaskNumber="0" TypeHash="0" Path="" STType="" UIDType="Inner"><Owner ItemID="6478" TaskNumber="0" TypeHash="0" STType="" UIDType="Inner" /></Parent><IsValueFromTheme>false</IsValueFromTheme><Connections /><IsDynamized>false</IsDynamized><ContiniuosUpdate>false</ContiniuosUpdate></Parameter><Parameter Name="Период обновления данных" ShortName="6315" Tag="6315" Role="UpdateTime" Value="100"><ID ItemID="6315" TaskNumber="0" TypeHash="6" Path="" STType="INT" UIDType="Inner"><Owner ItemID="6478" TaskNumber="0" TypeHash="0" STType="" UIDType="Inner" /></ID><Parent ItemID="6478" TaskNumber="0" TypeHash="0" Path="" STType="" UIDType="Inner"><Owner ItemID="6478" TaskNumber="0" TypeHash="0" STType="" UIDType="Inner" /></Parent><IsValueFromTheme>false</IsValueFromTheme><Connections /><IsDynamized>false</IsDynamized><ContiniuosUpdate>false</ContiniuosUpdate></Parameter><Parameter Name="Минимальный вид" ShortName="6316" Tag="6316" Role="LowResolutionMode" Value="False"><ID ItemID="6316" TaskNumber="0" TypeHash="3" Path="" STType="BOOL" UIDType="Inner"><Owner ItemID="6478" TaskNumber="0" TypeHash="0" STType="" UIDType="Inner" /></ID><Parent ItemID="6478" TaskNumber="0" TypeHash="0" Path="" STType="" UIDType="Inner"><Owner ItemID="6478" TaskNumber="0" TypeHash="0" STType="" UIDType="Inner" /></Parent><IsValueFromTheme>false</IsValueFromTheme><Connections /><IsDynamized>false</IsDynamized><ContiniuosUpdate>false</ContiniuosUpdate></Parameter><Parameter Name="Заливка графика" ShortName="6317" Tag="6317" Role="ChartBackground" Value="WHITE"><ID ItemID="6317" TaskNumber="0" TypeHash="4" Path="" STType="HMI.SolidColorType" UIDType="Inner"><Owner ItemID="6478" TaskNumber="0" TypeHash="0" STType="" UIDType="Inner" /></ID><Parent ItemID="6478" TaskNumber="0" TypeHash="0" Path="" STType="" UIDType="Inner"><Owner ItemID="6478" TaskNumber="0" TypeHash="0" STType="" UIDType="Inner" /></Parent><IsValueFromTheme>false</IsValueFromTheme><Connections /><IsDynamized>false</IsDynamized><ContiniuosUpdate>false</ContiniuosUpdate></Parameter><Parameter Name="Цвет текста" ShortName="6318" Tag="6318" Role="TextColor" Value="BLACK"><ID ItemID="6318" TaskNumber="0" TypeHash="4" Path="" STType="HMI.SolidColorType" UIDType="Inner"><Owner ItemID="6478" TaskNumber="0" TypeHash="0" STType="" UIDType="Inner" /></ID><Parent ItemID="6478" TaskNumber="0" TypeHash="0" Path="" STType="" UIDType="Inner"><Owner ItemID="6478" TaskNumber="0" TypeHash="0" STType="" UIDType="Inner" /></Parent><IsValueFromTheme>false</IsValueFromTheme><Connections /><IsDynamized>false</IsDynamized><ContiniuosUpdate>false</ContiniuosUpdate></Parameter><Parameter Name="Подпись X" ShortName="6311" Tag="6311" Role="XAxisLabel" Value=""><ID ItemID="6311" TaskNumber="0" TypeHash="4" Path="" STType="STRING" UIDType="Inner"><Owner ItemID="6478" TaskNumber="0" TypeHash="0" STType="" UIDType="Inner" /></ID><Parent ItemID="6478" TaskNumber="0" TypeHash="0" Path="" STType="" UIDType="Inner"><Owner ItemID="6478" TaskNumber="0" TypeHash="0" STType="" UIDType="Inner" /></Parent><IsValueFromTheme>false</IsValueFromTheme><Connections /><IsDynamized>false</IsDynamized><ContiniuosUpdate>false</ContiniuosUpdate></Parameter><Parameter Name="Формат значений X" ShortName="6313" Tag="6313" Role="XFormat" Value="dd.MM.yyyy HH:mm:ss"><ID ItemID="6313" TaskNumber="0" TypeHash="4" Path="" STType="STRING" UIDType="Inner"><Owner ItemID="6478" TaskNumber="0" TypeHash="0" STType="" UIDType="Inner" /></ID><Parent ItemID="6478" TaskNumber="0" TypeHash="0" Path="" STType="" UIDType="Inner"><Owner ItemID="6478" TaskNumber="0" TypeHash="0" STType="" UIDType="Inner" /></Parent><IsValueFromTheme>false</IsValueFromTheme><Connections /><IsDynamized>false</IsDynamized><ContiniuosUpdate>false</ContiniuosUpdate></Parameter><Parameter Name="Кол-во делений X" ShortName="6319" Tag="6319" Role="TickCountX" Value="5"><ID ItemID="6319" TaskNumber="0" TypeHash="6" Path="" STType="INT" UIDType="Inner"><Owner ItemID="6478" TaskNumber="0" TypeHash="0" STType="" UIDType="Inner" /></ID><Parent ItemID="6478" TaskNumber="0" TypeHash="0" Path="" STType="" UIDType="Inner"><Owner ItemID="6478" TaskNumber="0" TypeHash="0" STType="" UIDType="Inner" /></Parent><IsValueFromTheme>false</IsValueFromTheme><Connections /><IsDynamized>false</IsDynamized><ContiniuosUpdate>false</ContiniuosUpdate></Parameter><Parameter Name="Толщина делений X" ShortName="6323" Tag="6323" Role="TickWidthX" Value="1"><ID ItemID="6323" TaskNumber="0" TypeHash="1" Path="" STType="LREAL" UIDType="Inner"><Owner ItemID="6478" TaskNumber="0" TypeHash="0" STType="" UIDType="Inner" /></ID><Parent ItemID="6478" TaskNumber="0" TypeHash="0" Path="" STType="" UIDType="Inner"><Owner ItemID="6478" TaskNumber="0" TypeHash="0" STType="" UIDType="Inner" /></Parent><IsValueFromTheme>false</IsValueFromTheme><Connections /><IsDynamized>false</IsDynamized><ContiniuosUpdate>false</ContiniuosUpdate></Parameter><Parameter Name="Длина делений X" ShortName="6324" Tag="6324" Role="TickHeightX" Value="10"><ID ItemID="6324" TaskNumber="0" TypeHash="1" Path="" STType="LREAL" UIDType="Inner"><Owner ItemID="6478" TaskNumber="0" TypeHash="0" STType="" UIDType="Inner" /></ID><Parent ItemID="6478" TaskNumber="0" TypeHash="0" Path="" STType="" UIDType="Inner"><Owner ItemID="6478" TaskNumber="0" TypeHash="0" STType="" UIDType="Inner" /></Parent><IsValueFromTheme>false</IsValueFromTheme><Connections /><IsDynamized>false</IsDynamized><ContiniuosUpdate>false</ContiniuosUpdate></Parameter><Parameter Name="Цвет делений X" ShortName="6325" Tag="6325" Role="TickColorX" Value="BLACK"><ID ItemID="6325" TaskNumber="0" TypeHash="4" Path="" STType="HMI.SolidColorType" UIDType="Inner"><Owner ItemID="6478" TaskNumber="0" TypeHash="0" STType="" UIDType="Inner" /></ID><Parent ItemID="6478" TaskNumber="0" TypeHash="0" Path="" STType="" UIDType="Inner"><Owner ItemID="6478" TaskNumber="0" TypeHash="0" STType="" UIDType="Inner" /></Parent><IsValueFromTheme>false</IsValueFromTheme><Connections /><IsDynamized>false</IsDynamized><ContiniuosUpdate>false</ContiniuosUpdate></Parameter><Parameter Name="Верхний отступ делений X" ShortName="6326" Tag="6326" Role="TickMarginTopX" Value="0"><ID ItemID="6326" TaskNumber="0" TypeHash="1" Path="" STType="LREAL" UIDType="Inner"><Owner ItemID="6478" TaskNumber="0" TypeHash="0" STType="" UIDType="Inner" /></ID><Parent ItemID="6478" TaskNumber="0" TypeHash="0" Path="" STType="" UIDType="Inner"><Owner ItemID="6478" TaskNumber="0" TypeHash="0" STType="" UIDType="Inner" /></Parent><IsValueFromTheme>false</IsValueFromTheme><Connections /><IsDynamized>false</IsDynamized><ContiniuosUpdate>false</ContiniuosUpdate></Parameter><Parameter Name="Цвет оси X" ShortName="6327" Tag="6327" Role="AxisColorX" Value="BLACK"><ID ItemID="6327" TaskNumber="0" TypeHash="4" Path="" STType="HMI.SolidColorType" UIDType="Inner"><Owner ItemID="6478" TaskNumber="0" TypeHash="0" STType="" UIDType="Inner" /></ID><Parent ItemID="6478" TaskNumber="0" TypeHash="0" Path="" STType="" UIDType="Inner"><Owner ItemID="6478" TaskNumber="0" TypeHash="0" STType="" UIDType="Inner" /></Parent><IsValueFromTheme>false</IsValueFromTheme><Connections /><IsDynamized>false</IsDynamized><ContiniuosUpdate>false</ContiniuosUpdate></Parameter><Parameter Name="Толщина оси X" ShortName="6332" Tag="6332" Role="AxisThicknessX" Value="1"><ID ItemID="6332" TaskNumber="0" TypeHash="1" Path="" STType="LREAL" UIDType="Inner"><Owner ItemID="6478" TaskNumber="0" TypeHash="0" STType="" UIDType="Inner" /></ID><Parent ItemID="6478" TaskNumber="0" TypeHash="0" Path="" STType="" UIDType="Inner"><Owner ItemID="6478" TaskNumber="0" TypeHash="0" STType="" UIDType="Inner" /></Parent><IsValueFromTheme>false</IsValueFromTheme><Connections /><IsDynamized>false</IsDynamized><ContiniuosUpdate>false</ContiniuosUpdate></Parameter><Parameter Name="Подпись Y" ShortName="6341" Tag="6341" Role="YAxisLabel" Value=""><ID ItemID="6341" TaskNumber="0" TypeHash="4" Path="" STType="STRING" UIDType="Inner"><Owner ItemID="6478" TaskNumber="0" TypeHash="0" STType="" UIDType="Inner" /></ID><Parent ItemID="6478" TaskNumber="0" TypeHash="0" Path="" STType="" UIDType="Inner"><Owner ItemID="6478" TaskNumber="0" TypeHash="0" STType="" UIDType="Inner" /></Parent><IsValueFromTheme>false</IsValueFromTheme><Connections /><IsDynamized>false</IsDynamized><ContiniuosUpdate>false</ContiniuosUpdate></Parameter><Parameter Name="Длина делений Y" ShortName="6328" Tag="6328" Role="TickWidthY" Value="10"><ID ItemID="6328" TaskNumber="0" TypeHash="1" Path="" STType="LREAL" UIDType="Inner"><Owner ItemID="6478" TaskNumber="0" TypeHash="0" STType="" UIDType="Inner" /></ID><Parent ItemID="6478" TaskNumber="0" TypeHash="0" Path="" STType="" UIDType="Inner"><Owner ItemID="6478" TaskNumber="0" TypeHash="0" STType="" UIDType="Inner" /></Parent><IsValueFromTheme>false</IsValueFromTheme><Connections /><IsDynamized>false</IsDynamized><ContiniuosUpdate>false</ContiniuosUpdate></Parameter><Parameter Name="Толщина делений Y" ShortName="6329" Tag="6329" Role="TickHeightY" Value="1"><ID ItemID="6329" TaskNumber="0" TypeHash="1" Path="" STType="LREAL" UIDType="Inner"><Owner ItemID="6478" TaskNumber="0" TypeHash="0" STType="" UIDType="Inner" /></ID><Parent ItemID="6478" TaskNumber="0" TypeHash="0" Path="" STType="" UIDType="Inner"><Owner ItemID="6478" TaskNumber="0" TypeHash="0" STType="" UIDType="Inner" /></Parent><IsValueFromTheme>false</IsValueFromTheme><Connections /><IsDynamized>false</IsDynamized><ContiniuosUpdate>false</ContiniuosUpdate></Parameter><Parameter Name="Правый отступ делений Y" ShortName="6331" Tag="6331" Role="TickMarginRightY" Value="0"><ID ItemID="6331" TaskNumber="0" TypeHash="1" Path="" STType="LREAL" UIDType="Inner"><Owner ItemID="6478" TaskNumber="0" TypeHash="0" STType="" UIDType="Inner" /></ID><Parent ItemID="6478" TaskNumber="0" TypeHash="0" Path="" STType="" UIDType="Inner"><Owner ItemID="6478" TaskNumber="0" TypeHash="0" STType="" UIDType="Inner" /></Parent><IsValueFromTheme>false</IsValueFromTheme><Connections /><IsDynamized>false</IsDynamized><ContiniuosUpdate>false</ContiniuosUpdate></Parameter><Parameter Name="Цвет делений Y" ShortName="6330" Tag="6330" Role="TickColorY" Value="BLACK"><ID ItemID="6330" TaskNumber="0" TypeHash="4" Path="" STType="HMI.SolidColorType" UIDType="Inner"><Owner ItemID="6478" TaskNumber="0" TypeHash="0" STType="" UIDType="Inner" /></ID><Parent ItemID="6478" TaskNumber="0" TypeHash="0" Path="" STType="" UIDType="Inner"><Owner ItemID="6478" TaskNumber="0" TypeHash="0" STType="" UIDType="Inner" /></Parent><IsValueFromTheme>false</IsValueFromTheme><Connections /><IsDynamized>false</IsDynamized><ContiniuosUpdate>false</ContiniuosUpdate></Parameter><Parameter Name="Толщина оси Y" ShortName="6333" Tag="6333" Role="AxisThicknessY" Value="1"><ID ItemID="6333" TaskNumber="0" TypeHash="1" Path="" STType="LREAL" UIDType="Inner"><Owner ItemID="6478" TaskNumber="0" TypeHash="0" STType="" UIDType="Inner" /></ID><Parent ItemID="6478" TaskNumber="0" TypeHash="0" Path="" STType="" UIDType="Inner"><Owner ItemID="6478" TaskNumber="0" TypeHash="0" STType="" UIDType="Inner" /></Parent><IsValueFromTheme>false</IsValueFromTheme><Connections /><IsDynamized>false</IsDynamized><ContiniuosUpdate>false</ContiniuosUpdate></Parameter><Parameter Name="Цвет линий сетки" ShortName="6334" Tag="6334" Role="GridFill" Value="SILVER"><ID ItemID="6334" TaskNumber="0" TypeHash="4" Path="" STType="HMI.SolidColorType" UIDType="Inner"><Owner ItemID="6478" TaskNumber="0" TypeHash="0" STType="" UIDType="Inner" /></ID><Parent ItemID="6478" TaskNumber="0" TypeHash="0" Path="" STType="" UIDType="Inner"><Owner ItemID="6478" TaskNumber="0" TypeHash="0" STType="" UIDType="Inner" /></Parent><IsValueFromTheme>false</IsValueFromTheme><Connections /><IsDynamized>false</IsDynamized><ContiniuosUpdate>false</ContiniuosUpdate></Parameter><Parameter Name="Цвет курсора" ShortName="6337" Tag="6337" Role="CursorColor" Value="BLACK"><ID ItemID="6337" TaskNumber="0" TypeHash="4" Path="" STType="HMI.SolidColorType" UIDType="Inner"><Owner ItemID="6478" TaskNumber="0" TypeHash="0" STType="" UIDType="Inner" /></ID><Parent ItemID="6478" TaskNumber="0" TypeHash="0" Path="" STType="" UIDType="Inner"><Owner ItemID="6478" TaskNumber="0" TypeHash="0" STType="" UIDType="Inner" /></Parent><IsValueFromTheme>false</IsValueFromTheme><Connections /><IsDynamized>false</IsDynamized><ContiniuosUpdate>false</ContiniuosUpdate></Parameter><Parameter Name="Толщина курсора" ShortName="6338" Tag="6338" Role="CursorThickness" Value="1"><ID ItemID="6338" TaskNumber="0" TypeHash="1" Path="" STType="LREAL" UIDType="Inner"><Owner ItemID="6478" TaskNumber="0" TypeHash="0" STType="" UIDType="Inner" /></ID><Parent ItemID="6478" TaskNumber="0" TypeHash="0" Path="" STType="" UIDType="Inner"><Owner ItemID="6478" TaskNumber="0" TypeHash="0" STType="" UIDType="Inner" /></Parent><IsValueFromTheme>false</IsValueFromTheme><Connections /><IsDynamized>false</IsDynamized><ContiniuosUpdate>false</ContiniuosUpdate></Parameter><Parameter Name="Перья" ShortName="6335" Tag="6335" Role="Pens" Value=""><ID ItemID="6335" TaskNumber="0" TypeHash="0" Path="" STType="HMI.TrendPens" UIDType="Inner"><Owner ItemID="6478" TaskNumber="0" TypeHash="0" STType="" UIDType="Inner" /></ID><Parent ItemID="6478" TaskNumber="0" TypeHash="0" Path="" STType="" UIDType="Inner"><Owner ItemID="6478" TaskNumber="0" TypeHash="0" STType="" UIDType="Inner" /></Parent><IsValueFromTheme>false</IsValueFromTheme><Connections /><IsDynamized>false</IsDynamized><ContiniuosUpdate>false</ContiniuosUpdate></Parameter><Parameter Name="Использовать цвет линии недостоверных значений" ShortName="6371" Tag="6371" Role="UseColorUnreliableLine" Value="False"><ID ItemID="6371" TaskNumber="0" TypeHash="3" Path="" STType="BOOL" UIDType="Inner"><Owner ItemID="6478" TaskNumber="0" TypeHash="0" STType="" UIDType="Inner" /></ID><Parent ItemID="6478" TaskNumber="0" TypeHash="0" Path="" STType="" UIDType="Inner"><Owner ItemID="6478" TaskNumber="0" TypeHash="0" STType="" UIDType="Inner" /></Parent><IsValueFromTheme>false</IsValueFromTheme><Connections /><IsDynamized>false</IsDynamized><ContiniuosUpdate>false</ContiniuosUpdate></Parameter><Parameter Name="Цвет линии недостоверных значений" ShortName="6369" Tag="6369" Role="ColorUnreliableLine" Value="FUCHSIA"><ID ItemID="6369" TaskNumber="0" TypeHash="4" Path="" STType="HMI.SolidColorType" UIDType="Inner"><Owner ItemID="6478" TaskNumber="0" TypeHash="0" STType="" UIDType="Inner" /></ID><Parent ItemID="6478" TaskNumber="0" TypeHash="0" Path="" STType="" UIDType="Inner"><Owner ItemID="6478" TaskNumber="0" TypeHash="0" STType="" UIDType="Inner" /></Parent><IsValueFromTheme>false</IsValueFromTheme><Connections /><IsDynamized>false</IsDynamized><ContiniuosUpdate>false</ContiniuosUpdate></Parameter><Parameter Name="Стиль линии недостоверных значений" ShortName="6370" Tag="6370" Role="StyleUnreliableLine" Value="1"><ID ItemID="6370" TaskNumber="0" TypeHash="5" Path="" STType="HMI.BorderStyleType" UIDType="Inner"><Owner ItemID="6478" TaskNumber="0" TypeHash="0" STType="" UIDType="Inner" /></ID><Parent ItemID="6478" TaskNumber="0" TypeHash="0" Path="" STType="" UIDType="Inner"><Owner ItemID="6478" TaskNumber="0" TypeHash="0" STType="" UIDType="Inner" /></Parent><IsValueFromTheme>false</IsValueFromTheme><Connections /><IsDynamized>false</IsDynamized><ContiniuosUpdate>false</ContiniuosUpdate></Parameter><Parameter Name="Конец" ShortName="6342" Tag="6342" Role="Till" Value="1677877200000"><ID ItemID="6342" TaskNumber="0" TypeHash="2" Path="" STType="DATE_AND_TIME" UIDType="Inner"><Owner ItemID="6478" TaskNumber="0" TypeHash="0" STType="" UIDType="Inner" /></ID><Parent ItemID="6478" TaskNumber="0" TypeHash="0" Path="" STType="" UIDType="Inner"><Owner ItemID="6478" TaskNumber="0" TypeHash="0" STType="" UIDType="Inner" /></Parent><IsValueFromTheme>false</IsValueFromTheme><Connections /><IsDynamized>false</IsDynamized><ContiniuosUpdate>false</ContiniuosUpdate></Parameter><Parameter Name="Начало архива" ShortName="6343" Tag="6343" Role="ArchiveStart" Value="0"><ID ItemID="6343" TaskNumber="0" TypeHash="2" Path="" STType="DATE_AND_TIME" UIDType="Inner"><Owner ItemID="6478" TaskNumber="0" TypeHash="0" STType="" UIDType="Inner" /></ID><Parent ItemID="6478" TaskNumber="0" TypeHash="0" Path="" STType="" UIDType="Inner"><Owner ItemID="6478" TaskNumber="0" TypeHash="0" STType="" UIDType="Inner" /></Parent><IsValueFromTheme>false</IsValueFromTheme><Connections /><IsDynamized>false</IsDynamized><ContiniuosUpdate>false</ContiniuosUpdate></Parameter><Parameter Name="Конец архива" ShortName="6344" Tag="6344" Role="ArchiveEnd" Value="0"><ID ItemID="6344" TaskNumber="0" TypeHash="2" Path="" STType="DATE_AND_TIME" UIDType="Inner"><Owner ItemID="6478" TaskNumber="0" TypeHash="0" STType="" UIDType="Inner" /></ID><Parent ItemID="6478" TaskNumber="0" TypeHash="0" Path="" STType="" UIDType="Inner"><Owner ItemID="6478" TaskNumber="0" TypeHash="0" STType="" UIDType="Inner" /></Parent><IsValueFromTheme>false</IsValueFromTheme><Connections /><IsDynamized>false</IsDynamized><ContiniuosUpdate>false</ContiniuosUpdate></Parameter><Parameter Name="Видимость курсора" ShortName="6345" Tag="6345" Role="ShowCursor" Value="True"><ID ItemID="6345" TaskNumber="0" TypeHash="3" Path="" STType="BOOL" UIDType="Inner"><Owner ItemID="6478" TaskNumber="0" TypeHash="0" STType="" UIDType="Inner" /></ID><Parent ItemID="6478" TaskNumber="0" TypeHash="0" Path="" STType="" UIDType="Inner"><Owner ItemID="6478" TaskNumber="0" TypeHash="0" STType="" UIDType="Inner" /></Parent><IsValueFromTheme>false</IsValueFromTheme><Connections /><IsDynamized>false</IsDynamized><ContiniuosUpdate>false</ContiniuosUpdate></Parameter><Parameter Name="Шаг прореживания" ShortName="6346" Tag="6346" Role="ResampleInterval" Value="1"><ID ItemID="6346" TaskNumber="0" TypeHash="1" Path="" STType="LREAL" UIDType="Inner"><Owner ItemID="6478" TaskNumber="0" TypeHash="0" STType="" UIDType="Inner" /></ID><Parent ItemID="6478" TaskNumber="0" TypeHash="0" Path="" STType="" UIDType="Inner"><Owner ItemID="6478" TaskNumber="0" TypeHash="0" STType="" UIDType="Inner" /></Parent><IsValueFromTheme>false</IsValueFromTheme><Connections /><IsDynamized>false</IsDynamized><ContiniuosUpdate>false</ContiniuosUpdate></Parameter><Parameter Name="Интервал листания" ShortName="6347" Tag="6347" Role="IntervalPageTurn" Value="100"><ID ItemID="6347" TaskNumber="0" TypeHash="1" Path="" STType="LREAL" UIDType="Inner"><Owner ItemID="6478" TaskNumber="0" TypeHash="0" STType="" UIDType="Inner" /></ID><Parent ItemID="6478" TaskNumber="0" TypeHash="0" Path="" STType="" UIDType="Inner"><Owner ItemID="6478" TaskNumber="0" TypeHash="0" STType="" UIDType="Inner" /></Parent><IsValueFromTheme>false</IsValueFromTheme><Connections /><IsDynamized>false</IsDynamized><ContiniuosUpdate>false</ContiniuosUpdate></Parameter><Parameter Name="Ширина минилегенды" ShortName="6361" Tag="6361" Role="LegendWidth" Value="250"><ID ItemID="6361" TaskNumber="0" TypeHash="1" Path="" STType="LREAL" UIDType="Inner"><Owner ItemID="6478" TaskNumber="0" TypeHash="0" STType="" UIDType="Inner" /></ID><Parent ItemID="6478" TaskNumber="0" TypeHash="0" Path="" STType="" UIDType="Inner"><Owner ItemID="6478" TaskNumber="0" TypeHash="0" STType="" UIDType="Inner" /></Parent><IsValueFromTheme>false</IsValueFromTheme><Connections /><IsDynamized>false</IsDynamized><ContiniuosUpdate>false</ContiniuosUpdate></Parameter><Parameter Name="Дерево выбора перьев" ShortName="6362" Tag="6362" Role="HasObjectTree" Value="False"><ID ItemID="6362" TaskNumber="0" TypeHash="3" Path="" STType="BOOL" UIDType="Inner"><Owner ItemID="6478" TaskNumber="0" TypeHash="0" STType="" UIDType="Inner" /></ID><Parent ItemID="6478" TaskNumber="0" TypeHash="0" Path="" STType="" UIDType="Inner"><Owner ItemID="6478" TaskNumber="0" TypeHash="0" STType="" UIDType="Inner" /></Parent><IsValueFromTheme>false</IsValueFromTheme><Connections /><IsDynamized>false</IsDynamized><ContiniuosUpdate>false</ContiniuosUpdate></Parameter><Parameter Name="Автоматически создавать оси значений" ShortName="6363" Tag="6363" Role="YAxisPerPen" Value="True"><ID ItemID="6363" TaskNumber="0" TypeHash="3" Path="" STType="BOOL" UIDType="Inner"><Owner ItemID="6478" TaskNumber="0" TypeHash="0" STType="" UIDType="Inner" /></ID><Parent ItemID="6478" TaskNumber="0" TypeHash="0" Path="" STType="" UIDType="Inner"><Owner ItemID="6478" TaskNumber="0" TypeHash="0" STType="" UIDType="Inner" /></Parent><IsValueFromTheme>false</IsValueFromTheme><Connections /><IsDynamized>false</IsDynamized><ContiniuosUpdate>false</ContiniuosUpdate></Parameter><Parameter Name="Масштабировать по всем осям" ShortName="6364" Tag="6364" Role="ZoomAllAxes" Value="True"><ID ItemID="6364" TaskNumber="0" TypeHash="3" Path="" STType="BOOL" UIDType="Inner"><Owner ItemID="6478" TaskNumber="0" TypeHash="0" STType="" UIDType="Inner" /></ID><Parent ItemID="6478" TaskNumber="0" TypeHash="0" Path="" STType="" UIDType="Inner"><Owner ItemID="6478" TaskNumber="0" TypeHash="0" STType="" UIDType="Inner" /></Parent><IsValueFromTheme>false</IsValueFromTheme><Connections /><IsDynamized>false</IsDynamized><ContiniuosUpdate>false</ContiniuosUpdate></Parameter><Parameter Name="Максимальное количество перьев" ShortName="6365" Tag="6365" Role="MaxPens" Value="100"><ID ItemID="6365" TaskNumber="0" TypeHash="1" Path="" STType="LREAL" UIDType="Inner"><Owner ItemID="6478" TaskNumber="0" TypeHash="0" STType="" UIDType="Inner" /></ID><Parent ItemID="6478" TaskNumber="0" TypeHash="0" Path="" STType="" UIDType="Inner"><Owner ItemID="6478" TaskNumber="0" TypeHash="0" STType="" UIDType="Inner" /></Parent><IsValueFromTheme>false</IsValueFromTheme><Connections /><IsDynamized>false</IsDynamized><ContiniuosUpdate>false</ContiniuosUpdate></Parameter><Parameter Name="Печать минилегенды" ShortName="6366" Tag="6366" Role="PrintMinilegend" Value="False"><ID ItemID="6366" TaskNumber="0" TypeHash="3" Path="" STType="BOOL" UIDType="Inner"><Owner ItemID="6478" TaskNumber="0" TypeHash="0" STType="" UIDType="Inner" /></ID><Parent ItemID="6478" TaskNumber="0" TypeHash="0" Path="" STType="" UIDType="Inner"><Owner ItemID="6478" TaskNumber="0" TypeHash="0" STType="" UIDType="Inner" /></Parent><IsValueFromTheme>false</IsValueFromTheme><Connections /><IsDynamized>false</IsDynamized><ContiniuosUpdate>false</ContiniuosUpdate></Parameter><Parameter Name="Прозрачность минилигенды" ShortName="6367" Tag="6367" Role="LegendOpacity" Value="100"><ID ItemID="6367" TaskNumber="0" TypeHash="1" Path="" STType="LREAL" UIDType="Inner"><Owner ItemID="6478" TaskNumber="0" TypeHash="0" STType="" UIDType="Inner" /></ID><Parent ItemID="6478" TaskNumber="0" TypeHash="0" Path="" STType="" UIDType="Inner"><Owner ItemID="6478" TaskNumber="0" TypeHash="0" STType="" UIDType="Inner" /></Parent><IsValueFromTheme>false</IsValueFromTheme><Connections /><IsDynamized>false</IsDynamized><ContiniuosUpdate>false</ContiniuosUpdate></Parameter><Parameter Name="Тип графика по умолчанию" ShortName="6372" Tag="6372" Role="LineJoinDefault" Value="1"><ID ItemID="6372" TaskNumber="0" TypeHash="5" Path="" STType="HMI.LineJoin" UIDType="Inner"><Owner ItemID="6478" TaskNumber="0" TypeHash="0" STType="" UIDType="Inner" /></ID><Parent ItemID="6478" TaskNumber="0" TypeHash="0" Path="" STType="" UIDType="Inner"><Owner ItemID="6478" TaskNumber="0" TypeHash="0" STType="" UIDType="Inner" /></Parent><IsValueFromTheme>false</IsValueFromTheme><Connections /><IsDynamized>false</IsDynamized><ContiniuosUpdate>false</ContiniuosUpdate></Parameter><Parameter Name="Дорисовка констант по умолчанию" ShortName="6373" Tag="6373" Role="DrawConstantDefault" Value="True"><ID ItemID="6373" TaskNumber="0" TypeHash="3" Path="" STType="BOOL" UIDType="Inner"><Owner ItemID="6478" TaskNumber="0" TypeHash="0" STType="" UIDType="Inner" /></ID><Parent ItemID="6478" TaskNumber="0" TypeHash="0" Path="" STType="" UIDType="Inner"><Owner ItemID="6478" TaskNumber="0" TypeHash="0" STType="" UIDType="Inner" /></Parent><IsValueFromTheme>false</IsValueFromTheme><Connections /><IsDynamized>false</IsDynamized><ContiniuosUpdate>false</ContiniuosUpdate></Parameter><Parameter Name="Количество  уровней в имени пера" ShortName="6374" Tag="6374" Role="PenNameLevels" Value="1"><ID ItemID="6374" TaskNumber="0" TypeHash="6" Path="" STType="DINT" UIDType="Inner"><Owner ItemID="6478" TaskNumber="0" TypeHash="0" STType="" UIDType="Inner" /></ID><Parent ItemID="6478" TaskNumber="0" TypeHash="0" Path="" STType="" UIDType="Inner"><Owner ItemID="6478" TaskNumber="0" TypeHash="0" STType="" UIDType="Inner" /></Parent><IsValueFromTheme>false</IsValueFromTheme><Connections /><IsDynamized>false</IsDynamized><ContiniuosUpdate>false</ContiniuosUpdate></Parameter><Parameter Name="Сохранять состояние" ShortName="6375" Tag="6375" Role="SaveState" Value="0"><ID ItemID="6375" TaskNumber="0" TypeHash="5" Path="" STType="HMI.SaveStateType" UIDType="Inner"><Owner ItemID="6478" TaskNumber="0" TypeHash="0" STType="" UIDType="Inner" /></ID><Parent ItemID="6478" TaskNumber="0" TypeHash="0" Path="" STType="" UIDType="Inner"><Owner ItemID="6478" TaskNumber="0" TypeHash="0" STType="" UIDType="Inner" /></Parent><IsValueFromTheme>false</IsValueFromTheme><Connections /><IsDynamized>false</IsDynamized><ContiniuosUpdate>false</ContiniuosUpdate></Parameter><Parameter Name="Глобальный" ShortName="6376" Tag="6376" Role="IsGlobal" Value="True"><ID ItemID="6376" TaskNumber="0" TypeHash="3" Path="" STType="BOOL" UIDType="Inner"><Owner ItemID="6478" TaskNumber="0" TypeHash="0" STType="" UIDType="Inner" /></ID><Parent ItemID="6478" TaskNumber="0" TypeHash="0" Path="" STType="" UIDType="Inner"><Owner ItemID="6478" TaskNumber="0" TypeHash="0" STType="" UIDType="Inner" /></Parent><IsValueFromTheme>false</IsValueFromTheme><Connections /><IsDynamized>false</IsDynamized><ContiniuosUpdate>false</ContiniuosUpdate></Parameter><Parameter Name="Объект" ShortName="6377" Tag="6377" Role="ObjectUID" Value=""><ID ItemID="6377" TaskNumber="0" TypeHash="4" Path="" STType="STRING" UIDType="Inner"><Owner ItemID="6478" TaskNumber="0" TypeHash="0" STType="" UIDType="Inner" /></ID><Parent ItemID="6478" TaskNumber="0" TypeHash="0" Path="" STType="" UIDType="Inner"><Owner ItemID="6478" TaskNumber="0" TypeHash="0" STType="" UIDType="Inner" /></Parent><IsValueFromTheme>false</IsValueFromTheme><Connections /><IsDynamized>false</IsDynamized><ContiniuosUpdate>false</ContiniuosUpdate></Parameter><Parameter Name="Логарифмическая шкала" ShortName="6378" Tag="6378" Role="LogScale" Value="False"><ID ItemID="6378" TaskNumber="0" TypeHash="3" Path="" STType="BOOL" UIDType="Inner"><Owner ItemID="6478" TaskNumber="0" TypeHash="0" STType="" UIDType="Inner" /></ID><Parent ItemID="6478" TaskNumber="0" TypeHash="0" Path="" STType="" UIDType="Inner"><Owner ItemID="6478" TaskNumber="0" TypeHash="0" STType="" UIDType="Inner" /></Parent><IsValueFromTheme>false</IsValueFromTheme><Connections /><IsDynamized>false</IsDynamized><ContiniuosUpdate>false</ContiniuosUpdate></Parameter><Parameter Name="Показывать горизонтальную полосу прокрутки" ShortName="6351" Tag="6351" Role="ShowHorizontalScrollbar" Value="True"><ID ItemID="6351" TaskNumber="0" TypeHash="3" Path="" STType="BOOL" UIDType="Inner"><Owner ItemID="6478" TaskNumber="0" TypeHash="0" STType="" UIDType="Inner" /></ID><Parent ItemID="6478" TaskNumber="0" TypeHash="0" Path="" STType="" UIDType="Inner"><Owner ItemID="6478" TaskNumber="0" TypeHash="0" STType="" UIDType="Inner" /></Parent><IsValueFromTheme>false</IsValueFromTheme><Connections /><IsDynamized>false</IsDynamized><ContiniuosUpdate>false</ContiniuosUpdate></Parameter><Parameter Name="Показывать вертикальную полосу прокрутки" ShortName="6356" Tag="6356" Role="ShowVerticalScrollbar" Value="True"><ID ItemID="6356" TaskNumber="0" TypeHash="3" Path="" STType="BOOL" UIDType="Inner"><Owner ItemID="6478" TaskNumber="0" TypeHash="0" STType="" UIDType="Inner" /></ID><Parent ItemID="6478" TaskNumber="0" TypeHash="0" Path="" STType="" UIDType="Inner"><Owner ItemID="6478" TaskNumber="0" TypeHash="0" STType="" UIDType="Inner" /></Parent><IsValueFromTheme>false</IsValueFromTheme><Connections /><IsDynamized>false</IsDynamized><ContiniuosUpdate>false</ContiniuosUpdate></Parameter><Parameter Name="Толщина рамки полосы прокрутки" ShortName="6349" Tag="6349" Role="ScrollbarBorderThickness" Value="1"><ID ItemID="6349" TaskNumber="0" TypeHash="1" Path="" STType="LREAL" UIDType="Inner"><Owner ItemID="6478" TaskNumber="0" TypeHash="0" STType="" UIDType="Inner" /></ID><Parent ItemID="6478" TaskNumber="0" TypeHash="0" Path="" STType="" UIDType="Inner"><Owner ItemID="6478" TaskNumber="0" TypeHash="0" STType="" UIDType="Inner" /></Parent><IsValueFromTheme>false</IsValueFromTheme><Connections /><IsDynamized>false</IsDynamized><ContiniuosUpdate>false</ContiniuosUpdate></Parameter><Parameter Name="Цвет рамки полосы прокрутки" ShortName="6350" Tag="6350" Role="ScrollbarBorderColor" Value="GRAY"><ID ItemID="6350" TaskNumber="0" TypeHash="4" Path="" STType="HMI.SolidColorType" UIDType="Inner"><Owner ItemID="6478" TaskNumber="0" TypeHash="0" STType="" UIDType="Inner" /></ID><Parent ItemID="6478" TaskNumber="0" TypeHash="0" Path="" STType="" UIDType="Inner"><Owner ItemID="6478" TaskNumber="0" TypeHash="0" STType="" UIDType="Inner" /></Parent><IsValueFromTheme>false</IsValueFromTheme><Connections /><IsDynamized>false</IsDynamized><ContiniuosUpdate>false</ContiniuosUpdate></Parameter><Parameter Name="Заливка полосы прокрутки" ShortName="6352" Tag="6352" Role="ScrollbarBackgroundColor" Value="rgb(245,240,245)"><ID ItemID="6352" TaskNumber="0" TypeHash="4" Path="" STType="HMI.GradientColorType" UIDType="Inner"><Owner ItemID="6478" TaskNumber="0" TypeHash="0" STType="" UIDType="Inner" /></ID><Parent ItemID="6478" TaskNumber="0" TypeHash="0" Path="" STType="" UIDType="Inner"><Owner ItemID="6478" TaskNumber="0" TypeHash="0" STType="" UIDType="Inner" /></Parent><IsValueFromTheme>false</IsValueFromTheme><Connections /><IsDynamized>false</IsDynamized><ContiniuosUpdate>false</ContiniuosUpdate></Parameter><Parameter Name="Толщина рамки маркера полосы прокрутки" ShortName="6353" Tag="6353" Role="ScrollbarMarkerBorderThickness" Value="2"><ID ItemID="6353" TaskNumber="0" TypeHash="1" Path="" STType="LREAL" UIDType="Inner"><Owner ItemID="6478" TaskNumber="0" TypeHash="0" STType="" UIDType="Inner" /></ID><Parent ItemID="6478" TaskNumber="0" TypeHash="0" Path="" STType="" UIDType="Inner"><Owner ItemID="6478" TaskNumber="0" TypeHash="0" STType="" UIDType="Inner" /></Parent><IsValueFromTheme>false</IsValueFromTheme><Connections /><IsDynamized>false</IsDynamized><ContiniuosUpdate>false</ContiniuosUpdate></Parameter><Parameter Name="Цвет рамки маркера полосы прокрутки" ShortName="6354" Tag="6354" Role="ScrollbarMarkerBorderColor" Value="BLACK"><ID ItemID="6354" TaskNumber="0" TypeHash="4" Path="" STType="HMI.SolidColorType" UIDType="Inner"><Owner ItemID="6478" TaskNumber="0" TypeHash="0" STType="" UIDType="Inner" /></ID><Parent ItemID="6478" TaskNumber="0" TypeHash="0" Path="" STType="" UIDType="Inner"><Owner ItemID="6478" TaskNumber="0" TypeHash="0" STType="" UIDType="Inner" /></Parent><IsValueFromTheme>false</IsValueFromTheme><Connections /><IsDynamized>false</IsDynamized><ContiniuosUpdate>false</ContiniuosUpdate></Parameter><Parameter Name="Заливка маркера полосы прокрутки" ShortName="6355" Tag="6355" Role="ScrollbarMarkerBackgroundColor" Value="rgb(191,191,191)"><ID ItemID="6355" TaskNumber="0" TypeHash="4" Path="" STType="HMI.GradientColorType" UIDType="Inner"><Owner ItemID="6478" TaskNumber="0" TypeHash="0" STType="" UIDType="Inner" /></ID><Parent ItemID="6478" TaskNumber="0" TypeHash="0" Path="" STType="" UIDType="Inner"><Owner ItemID="6478" TaskNumber="0" TypeHash="0" STType="" UIDType="Inner" /></Parent><IsValueFromTheme>false</IsValueFromTheme><Connections /><IsDynamized>false</IsDynamized><ContiniuosUpdate>false</ContiniuosUpdate></Parameter><Parameter Name="XType" ShortName="XType" Tag="0" Role="XType" Value="1"><ID ItemID="4294967290" TaskNumber="0" TypeHash="5" Path="" STType="HMI.SizeType" UIDType="Inner" /><IsValueFromTheme>false</IsValueFromTheme><IsDynamized>false</IsDynamized><ContiniuosUpdate>false</ContiniuosUpdate></Parameter><Parameter Name="YType" ShortName="YType" Tag="0" Role="YType" Value="1"><ID ItemID="4294967289" TaskNumber="0" TypeHash="5" Path="" STType="HMI.SizeType" UIDType="Inner" /><IsValueFromTheme>false</IsValueFromTheme><IsDynamized>false</IsDynamized><ContiniuosUpdate>false</ContiniuosUpdate></Parameter><Parameter Name="ProportionType" ShortName="ProportionType" Tag="0" Role="ProportionType" Value="4"><ID ItemID="4294967288" TaskNumber="0" TypeHash="5" Path="" STType="HMI.ProportionType" UIDType="Inner" /><IsValueFromTheme>false</IsValueFromTheme><IsDynamized>false</IsDynamized><ContiniuosUpdate>false</ContiniuosUpdate></Parameter><Parameter Name="WidthType" ShortName="WidthType" Tag="0" Role="WidthType" Value="1"><ID ItemID="4294967287" TaskNumber="0" TypeHash="5" Path="" STType="HMI.SizeType" UIDType="Inner" /><IsValueFromTheme>false</IsValueFromTheme><IsDynamized>false</IsDynamized><ContiniuosUpdate>false</ContiniuosUpdate></Parameter><Parameter Name="HeightType" ShortName="HeightType" Tag="0" Role="HeightType" Value="1"><ID ItemID="4294967286" TaskNumber="0" TypeHash="5" Path="" STType="HMI.SizeType" UIDType="Inner" /><IsValueFromTheme>false</IsValueFromTheme><IsDynamized>false</IsDynamized><ContiniuosUpdate>false</ContiniuosUpdate></Parameter></Parameters><Events><Event Name="6430" ShortName="6430" Tag="6430" Role="Focus"><ID ItemID="6478" TaskNumber="0" TypeHash="0" Path="Focus" STType="" UIDType="Inner"><Owner ItemID="6478" TaskNumber="0" TypeHash="0" STType="" UIDType="Inner" /></ID><Parent ItemID="6478" TaskNumber="0" TypeHash="0" Path="" STType="" UIDType="Inner"><Owner ItemID="6478" TaskNumber="0" TypeHash="0" STType="" UIDType="Inner" /></Parent><Actions /></Event><Event Name="6431" ShortName="6431" Tag="6431" Role="LostFocus"><ID ItemID="6478" TaskNumber="0" TypeHash="0" Path="LostFocus" STType="" UIDType="Inner"><Owner ItemID="6478" TaskNumber="0" TypeHash="0" STType="" UIDType="Inner" /></ID><Parent ItemID="6478" TaskNumber="0" TypeHash="0" Path="" STType="" UIDType="Inner"><Owner ItemID="6478" TaskNumber="0" TypeHash="0" STType="" UIDType="Inner" /></Parent><Actions /></Event></Events><Methods><Method Name="6458" ShortName="6458" Tag="6458" Role="NextPage"><ID ItemID="6458" TaskNumber="0" TypeHash="0" Path="" STType="" UIDType="Inner"><Owner ItemID="6478" TaskNumber="0" TypeHash="0" STType="" UIDType="Inner" /></ID><Parent ItemID="6478" TaskNumber="0" TypeHash="0" Path="" STType="" UIDType="Inner"><Owner ItemID="6478" TaskNumber="0" TypeHash="0" STType="" UIDType="Inner" /></Parent><Parameters /></Method><Method Name="6459" ShortName="6459" Tag="6459" Role="PreviousPage"><ID ItemID="6459" TaskNumber="0" TypeHash="0" Path="" STType="" UIDType="Inner"><Owner ItemID="6478" TaskNumber="0" TypeHash="0" STType="" UIDType="Inner" /></ID><Parent ItemID="6478" TaskNumber="0" TypeHash="0" Path="" STType="" UIDType="Inner"><Owner ItemID="6478" TaskNumber="0" TypeHash="0" STType="" UIDType="Inner" /></Parent><Parameters /></Method><Method Name="6460" ShortName="6460" Tag="6460" Role="FirstPage"><ID ItemID="6460" TaskNumber="0" TypeHash="0" Path="" STType="" UIDType="Inner"><Owner ItemID="6478" TaskNumber="0" TypeHash="0" STType="" UIDType="Inner" /></ID><Parent ItemID="6478" TaskNumber="0" TypeHash="0" Path="" STType="" UIDType="Inner"><Owner ItemID="6478" TaskNumber="0" TypeHash="0" STType="" UIDType="Inner" /></Parent><Parameters /></Method><Method Name="6461" ShortName="6461" Tag="6461" Role="LastPage"><ID ItemID="6461" TaskNumber="0" TypeHash="0" Path="" STType="" UIDType="Inner"><Owner ItemID="6478" TaskNumber="0" TypeHash="0" STType="" UIDType="Inner" /></ID><Parent ItemID="6478" TaskNumber="0" TypeHash="0" Path="" STType="" UIDType="Inner"><Owner ItemID="6478" TaskNumber="0" TypeHash="0" STType="" UIDType="Inner" /></Parent><Parameters /></Method><Method Name="6462" ShortName="6462" Tag="6462" Role="SaveImageAs"><ID ItemID="6462" TaskNumber="0" TypeHash="0" Path="" STType="" UIDType="Inner"><Owner ItemID="6478" TaskNumber="0" TypeHash="0" STType="" UIDType="Inner" /></ID><Parent ItemID="6478" TaskNumber="0" TypeHash="0" Path="" STType="" UIDType="Inner"><Owner ItemID="6478" TaskNumber="0" TypeHash="0" STType="" UIDType="Inner" /></Parent><Parameters /></Method><Method Name="6463" ShortName="6463" Tag="6463" Role="DownloadCsv"><ID ItemID="6463" TaskNumber="0" TypeHash="0" Path="" STType="" UIDType="Inner"><Owner ItemID="6478" TaskNumber="0" TypeHash="0" STType="" UIDType="Inner" /></ID><Parent ItemID="6478" TaskNumber="0" TypeHash="0" Path="" STType="" UIDType="Inner"><Owner ItemID="6478" TaskNumber="0" TypeHash="0" STType="" UIDType="Inner" /></Parent><Parameters /></Method><Method Name="6464" ShortName="6464" Tag="6464" Role="AddPen"><ID ItemID="6464" TaskNumber="0" TypeHash="0" Path="" STType="" UIDType="Inner"><Owner ItemID="6478" TaskNumber="0" TypeHash="0" STType="" UIDType="Inner" /></ID><Parent ItemID="6478" TaskNumber="0" TypeHash="0" Path="" STType="" UIDType="Inner"><Owner ItemID="6478" TaskNumber="0" TypeHash="0" STType="" UIDType="Inner" /></Parent><Parameters /></Method><Method Name="6465" ShortName="6465" Tag="6465" Role="RemovePen"><ID ItemID="6465" TaskNumber="0" TypeHash="0" Path="" STType="" UIDType="Inner"><Owner ItemID="6478" TaskNumber="0" TypeHash="0" STType="" UIDType="Inner" /></ID><Parent ItemID="6478" TaskNumber="0" TypeHash="0" Path="" STType="" UIDType="Inner"><Owner ItemID="6478" TaskNumber="0" TypeHash="0" STType="" UIDType="Inner" /></Parent><Parameters /></Method><Method Name="6467" ShortName="6467" Tag="6467" Role="ObjectTree"><ID ItemID="6467" TaskNumber="0" TypeHash="0" Path="" STType="" UIDType="Inner"><Owner ItemID="6478" TaskNumber="0" TypeHash="0" STType="" UIDType="Inner" /></ID><Parent ItemID="6478" TaskNumber="0" TypeHash="0" Path="" STType="" UIDType="Inner"><Owner ItemID="6478" TaskNumber="0" TypeHash="0" STType="" UIDType="Inner" /></Parent><Parameters /></Method><Method Name="6469" ShortName="6469" Tag="6469" Role="BrushSet"><ID ItemID="6469" TaskNumber="0" TypeHash="0" Path="" STType="" UIDType="Inner"><Owner ItemID="6478" TaskNumber="0" TypeHash="0" STType="" UIDType="Inner" /></ID><Parent ItemID="6478" TaskNumber="0" TypeHash="0" Path="" STType="" UIDType="Inner"><Owner ItemID="6478" TaskNumber="0" TypeHash="0" STType="" UIDType="Inner" /></Parent><Parameters /></Method><Method Name="6471" ShortName="6471" Tag="6471" Role="BrushCancel"><ID ItemID="6471" TaskNumber="0" TypeHash="0" Path="" STType="" UIDType="Inner"><Owner ItemID="6478" TaskNumber="0" TypeHash="0" STType="" UIDType="Inner" /></ID><Parent ItemID="6478" TaskNumber="0" TypeHash="0" Path="" STType="" UIDType="Inner"><Owner ItemID="6478" TaskNumber="0" TypeHash="0" STType="" UIDType="Inner" /></Parent><Parameters /></Method></Methods><Permissions><Permission Name="TrendAddPens" ShortName="6473" Tag="6473"><ID ItemID="6473" TaskNumber="0" TypeHash="0" Path="" STType="" UIDType="Inner"><Owner ItemID="6478" TaskNumber="0" TypeHash="0" STType="" UIDType="Inner" /></ID><Parent ItemID="6478" TaskNumber="0" TypeHash="0" Path="" STType="" UIDType="Inner"><Owner ItemID="6478" TaskNumber="0" TypeHash="0" STType="" UIDType="Inner" /></Parent><Rights /></Permission><Permission Name="TrendChangePens" ShortName="6474" Tag="6474"><ID ItemID="6474" TaskNumber="0" TypeHash="0" Path="" STType="" UIDType="Inner"><Owner ItemID="6478" TaskNumber="0" TypeHash="0" STType="" UIDType="Inner" /></ID><Parent ItemID="6478" TaskNumber="0" TypeHash="0" Path="" STType="" UIDType="Inner"><Owner ItemID="6478" TaskNumber="0" TypeHash="0" STType="" UIDType="Inner" /></Parent><Rights /></Permission><Permission Name="TrendSave" ShortName="6475" Tag="6475"><ID ItemID="6475" TaskNumber="0" TypeHash="0" Path="" STType="" UIDType="Inner"><Owner ItemID="6478" TaskNumber="0" TypeHash="0" STType="" UIDType="Inner" /></ID><Parent ItemID="6478" TaskNumber="0" TypeHash="0" Path="" STType="" UIDType="Inner"><Owner ItemID="6478" TaskNumber="0" TypeHash="0" STType="" UIDType="Inner" /></Parent><Rights /></Permission><Permission Name="TrendPrint" ShortName="6476" Tag="6476"><ID ItemID="6476" TaskNumber="0" TypeHash="0" Path="" STType="" UIDType="Inner"><Owner ItemID="6478" TaskNumber="0" TypeHash="0" STType="" UIDType="Inner" /></ID><Parent ItemID="6478" TaskNumber="0" TypeHash="0" Path="" STType="" UIDType="Inner"><Owner ItemID="6478" TaskNumber="0" TypeHash="0" STType="" UIDType="Inner" /></Parent><Rights /></Permission></Permissions><ObjectId>0</ObjectId><ServerTaskId>-1</ServerTaskId><ServerTaskItemId>0</ServerTaskItemId><Role>Trend</Role><HasConnections>false</HasConnections></Element>