﻿<?xml version="1.0" encoding="utf-8"?><Element xmlns:xsi="http://www.w3.org/2001/XMLSchema-instance" xmlns:xsd="http://www.w3.org/2001/XMLSchema" Name="4581" ShortName="Прямоугольник" Tag="4581"><ID ItemID="4581" TaskNumber="0" TypeHash="0" Path="" STType="" UIDType="Inner"><Owner ItemID="4581" TaskNumber="0" TypeHash="0" STType="" UIDType="Inner" /></ID><UsedSTTypes><string>HMI.ResourceType</string><string>DINT</string><string>LREAL</string><string>HMI.BorderStyleType</string><string>STRING</string><string>HMI.SolidColorType</string><string>HMI.GradientColorType</string><string>BOOL</string><string>HMI.TileType</string><string>HMI.DockType</string><string>HMI.HorizontalAlignType</string><string>HMI.VerticalAlignType</string><string>HMI.MouseCursorKinds</string><string>HMI.SizeType</string><string>HMI.ProportionType</string></UsedSTTypes><Parameters><Parameter Name="Образ" ShortName="4511" Tag="4511" Role="SkinResource" Value=""><ID ItemID="4511" TaskNumber="0" TypeHash="4" Path="" STType="HMI.ResourceType" UIDType="Inner"><Owner ItemID="4581" TaskNumber="0" TypeHash="0" STType="" UIDType="Inner" /></ID><Parent ItemID="4581" TaskNumber="0" TypeHash="0" Path="" STType="" UIDType="Inner"><Owner ItemID="4581" TaskNumber="0" TypeHash="0" STType="" UIDType="Inner" /></Parent><IsValueFromTheme>false</IsValueFromTheme><Connections /><IsDynamized>false</IsDynamized><ContiniuosUpdate>false</ContiniuosUpdate></Parameter><Parameter Name="Порядок Z" ShortName="4512" Tag="4512" Role="Z" Value=""><ID ItemID="4512" TaskNumber="0" TypeHash="6" Path="" STType="DINT" UIDType="Inner"><Owner ItemID="4581" TaskNumber="0" TypeHash="0" STType="" UIDType="Inner" /></ID><Parent ItemID="4581" TaskNumber="0" TypeHash="0" Path="" STType="" UIDType="Inner"><Owner ItemID="4581" TaskNumber="0" TypeHash="0" STType="" UIDType="Inner" /></Parent><IsValueFromTheme>false</IsValueFromTheme><Connections /><IsDynamized>false</IsDynamized><ContiniuosUpdate>false</ContiniuosUpdate></Parameter><Parameter Name="Ширина" ShortName="4489" Tag="4489" Role="Width" Value="50"><ID ItemID="4489" TaskNumber="0" TypeHash="1" Path="" STType="LREAL" UIDType="Inner"><Owner ItemID="4581" TaskNumber="0" TypeHash="0" STType="" UIDType="Inner" /></ID><Parent ItemID="4581" TaskNumber="0" TypeHash="0" Path="" STType="" UIDType="Inner"><Owner ItemID="4581" TaskNumber="0" TypeHash="0" STType="" UIDType="Inner" /></Parent><IsValueFromTheme>false</IsValueFromTheme><Connections /><IsDynamized>false</IsDynamized><ContiniuosUpdate>false</ContiniuosUpdate></Parameter><Parameter Name="Высота" ShortName="4490" Tag="4490" Role="Height" Value="50"><ID ItemID="4490" TaskNumber="0" TypeHash="1" Path="" STType="LREAL" UIDType="Inner"><Owner ItemID="4581" TaskNumber="0" TypeHash="0" STType="" UIDType="Inner" /></ID><Parent ItemID="4581" TaskNumber="0" TypeHash="0" Path="" STType="" UIDType="Inner"><Owner ItemID="4581" TaskNumber="0" TypeHash="0" STType="" UIDType="Inner" /></Parent><IsValueFromTheme>false</IsValueFromTheme><Connections /><IsDynamized>false</IsDynamized><ContiniuosUpdate>false</ContiniuosUpdate></Parameter><Parameter Name="Масштаб Y" ShortName="4493" Tag="4493" Role="ScaleY" Value="1"><ID ItemID="4493" TaskNumber="0" TypeHash="1" Path="" STType="LREAL" UIDType="Inner"><Owner ItemID="4581" TaskNumber="0" TypeHash="0" STType="" UIDType="Inner" /></ID><Parent ItemID="4581" TaskNumber="0" TypeHash="0" Path="" STType="" UIDType="Inner"><Owner ItemID="4581" TaskNumber="0" TypeHash="0" STType="" UIDType="Inner" /></Parent><IsValueFromTheme>false</IsValueFromTheme><Connections /><IsDynamized>false</IsDynamized><ContiniuosUpdate>false</ContiniuosUpdate></Parameter><Parameter Name="Угол поворота" ShortName="4491" Tag="4491" Role="Angle" Value="0"><ID ItemID="4491" TaskNumber="0" TypeHash="1" Path="" STType="LREAL" UIDType="Inner"><Owner ItemID="4581" TaskNumber="0" TypeHash="0" STType="" UIDType="Inner" /></ID><Parent ItemID="4581" TaskNumber="0" TypeHash="0" Path="" STType="" UIDType="Inner"><Owner ItemID="4581" TaskNumber="0" TypeHash="0" STType="" UIDType="Inner" /></Parent><IsValueFromTheme>false</IsValueFromTheme><Connections /><IsDynamized>false</IsDynamized><ContiniuosUpdate>false</ContiniuosUpdate></Parameter><Parameter Name="Масштаб X" ShortName="4492" Tag="4492" Role="ScaleX" Value="1"><ID ItemID="4492" TaskNumber="0" TypeHash="1" Path="" STType="LREAL" UIDType="Inner"><Owner ItemID="4581" TaskNumber="0" TypeHash="0" STType="" UIDType="Inner" /></ID><Parent ItemID="4581" TaskNumber="0" TypeHash="0" Path="" STType="" UIDType="Inner"><Owner ItemID="4581" TaskNumber="0" TypeHash="0" STType="" UIDType="Inner" /></Parent><IsValueFromTheme>false</IsValueFromTheme><Connections /><IsDynamized>false</IsDynamized><ContiniuosUpdate>false</ContiniuosUpdate></Parameter><Parameter Name="Толщина линии" ShortName="4494" Tag="4494" Role="BorderThickness" Value="2"><ID ItemID="4494" TaskNumber="0" TypeHash="1" Path="" STType="LREAL" UIDType="Inner"><Owner ItemID="4581" TaskNumber="0" TypeHash="0" STType="" UIDType="Inner" /></ID><Parent ItemID="4581" TaskNumber="0" TypeHash="0" Path="" STType="" UIDType="Inner"><Owner ItemID="4581" TaskNumber="0" TypeHash="0" STType="" UIDType="Inner" /></Parent><IsValueFromTheme>false</IsValueFromTheme><Connections /><IsDynamized>false</IsDynamized><ContiniuosUpdate>false</ContiniuosUpdate></Parameter><Parameter Name="Стиль линии" ShortName="4508" Tag="4508" Role="BorderStyle" Value="0"><ID ItemID="4508" TaskNumber="0" TypeHash="5" Path="" STType="HMI.BorderStyleType" UIDType="Inner"><Owner ItemID="4581" TaskNumber="0" TypeHash="0" STType="" UIDType="Inner" /></ID><Parent ItemID="4581" TaskNumber="0" TypeHash="0" Path="" STType="" UIDType="Inner"><Owner ItemID="4581" TaskNumber="0" TypeHash="0" STType="" UIDType="Inner" /></Parent><IsValueFromTheme>false</IsValueFromTheme><Connections /><IsDynamized>false</IsDynamized><ContiniuosUpdate>false</ContiniuosUpdate></Parameter><Parameter Name="Всплывающая подсказка" ShortName="4504" Tag="4504" Role="ToolTip" Value=""><ID ItemID="4504" TaskNumber="0" TypeHash="4" Path="" STType="STRING" UIDType="Inner"><Owner ItemID="4581" TaskNumber="0" TypeHash="0" STType="" UIDType="Inner" /></ID><Parent ItemID="4581" TaskNumber="0" TypeHash="0" Path="" STType="" UIDType="Inner"><Owner ItemID="4581" TaskNumber="0" TypeHash="0" STType="" UIDType="Inner" /></Parent><IsValueFromTheme>false</IsValueFromTheme><Connections /><IsDynamized>false</IsDynamized><ContiniuosUpdate>false</ContiniuosUpdate></Parameter><Parameter Name="Цвет линии" ShortName="4499" Tag="4499" Role="BorderColor" Value="BLACK"><ID ItemID="4499" TaskNumber="0" TypeHash="4" Path="" STType="HMI.SolidColorType" UIDType="Inner"><Owner ItemID="4581" TaskNumber="0" TypeHash="0" STType="" UIDType="Inner" /></ID><Parent ItemID="4581" TaskNumber="0" TypeHash="0" Path="" STType="" UIDType="Inner"><Owner ItemID="4581" TaskNumber="0" TypeHash="0" STType="" UIDType="Inner" /></Parent><IsValueFromTheme>false</IsValueFromTheme><Connections /><IsDynamized>false</IsDynamized><ContiniuosUpdate>false</ContiniuosUpdate></Parameter><Parameter Name="Заливка фона" ShortName="4500" Tag="4500" Role="BackgroundColor" Value="TRANSPARENT"><ID ItemID="4500" TaskNumber="0" TypeHash="4" Path="" STType="HMI.GradientColorType" UIDType="Inner"><Owner ItemID="4581" TaskNumber="0" TypeHash="0" STType="" UIDType="Inner" /></ID><Parent ItemID="4581" TaskNumber="0" TypeHash="0" Path="" STType="" UIDType="Inner"><Owner ItemID="4581" TaskNumber="0" TypeHash="0" STType="" UIDType="Inner" /></Parent><IsValueFromTheme>false</IsValueFromTheme><Connections /><IsDynamized>false</IsDynamized><ContiniuosUpdate>false</ContiniuosUpdate></Parameter><Parameter Name="Прозрачность" ShortName="4495" Tag="4495" Role="Opacity" Value="100"><ID ItemID="4495" TaskNumber="0" TypeHash="1" Path="" STType="LREAL" UIDType="Inner"><Owner ItemID="4581" TaskNumber="0" TypeHash="0" STType="" UIDType="Inner" /></ID><Parent ItemID="4581" TaskNumber="0" TypeHash="0" Path="" STType="" UIDType="Inner"><Owner ItemID="4581" TaskNumber="0" TypeHash="0" STType="" UIDType="Inner" /></Parent><IsValueFromTheme>false</IsValueFromTheme><Connections /><IsDynamized>false</IsDynamized><ContiniuosUpdate>false</ContiniuosUpdate></Parameter><Parameter Name="Геометрия" ShortName="4496" Tag="4496" Role="BorderGeometry" Value="RECT"><ID ItemID="4496" TaskNumber="0" TypeHash="4" Path="" STType="STRING" UIDType="Inner"><Owner ItemID="4581" TaskNumber="0" TypeHash="0" STType="" UIDType="Inner" /></ID><Parent ItemID="4581" TaskNumber="0" TypeHash="0" Path="" STType="" UIDType="Inner"><Owner ItemID="4581" TaskNumber="0" TypeHash="0" STType="" UIDType="Inner" /></Parent><IsValueFromTheme>false</IsValueFromTheme><Connections /><IsDynamized>false</IsDynamized><ContiniuosUpdate>false</ContiniuosUpdate></Parameter><Parameter Name="Мигание" ShortName="4498" Tag="4498" Role="Flash" Value="False"><ID ItemID="4498" TaskNumber="0" TypeHash="3" Path="" STType="BOOL" UIDType="Inner"><Owner ItemID="4581" TaskNumber="0" TypeHash="0" STType="" UIDType="Inner" /></ID><Parent ItemID="4581" TaskNumber="0" TypeHash="0" Path="" STType="" UIDType="Inner"><Owner ItemID="4581" TaskNumber="0" TypeHash="0" STType="" UIDType="Inner" /></Parent><IsValueFromTheme>false</IsValueFromTheme><Connections /><IsDynamized>false</IsDynamized><ContiniuosUpdate>false</ContiniuosUpdate></Parameter><Parameter Name="Размер тени" ShortName="4497" Tag="4497" Role="ShadowSize" Value="0"><ID ItemID="4497" TaskNumber="0" TypeHash="6" Path="" STType="DINT" UIDType="Inner"><Owner ItemID="4581" TaskNumber="0" TypeHash="0" STType="" UIDType="Inner" /></ID><Parent ItemID="4581" TaskNumber="0" TypeHash="0" Path="" STType="" UIDType="Inner"><Owner ItemID="4581" TaskNumber="0" TypeHash="0" STType="" UIDType="Inner" /></Parent><IsValueFromTheme>false</IsValueFromTheme><Connections /><IsDynamized>false</IsDynamized><ContiniuosUpdate>false</ContiniuosUpdate></Parameter><Parameter Name="Цвет тени" ShortName="4501" Tag="4501" Role="ShadowColor" Value="rgb(240,240,240)"><ID ItemID="4501" TaskNumber="0" TypeHash="4" Path="" STType="HMI.SolidColorType" UIDType="Inner"><Owner ItemID="4581" TaskNumber="0" TypeHash="0" STType="" UIDType="Inner" /></ID><Parent ItemID="4581" TaskNumber="0" TypeHash="0" Path="" STType="" UIDType="Inner"><Owner ItemID="4581" TaskNumber="0" TypeHash="0" STType="" UIDType="Inner" /></Parent><IsValueFromTheme>false</IsValueFromTheme><Connections /><IsDynamized>false</IsDynamized><ContiniuosUpdate>false</ContiniuosUpdate></Parameter><Parameter Name="Изображение фона" ShortName="4502" Tag="4502" Role="Resource" Value=""><ID ItemID="4502" TaskNumber="0" TypeHash="4" Path="" STType="HMI.ResourceType" UIDType="Inner"><Owner ItemID="4581" TaskNumber="0" TypeHash="0" STType="" UIDType="Inner" /></ID><Parent ItemID="4581" TaskNumber="0" TypeHash="0" Path="" STType="" UIDType="Inner"><Owner ItemID="4581" TaskNumber="0" TypeHash="0" STType="" UIDType="Inner" /></Parent><IsValueFromTheme>false</IsValueFromTheme><Connections /><IsDynamized>false</IsDynamized><ContiniuosUpdate>false</ContiniuosUpdate></Parameter><Parameter Name="Замостка фона" ShortName="4503" Tag="4503" Role="BackgroundTile" Value="2"><ID ItemID="4503" TaskNumber="0" TypeHash="5" Path="" STType="HMI.TileType" UIDType="Inner"><Owner ItemID="4581" TaskNumber="0" TypeHash="0" STType="" UIDType="Inner" /></ID><Parent ItemID="4581" TaskNumber="0" TypeHash="0" Path="" STType="" UIDType="Inner"><Owner ItemID="4581" TaskNumber="0" TypeHash="0" STType="" UIDType="Inner" /></Parent><IsValueFromTheme>false</IsValueFromTheme><Connections /><IsDynamized>false</IsDynamized><ContiniuosUpdate>false</ContiniuosUpdate></Parameter><Parameter Name="Видимость" ShortName="4505" Tag="4505" Role="IsVisible" Value="True"><ID ItemID="4505" TaskNumber="0" TypeHash="3" Path="" STType="BOOL" UIDType="Inner"><Owner ItemID="4581" TaskNumber="0" TypeHash="0" STType="" UIDType="Inner" /></ID><Parent ItemID="4581" TaskNumber="0" TypeHash="0" Path="" STType="" UIDType="Inner"><Owner ItemID="4581" TaskNumber="0" TypeHash="0" STType="" UIDType="Inner" /></Parent><IsValueFromTheme>false</IsValueFromTheme><Connections /><IsDynamized>false</IsDynamized><ContiniuosUpdate>false</ContiniuosUpdate></Parameter><Parameter Name="Активность" ShortName="4506" Tag="4506" Role="IsEnabled" Value="True"><ID ItemID="4506" TaskNumber="0" TypeHash="3" Path="" STType="BOOL" UIDType="Inner"><Owner ItemID="4581" TaskNumber="0" TypeHash="0" STType="" UIDType="Inner" /></ID><Parent ItemID="4581" TaskNumber="0" TypeHash="0" Path="" STType="" UIDType="Inner"><Owner ItemID="4581" TaskNumber="0" TypeHash="0" STType="" UIDType="Inner" /></Parent><IsValueFromTheme>false</IsValueFromTheme><Connections /><IsDynamized>false</IsDynamized><ContiniuosUpdate>false</ContiniuosUpdate></Parameter><Parameter Name="Клавиатурный индекс" ShortName="4507" Tag="4507" Role="TabIndex" Value=""><ID ItemID="4507" TaskNumber="0" TypeHash="6" Path="" STType="DINT" UIDType="Inner"><Owner ItemID="4581" TaskNumber="0" TypeHash="0" STType="" UIDType="Inner" /></ID><Parent ItemID="4581" TaskNumber="0" TypeHash="0" Path="" STType="" UIDType="Inner"><Owner ItemID="4581" TaskNumber="0" TypeHash="0" STType="" UIDType="Inner" /></Parent><IsValueFromTheme>false</IsValueFromTheme><Connections /><IsDynamized>false</IsDynamized><ContiniuosUpdate>false</ContiniuosUpdate></Parameter><Parameter Name="Координата X" ShortName="4509" Tag="4509" Role="X" Value="0"><ID ItemID="4509" TaskNumber="0" TypeHash="1" Path="" STType="LREAL" UIDType="Inner"><Owner ItemID="4581" TaskNumber="0" TypeHash="0" STType="" UIDType="Inner" /></ID><Parent ItemID="4581" TaskNumber="0" TypeHash="0" Path="" STType="" UIDType="Inner"><Owner ItemID="4581" TaskNumber="0" TypeHash="0" STType="" UIDType="Inner" /></Parent><IsValueFromTheme>false</IsValueFromTheme><Connections /><IsDynamized>false</IsDynamized><ContiniuosUpdate>false</ContiniuosUpdate></Parameter><Parameter Name="Координата Y" ShortName="4510" Tag="4510" Role="Y" Value="0"><ID ItemID="4510" TaskNumber="0" TypeHash="1" Path="" STType="LREAL" UIDType="Inner"><Owner ItemID="4581" TaskNumber="0" TypeHash="0" STType="" UIDType="Inner" /></ID><Parent ItemID="4581" TaskNumber="0" TypeHash="0" Path="" STType="" UIDType="Inner"><Owner ItemID="4581" TaskNumber="0" TypeHash="0" STType="" UIDType="Inner" /></Parent><IsValueFromTheme>false</IsValueFromTheme><Connections /><IsDynamized>false</IsDynamized><ContiniuosUpdate>false</ContiniuosUpdate></Parameter><Parameter Name="Положение" ShortName="4513" Tag="4513" Role="DockStyle" Value="3"><ID ItemID="4513" TaskNumber="0" TypeHash="5" Path="" STType="HMI.DockType" UIDType="Inner"><Owner ItemID="4581" TaskNumber="0" TypeHash="0" STType="" UIDType="Inner" /></ID><Parent ItemID="4581" TaskNumber="0" TypeHash="0" Path="" STType="" UIDType="Inner"><Owner ItemID="4581" TaskNumber="0" TypeHash="0" STType="" UIDType="Inner" /></Parent><IsValueFromTheme>false</IsValueFromTheme><Connections /><IsDynamized>false</IsDynamized><ContiniuosUpdate>false</ContiniuosUpdate></Parameter><Parameter Name="Горизонтальное выравнивание" ShortName="4514" Tag="4514" Role="HorizontalAlign" Value="1"><ID ItemID="4514" TaskNumber="0" TypeHash="5" Path="" STType="HMI.HorizontalAlignType" UIDType="Inner"><Owner ItemID="4581" TaskNumber="0" TypeHash="0" STType="" UIDType="Inner" /></ID><Parent ItemID="4581" TaskNumber="0" TypeHash="0" Path="" STType="" UIDType="Inner"><Owner ItemID="4581" TaskNumber="0" TypeHash="0" STType="" UIDType="Inner" /></Parent><IsValueFromTheme>false</IsValueFromTheme><Connections /><IsDynamized>false</IsDynamized><ContiniuosUpdate>false</ContiniuosUpdate></Parameter><Parameter Name="Вертикальное выравнивание" ShortName="4515" Tag="4515" Role="VerticalAlign" Value="1"><ID ItemID="4515" TaskNumber="0" TypeHash="5" Path="" STType="HMI.VerticalAlignType" UIDType="Inner"><Owner ItemID="4581" TaskNumber="0" TypeHash="0" STType="" UIDType="Inner" /></ID><Parent ItemID="4581" TaskNumber="0" TypeHash="0" Path="" STType="" UIDType="Inner"><Owner ItemID="4581" TaskNumber="0" TypeHash="0" STType="" UIDType="Inner" /></Parent><IsValueFromTheme>false</IsValueFromTheme><Connections /><IsDynamized>false</IsDynamized><ContiniuosUpdate>false</ContiniuosUpdate></Parameter><Parameter Name="Вид курсора" ShortName="4516" Tag="4516" Role="MouseCursorKind" Value="0"><ID ItemID="4516" TaskNumber="0" TypeHash="5" Path="" STType="HMI.MouseCursorKinds" UIDType="Inner"><Owner ItemID="4581" TaskNumber="0" TypeHash="0" STType="" UIDType="Inner" /></ID><Parent ItemID="4581" TaskNumber="0" TypeHash="0" Path="" STType="" UIDType="Inner"><Owner ItemID="4581" TaskNumber="0" TypeHash="0" STType="" UIDType="Inner" /></Parent><IsValueFromTheme>false</IsValueFromTheme><Connections /><IsDynamized>false</IsDynamized><ContiniuosUpdate>false</ContiniuosUpdate></Parameter><Parameter Name="XType" ShortName="XType" Tag="0" Role="XType" Value="1"><ID ItemID="4294967280" TaskNumber="0" TypeHash="5" Path="" STType="HMI.SizeType" UIDType="Inner" /><IsValueFromTheme>false</IsValueFromTheme><IsDynamized>false</IsDynamized><ContiniuosUpdate>false</ContiniuosUpdate></Parameter><Parameter Name="YType" ShortName="YType" Tag="0" Role="YType" Value="1"><ID ItemID="4294967279" TaskNumber="0" TypeHash="5" Path="" STType="HMI.SizeType" UIDType="Inner" /><IsValueFromTheme>false</IsValueFromTheme><IsDynamized>false</IsDynamized><ContiniuosUpdate>false</ContiniuosUpdate></Parameter><Parameter Name="ProportionType" ShortName="ProportionType" Tag="0" Role="ProportionType" Value="4"><ID ItemID="4294967278" TaskNumber="0" TypeHash="5" Path="" STType="HMI.ProportionType" UIDType="Inner" /><IsValueFromTheme>false</IsValueFromTheme><IsDynamized>false</IsDynamized><ContiniuosUpdate>false</ContiniuosUpdate></Parameter><Parameter Name="WidthType" ShortName="WidthType" Tag="0" Role="WidthType" Value="1"><ID ItemID="4294967277" TaskNumber="0" TypeHash="5" Path="" STType="HMI.SizeType" UIDType="Inner" /><IsValueFromTheme>false</IsValueFromTheme><IsDynamized>false</IsDynamized><ContiniuosUpdate>false</ContiniuosUpdate></Parameter><Parameter Name="HeightType" ShortName="HeightType" Tag="0" Role="HeightType" Value="1"><ID ItemID="4294967276" TaskNumber="0" TypeHash="5" Path="" STType="HMI.SizeType" UIDType="Inner" /><IsValueFromTheme>false</IsValueFromTheme><IsDynamized>false</IsDynamized><ContiniuosUpdate>false</ContiniuosUpdate></Parameter></Parameters><ObjectId>0</ObjectId><ServerTaskId>-1</ServerTaskId><ServerTaskItemId>0</ServerTaskItemId><Role>Rect</Role><HasConnections>false</HasConnections></Element>