﻿<?xml version="1.0" encoding="utf-8"?><Element xmlns:xsi="http://www.w3.org/2001/XMLSchema-instance" xmlns:xsd="http://www.w3.org/2001/XMLSchema" Name="10352" ShortName="Вертикальный прогресс" Tag="10352"><ID ItemID="10352" TaskNumber="0" TypeHash="0" Path="" STType="" UIDType="Inner"><Owner ItemID="10352" TaskNumber="0" TypeHash="0" STType="" UIDType="Inner" /></ID><UsedSTTypes><string>HMI.ResourceType</string><string>DINT</string><string>LREAL</string><string>HMI.SolidColorType</string><string>HMI.GradientColorType</string><string>HMI.BorderStyleType</string><string>STRING</string><string>BOOL</string><string>HMI.TileType</string><string>HMI.DockType</string><string>HMI.HorizontalAlignType</string><string>HMI.VerticalAlignType</string><string>HMI.MouseCursorKinds</string><string>HMI.OrientationType</string><string>HMI.SizeType</string><string>HMI.ProportionType</string></UsedSTTypes><Parameters><Parameter Name="Образ" ShortName="10282" Tag="10282" Role="SkinResource" Value=""><ID ItemID="10282" TaskNumber="0" TypeHash="4" Path="" STType="HMI.ResourceType" UIDType="Inner"><Owner ItemID="10352" TaskNumber="0" TypeHash="0" STType="" UIDType="Inner" /></ID><Parent ItemID="10352" TaskNumber="0" TypeHash="0" Path="" STType="" UIDType="Inner"><Owner ItemID="10352" TaskNumber="0" TypeHash="0" STType="" UIDType="Inner" /></Parent><IsValueFromTheme>false</IsValueFromTheme><Connections /><IsDynamized>false</IsDynamized><ContiniuosUpdate>false</ContiniuosUpdate></Parameter><Parameter Name="Порядок Z" ShortName="10283" Tag="10283" Role="Z" Value=""><ID ItemID="10283" TaskNumber="0" TypeHash="6" Path="" STType="DINT" UIDType="Inner"><Owner ItemID="10352" TaskNumber="0" TypeHash="0" STType="" UIDType="Inner" /></ID><Parent ItemID="10352" TaskNumber="0" TypeHash="0" Path="" STType="" UIDType="Inner"><Owner ItemID="10352" TaskNumber="0" TypeHash="0" STType="" UIDType="Inner" /></Parent><IsValueFromTheme>false</IsValueFromTheme><Connections /><IsDynamized>false</IsDynamized><ContiniuosUpdate>false</ContiniuosUpdate></Parameter><Parameter Name="Ширина" ShortName="10259" Tag="10259" Role="Width" Value="15"><ID ItemID="10259" TaskNumber="0" TypeHash="1" Path="" STType="LREAL" UIDType="Inner"><Owner ItemID="10352" TaskNumber="0" TypeHash="0" STType="" UIDType="Inner" /></ID><Parent ItemID="10352" TaskNumber="0" TypeHash="0" Path="" STType="" UIDType="Inner"><Owner ItemID="10352" TaskNumber="0" TypeHash="0" STType="" UIDType="Inner" /></Parent><IsValueFromTheme>false</IsValueFromTheme><Connections /><IsDynamized>false</IsDynamized><ContiniuosUpdate>false</ContiniuosUpdate></Parameter><Parameter Name="Высота" ShortName="10260" Tag="10260" Role="Height" Value="100"><ID ItemID="10260" TaskNumber="0" TypeHash="1" Path="" STType="LREAL" UIDType="Inner"><Owner ItemID="10352" TaskNumber="0" TypeHash="0" STType="" UIDType="Inner" /></ID><Parent ItemID="10352" TaskNumber="0" TypeHash="0" Path="" STType="" UIDType="Inner"><Owner ItemID="10352" TaskNumber="0" TypeHash="0" STType="" UIDType="Inner" /></Parent><IsValueFromTheme>false</IsValueFromTheme><Connections /><IsDynamized>false</IsDynamized><ContiniuosUpdate>false</ContiniuosUpdate></Parameter><Parameter Name="Угол поворота" ShortName="10261" Tag="10261" Role="Angle" Value="0"><ID ItemID="10261" TaskNumber="0" TypeHash="1" Path="" STType="LREAL" UIDType="Inner"><Owner ItemID="10352" TaskNumber="0" TypeHash="0" STType="" UIDType="Inner" /></ID><Parent ItemID="10352" TaskNumber="0" TypeHash="0" Path="" STType="" UIDType="Inner"><Owner ItemID="10352" TaskNumber="0" TypeHash="0" STType="" UIDType="Inner" /></Parent><IsValueFromTheme>false</IsValueFromTheme><Connections /><IsDynamized>false</IsDynamized><ContiniuosUpdate>false</ContiniuosUpdate></Parameter><Parameter Name="Масштаб Y" ShortName="10263" Tag="10263" Role="ScaleY" Value="1"><ID ItemID="10263" TaskNumber="0" TypeHash="1" Path="" STType="LREAL" UIDType="Inner"><Owner ItemID="10352" TaskNumber="0" TypeHash="0" STType="" UIDType="Inner" /></ID><Parent ItemID="10352" TaskNumber="0" TypeHash="0" Path="" STType="" UIDType="Inner"><Owner ItemID="10352" TaskNumber="0" TypeHash="0" STType="" UIDType="Inner" /></Parent><IsValueFromTheme>false</IsValueFromTheme><Connections /><IsDynamized>false</IsDynamized><ContiniuosUpdate>false</ContiniuosUpdate></Parameter><Parameter Name="Масштаб X" ShortName="10262" Tag="10262" Role="ScaleX" Value="1"><ID ItemID="10262" TaskNumber="0" TypeHash="1" Path="" STType="LREAL" UIDType="Inner"><Owner ItemID="10352" TaskNumber="0" TypeHash="0" STType="" UIDType="Inner" /></ID><Parent ItemID="10352" TaskNumber="0" TypeHash="0" Path="" STType="" UIDType="Inner"><Owner ItemID="10352" TaskNumber="0" TypeHash="0" STType="" UIDType="Inner" /></Parent><IsValueFromTheme>false</IsValueFromTheme><Connections /><IsDynamized>false</IsDynamized><ContiniuosUpdate>false</ContiniuosUpdate></Parameter><Parameter Name="Толщина рамки" ShortName="10264" Tag="10264" Role="BorderThickness" Value="1"><ID ItemID="10264" TaskNumber="0" TypeHash="1" Path="" STType="LREAL" UIDType="Inner"><Owner ItemID="10352" TaskNumber="0" TypeHash="0" STType="" UIDType="Inner" /></ID><Parent ItemID="10352" TaskNumber="0" TypeHash="0" Path="" STType="" UIDType="Inner"><Owner ItemID="10352" TaskNumber="0" TypeHash="0" STType="" UIDType="Inner" /></Parent><IsValueFromTheme>false</IsValueFromTheme><Connections /><IsDynamized>false</IsDynamized><ContiniuosUpdate>false</ContiniuosUpdate></Parameter><Parameter Name="Цвет рамки" ShortName="10255" Tag="10255" Role="BorderColor" Value="GRAY"><ID ItemID="10255" TaskNumber="0" TypeHash="4" Path="" STType="HMI.SolidColorType" UIDType="Inner"><Owner ItemID="10352" TaskNumber="0" TypeHash="0" STType="" UIDType="Inner" /></ID><Parent ItemID="10352" TaskNumber="0" TypeHash="0" Path="" STType="" UIDType="Inner"><Owner ItemID="10352" TaskNumber="0" TypeHash="0" STType="" UIDType="Inner" /></Parent><IsValueFromTheme>false</IsValueFromTheme><Connections /><IsDynamized>false</IsDynamized><ContiniuosUpdate>false</ContiniuosUpdate></Parameter><Parameter Name="Заливка фона" ShortName="10256" Tag="10256" Role="BackgroundColor" Value="rgb(245,240,245)"><ID ItemID="10256" TaskNumber="0" TypeHash="4" Path="" STType="HMI.GradientColorType" UIDType="Inner"><Owner ItemID="10352" TaskNumber="0" TypeHash="0" STType="" UIDType="Inner" /></ID><Parent ItemID="10352" TaskNumber="0" TypeHash="0" Path="" STType="" UIDType="Inner"><Owner ItemID="10352" TaskNumber="0" TypeHash="0" STType="" UIDType="Inner" /></Parent><IsValueFromTheme>false</IsValueFromTheme><Connections /><IsDynamized>false</IsDynamized><ContiniuosUpdate>false</ContiniuosUpdate></Parameter><Parameter Name="Прозрачность" ShortName="10265" Tag="10265" Role="Opacity" Value="100"><ID ItemID="10265" TaskNumber="0" TypeHash="1" Path="" STType="LREAL" UIDType="Inner"><Owner ItemID="10352" TaskNumber="0" TypeHash="0" STType="" UIDType="Inner" /></ID><Parent ItemID="10352" TaskNumber="0" TypeHash="0" Path="" STType="" UIDType="Inner"><Owner ItemID="10352" TaskNumber="0" TypeHash="0" STType="" UIDType="Inner" /></Parent><IsValueFromTheme>false</IsValueFromTheme><Connections /><IsDynamized>false</IsDynamized><ContiniuosUpdate>false</ContiniuosUpdate></Parameter><Parameter Name="Стиль рамки" ShortName="10279" Tag="10279" Role="BorderStyle" Value="0"><ID ItemID="10279" TaskNumber="0" TypeHash="5" Path="" STType="HMI.BorderStyleType" UIDType="Inner"><Owner ItemID="10352" TaskNumber="0" TypeHash="0" STType="" UIDType="Inner" /></ID><Parent ItemID="10352" TaskNumber="0" TypeHash="0" Path="" STType="" UIDType="Inner"><Owner ItemID="10352" TaskNumber="0" TypeHash="0" STType="" UIDType="Inner" /></Parent><IsValueFromTheme>false</IsValueFromTheme><Connections /><IsDynamized>false</IsDynamized><ContiniuosUpdate>false</ContiniuosUpdate></Parameter><Parameter Name="Всплывающая подсказка" ShortName="10266" Tag="10266" Role="ToolTip" Value=""><ID ItemID="10266" TaskNumber="0" TypeHash="4" Path="" STType="STRING" UIDType="Inner"><Owner ItemID="10352" TaskNumber="0" TypeHash="0" STType="" UIDType="Inner" /></ID><Parent ItemID="10352" TaskNumber="0" TypeHash="0" Path="" STType="" UIDType="Inner"><Owner ItemID="10352" TaskNumber="0" TypeHash="0" STType="" UIDType="Inner" /></Parent><IsValueFromTheme>false</IsValueFromTheme><Connections /><IsDynamized>false</IsDynamized><ContiniuosUpdate>false</ContiniuosUpdate></Parameter><Parameter Name="Мигание" ShortName="10267" Tag="10267" Role="Flash" Value="False"><ID ItemID="10267" TaskNumber="0" TypeHash="3" Path="" STType="BOOL" UIDType="Inner"><Owner ItemID="10352" TaskNumber="0" TypeHash="0" STType="" UIDType="Inner" /></ID><Parent ItemID="10352" TaskNumber="0" TypeHash="0" Path="" STType="" UIDType="Inner"><Owner ItemID="10352" TaskNumber="0" TypeHash="0" STType="" UIDType="Inner" /></Parent><IsValueFromTheme>false</IsValueFromTheme><Connections /><IsDynamized>false</IsDynamized><ContiniuosUpdate>false</ContiniuosUpdate></Parameter><Parameter Name="Размер тени" ShortName="10268" Tag="10268" Role="ShadowSize" Value="0"><ID ItemID="10268" TaskNumber="0" TypeHash="6" Path="" STType="DINT" UIDType="Inner"><Owner ItemID="10352" TaskNumber="0" TypeHash="0" STType="" UIDType="Inner" /></ID><Parent ItemID="10352" TaskNumber="0" TypeHash="0" Path="" STType="" UIDType="Inner"><Owner ItemID="10352" TaskNumber="0" TypeHash="0" STType="" UIDType="Inner" /></Parent><IsValueFromTheme>false</IsValueFromTheme><Connections /><IsDynamized>false</IsDynamized><ContiniuosUpdate>false</ContiniuosUpdate></Parameter><Parameter Name="Цвет тени" ShortName="10257" Tag="10257" Role="ShadowColor" Value="rgb(240,240,240)"><ID ItemID="10257" TaskNumber="0" TypeHash="4" Path="" STType="HMI.SolidColorType" UIDType="Inner"><Owner ItemID="10352" TaskNumber="0" TypeHash="0" STType="" UIDType="Inner" /></ID><Parent ItemID="10352" TaskNumber="0" TypeHash="0" Path="" STType="" UIDType="Inner"><Owner ItemID="10352" TaskNumber="0" TypeHash="0" STType="" UIDType="Inner" /></Parent><IsValueFromTheme>false</IsValueFromTheme><Connections /><IsDynamized>false</IsDynamized><ContiniuosUpdate>false</ContiniuosUpdate></Parameter><Parameter Name="Изображение фона" ShortName="10258" Tag="10258" Role="Resource" Value=""><ID ItemID="10258" TaskNumber="0" TypeHash="4" Path="" STType="HMI.ResourceType" UIDType="Inner"><Owner ItemID="10352" TaskNumber="0" TypeHash="0" STType="" UIDType="Inner" /></ID><Parent ItemID="10352" TaskNumber="0" TypeHash="0" Path="" STType="" UIDType="Inner"><Owner ItemID="10352" TaskNumber="0" TypeHash="0" STType="" UIDType="Inner" /></Parent><IsValueFromTheme>false</IsValueFromTheme><Connections /><IsDynamized>false</IsDynamized><ContiniuosUpdate>false</ContiniuosUpdate></Parameter><Parameter Name="Замостка фона" ShortName="10274" Tag="10274" Role="BackgroundTile" Value="2"><ID ItemID="10274" TaskNumber="0" TypeHash="5" Path="" STType="HMI.TileType" UIDType="Inner"><Owner ItemID="10352" TaskNumber="0" TypeHash="0" STType="" UIDType="Inner" /></ID><Parent ItemID="10352" TaskNumber="0" TypeHash="0" Path="" STType="" UIDType="Inner"><Owner ItemID="10352" TaskNumber="0" TypeHash="0" STType="" UIDType="Inner" /></Parent><IsValueFromTheme>false</IsValueFromTheme><Connections /><IsDynamized>false</IsDynamized><ContiniuosUpdate>false</ContiniuosUpdate></Parameter><Parameter Name="Видимость" ShortName="10276" Tag="10276" Role="IsVisible" Value="True"><ID ItemID="10276" TaskNumber="0" TypeHash="3" Path="" STType="BOOL" UIDType="Inner"><Owner ItemID="10352" TaskNumber="0" TypeHash="0" STType="" UIDType="Inner" /></ID><Parent ItemID="10352" TaskNumber="0" TypeHash="0" Path="" STType="" UIDType="Inner"><Owner ItemID="10352" TaskNumber="0" TypeHash="0" STType="" UIDType="Inner" /></Parent><IsValueFromTheme>false</IsValueFromTheme><Connections /><IsDynamized>false</IsDynamized><ContiniuosUpdate>false</ContiniuosUpdate></Parameter><Parameter Name="Активность" ShortName="10277" Tag="10277" Role="IsEnabled" Value="True"><ID ItemID="10277" TaskNumber="0" TypeHash="3" Path="" STType="BOOL" UIDType="Inner"><Owner ItemID="10352" TaskNumber="0" TypeHash="0" STType="" UIDType="Inner" /></ID><Parent ItemID="10352" TaskNumber="0" TypeHash="0" Path="" STType="" UIDType="Inner"><Owner ItemID="10352" TaskNumber="0" TypeHash="0" STType="" UIDType="Inner" /></Parent><IsValueFromTheme>false</IsValueFromTheme><Connections /><IsDynamized>false</IsDynamized><ContiniuosUpdate>false</ContiniuosUpdate></Parameter><Parameter Name="Клавиатурный индекс" ShortName="10278" Tag="10278" Role="TabIndex" Value=""><ID ItemID="10278" TaskNumber="0" TypeHash="6" Path="" STType="DINT" UIDType="Inner"><Owner ItemID="10352" TaskNumber="0" TypeHash="0" STType="" UIDType="Inner" /></ID><Parent ItemID="10352" TaskNumber="0" TypeHash="0" Path="" STType="" UIDType="Inner"><Owner ItemID="10352" TaskNumber="0" TypeHash="0" STType="" UIDType="Inner" /></Parent><IsValueFromTheme>false</IsValueFromTheme><Connections /><IsDynamized>false</IsDynamized><ContiniuosUpdate>false</ContiniuosUpdate></Parameter><Parameter Name="Координата X" ShortName="10280" Tag="10280" Role="X" Value="0"><ID ItemID="10280" TaskNumber="0" TypeHash="1" Path="" STType="LREAL" UIDType="Inner"><Owner ItemID="10352" TaskNumber="0" TypeHash="0" STType="" UIDType="Inner" /></ID><Parent ItemID="10352" TaskNumber="0" TypeHash="0" Path="" STType="" UIDType="Inner"><Owner ItemID="10352" TaskNumber="0" TypeHash="0" STType="" UIDType="Inner" /></Parent><IsValueFromTheme>false</IsValueFromTheme><Connections /><IsDynamized>false</IsDynamized><ContiniuosUpdate>false</ContiniuosUpdate></Parameter><Parameter Name="Координата Y" ShortName="10281" Tag="10281" Role="Y" Value="0"><ID ItemID="10281" TaskNumber="0" TypeHash="1" Path="" STType="LREAL" UIDType="Inner"><Owner ItemID="10352" TaskNumber="0" TypeHash="0" STType="" UIDType="Inner" /></ID><Parent ItemID="10352" TaskNumber="0" TypeHash="0" Path="" STType="" UIDType="Inner"><Owner ItemID="10352" TaskNumber="0" TypeHash="0" STType="" UIDType="Inner" /></Parent><IsValueFromTheme>false</IsValueFromTheme><Connections /><IsDynamized>false</IsDynamized><ContiniuosUpdate>false</ContiniuosUpdate></Parameter><Parameter Name="Положение" ShortName="10284" Tag="10284" Role="DockStyle" Value="3"><ID ItemID="10284" TaskNumber="0" TypeHash="5" Path="" STType="HMI.DockType" UIDType="Inner"><Owner ItemID="10352" TaskNumber="0" TypeHash="0" STType="" UIDType="Inner" /></ID><Parent ItemID="10352" TaskNumber="0" TypeHash="0" Path="" STType="" UIDType="Inner"><Owner ItemID="10352" TaskNumber="0" TypeHash="0" STType="" UIDType="Inner" /></Parent><IsValueFromTheme>false</IsValueFromTheme><Connections /><IsDynamized>false</IsDynamized><ContiniuosUpdate>false</ContiniuosUpdate></Parameter><Parameter Name="Горизонтальное выравнивание" ShortName="10285" Tag="10285" Role="HorizontalAlign" Value="1"><ID ItemID="10285" TaskNumber="0" TypeHash="5" Path="" STType="HMI.HorizontalAlignType" UIDType="Inner"><Owner ItemID="10352" TaskNumber="0" TypeHash="0" STType="" UIDType="Inner" /></ID><Parent ItemID="10352" TaskNumber="0" TypeHash="0" Path="" STType="" UIDType="Inner"><Owner ItemID="10352" TaskNumber="0" TypeHash="0" STType="" UIDType="Inner" /></Parent><IsValueFromTheme>false</IsValueFromTheme><Connections /><IsDynamized>false</IsDynamized><ContiniuosUpdate>false</ContiniuosUpdate></Parameter><Parameter Name="Вертикальное выравнивание" ShortName="10286" Tag="10286" Role="VerticalAlign" Value="1"><ID ItemID="10286" TaskNumber="0" TypeHash="5" Path="" STType="HMI.VerticalAlignType" UIDType="Inner"><Owner ItemID="10352" TaskNumber="0" TypeHash="0" STType="" UIDType="Inner" /></ID><Parent ItemID="10352" TaskNumber="0" TypeHash="0" Path="" STType="" UIDType="Inner"><Owner ItemID="10352" TaskNumber="0" TypeHash="0" STType="" UIDType="Inner" /></Parent><IsValueFromTheme>false</IsValueFromTheme><Connections /><IsDynamized>false</IsDynamized><ContiniuosUpdate>false</ContiniuosUpdate></Parameter><Parameter Name="Вид курсора" ShortName="10287" Tag="10287" Role="MouseCursorKind" Value="0"><ID ItemID="10287" TaskNumber="0" TypeHash="5" Path="" STType="HMI.MouseCursorKinds" UIDType="Inner"><Owner ItemID="10352" TaskNumber="0" TypeHash="0" STType="" UIDType="Inner" /></ID><Parent ItemID="10352" TaskNumber="0" TypeHash="0" Path="" STType="" UIDType="Inner"><Owner ItemID="10352" TaskNumber="0" TypeHash="0" STType="" UIDType="Inner" /></Parent><IsValueFromTheme>false</IsValueFromTheme><Connections /><IsDynamized>false</IsDynamized><ContiniuosUpdate>false</ContiniuosUpdate></Parameter><Parameter Name="Ориентация" ShortName="10272" Tag="10272" Role="Orientation" Value="1"><ID ItemID="10272" TaskNumber="0" TypeHash="5" Path="" STType="HMI.OrientationType" UIDType="Inner"><Owner ItemID="10352" TaskNumber="0" TypeHash="0" STType="" UIDType="Inner" /></ID><Parent ItemID="10352" TaskNumber="0" TypeHash="0" Path="" STType="" UIDType="Inner"><Owner ItemID="10352" TaskNumber="0" TypeHash="0" STType="" UIDType="Inner" /></Parent><IsValueFromTheme>false</IsValueFromTheme><Connections /><IsDynamized>false</IsDynamized><ContiniuosUpdate>false</ContiniuosUpdate></Parameter><Parameter Name="Минимум" ShortName="10269" Tag="10269" Role="MinValue" Value="0"><ID ItemID="10269" TaskNumber="0" TypeHash="1" Path="" STType="LREAL" UIDType="Inner"><Owner ItemID="10352" TaskNumber="0" TypeHash="0" STType="" UIDType="Inner" /></ID><Parent ItemID="10352" TaskNumber="0" TypeHash="0" Path="" STType="" UIDType="Inner"><Owner ItemID="10352" TaskNumber="0" TypeHash="0" STType="" UIDType="Inner" /></Parent><IsValueFromTheme>false</IsValueFromTheme><Connections /><IsDynamized>false</IsDynamized><ContiniuosUpdate>false</ContiniuosUpdate></Parameter><Parameter Name="Текущее значение" ShortName="10270" Tag="10270" Role="Value" Value="50"><ID ItemID="10270" TaskNumber="0" TypeHash="1" Path="" STType="LREAL" UIDType="Inner"><Owner ItemID="10352" TaskNumber="0" TypeHash="0" STType="" UIDType="Inner" /></ID><Parent ItemID="10352" TaskNumber="0" TypeHash="0" Path="" STType="" UIDType="Inner"><Owner ItemID="10352" TaskNumber="0" TypeHash="0" STType="" UIDType="Inner" /></Parent><IsValueFromTheme>false</IsValueFromTheme><Connections /><IsDynamized>false</IsDynamized><ContiniuosUpdate>false</ContiniuosUpdate></Parameter><Parameter Name="Максимум" ShortName="10271" Tag="10271" Role="MaxValue" Value="100"><ID ItemID="10271" TaskNumber="0" TypeHash="1" Path="" STType="LREAL" UIDType="Inner"><Owner ItemID="10352" TaskNumber="0" TypeHash="0" STType="" UIDType="Inner" /></ID><Parent ItemID="10352" TaskNumber="0" TypeHash="0" Path="" STType="" UIDType="Inner"><Owner ItemID="10352" TaskNumber="0" TypeHash="0" STType="" UIDType="Inner" /></Parent><IsValueFromTheme>false</IsValueFromTheme><Connections /><IsDynamized>false</IsDynamized><ContiniuosUpdate>false</ContiniuosUpdate></Parameter><Parameter Name="Радиус скругления" ShortName="10273" Tag="10273" Role="CornerRadius" Value="0"><ID ItemID="10273" TaskNumber="0" TypeHash="1" Path="" STType="LREAL" UIDType="Inner"><Owner ItemID="10352" TaskNumber="0" TypeHash="0" STType="" UIDType="Inner" /></ID><Parent ItemID="10352" TaskNumber="0" TypeHash="0" Path="" STType="" UIDType="Inner"><Owner ItemID="10352" TaskNumber="0" TypeHash="0" STType="" UIDType="Inner" /></Parent><IsValueFromTheme>false</IsValueFromTheme><Connections /><IsDynamized>false</IsDynamized><ContiniuosUpdate>false</ContiniuosUpdate></Parameter><Parameter Name="Цвет заполнения" ShortName="10275" Tag="10275" Role="FillColor" Value="rgb(191,191,191)"><ID ItemID="10275" TaskNumber="0" TypeHash="4" Path="" STType="HMI.SolidColorType" UIDType="Inner"><Owner ItemID="10352" TaskNumber="0" TypeHash="0" STType="" UIDType="Inner" /></ID><Parent ItemID="10352" TaskNumber="0" TypeHash="0" Path="" STType="" UIDType="Inner"><Owner ItemID="10352" TaskNumber="0" TypeHash="0" STType="" UIDType="Inner" /></Parent><IsValueFromTheme>false</IsValueFromTheme><Connections /><IsDynamized>false</IsDynamized><ContiniuosUpdate>false</ContiniuosUpdate></Parameter><Parameter Name="XType" ShortName="XType" Tag="0" Role="XType" Value="1"><ID ItemID="4294967290" TaskNumber="0" TypeHash="5" Path="" STType="HMI.SizeType" UIDType="Inner" /><IsValueFromTheme>false</IsValueFromTheme><IsDynamized>false</IsDynamized><ContiniuosUpdate>false</ContiniuosUpdate></Parameter><Parameter Name="YType" ShortName="YType" Tag="0" Role="YType" Value="1"><ID ItemID="4294967289" TaskNumber="0" TypeHash="5" Path="" STType="HMI.SizeType" UIDType="Inner" /><IsValueFromTheme>false</IsValueFromTheme><IsDynamized>false</IsDynamized><ContiniuosUpdate>false</ContiniuosUpdate></Parameter><Parameter Name="ProportionType" ShortName="ProportionType" Tag="0" Role="ProportionType" Value="4"><ID ItemID="4294967288" TaskNumber="0" TypeHash="5" Path="" STType="HMI.ProportionType" UIDType="Inner" /><IsValueFromTheme>false</IsValueFromTheme><IsDynamized>false</IsDynamized><ContiniuosUpdate>false</ContiniuosUpdate></Parameter><Parameter Name="WidthType" ShortName="WidthType" Tag="0" Role="WidthType" Value="1"><ID ItemID="4294967287" TaskNumber="0" TypeHash="5" Path="" STType="HMI.SizeType" UIDType="Inner" /><IsValueFromTheme>false</IsValueFromTheme><IsDynamized>false</IsDynamized><ContiniuosUpdate>false</ContiniuosUpdate></Parameter><Parameter Name="HeightType" ShortName="HeightType" Tag="0" Role="HeightType" Value="1"><ID ItemID="4294967286" TaskNumber="0" TypeHash="5" Path="" STType="HMI.SizeType" UIDType="Inner" /><IsValueFromTheme>false</IsValueFromTheme><IsDynamized>false</IsDynamized><ContiniuosUpdate>false</ContiniuosUpdate></Parameter></Parameters><ObjectId>0</ObjectId><ServerTaskId>-1</ServerTaskId><ServerTaskItemId>0</ServerTaskItemId><Role>Progress</Role><HasConnections>false</HasConnections></Element>