﻿<?xml version="1.0" encoding="utf-8"?><Element xmlns:xsi="http://www.w3.org/2001/XMLSchema-instance" xmlns:xsd="http://www.w3.org/2001/XMLSchema" Name="6290" ShortName="Панель статуса" Tag="6290"><ID ItemID="6290" TaskNumber="0" TypeHash="0" Path="" STType="" UIDType="Inner"><Owner ItemID="6290" TaskNumber="0" TypeHash="0" STType="" UIDType="Inner" /></ID><UsedSTTypes><string>HMI.ResourceType</string><string>DINT</string><string>LREAL</string><string>HMI.SolidColorType</string><string>HMI.GradientColorType</string><string>HMI.BorderStyleType</string><string>STRING</string><string>BOOL</string><string>HMI.TileType</string><string>HMI.DockType</string><string>HMI.HorizontalAlignType</string><string>HMI.VerticalAlignType</string><string>HMI.MouseCursorKinds</string><string>HMI.OrientationType</string><string>HMI.HorizontalAlignTypeExt</string><string>HMI.VerticalAlignTypeExt</string><string>HMI.SizeType</string><string>HMI.ProportionType</string></UsedSTTypes><Parameters><Parameter Name="Образ" ShortName="6212" Tag="6212" Role="SkinResource" Value=""><ID ItemID="6212" TaskNumber="0" TypeHash="4" Path="" STType="HMI.ResourceType" UIDType="Inner"><Owner ItemID="6290" TaskNumber="0" TypeHash="0" STType="" UIDType="Inner" /></ID><Parent ItemID="6290" TaskNumber="0" TypeHash="0" Path="" STType="" UIDType="Inner"><Owner ItemID="6290" TaskNumber="0" TypeHash="0" STType="" UIDType="Inner" /></Parent><IsValueFromTheme>false</IsValueFromTheme><Connections /><IsDynamized>false</IsDynamized><ContiniuosUpdate>false</ContiniuosUpdate></Parameter><Parameter Name="Порядок Z" ShortName="6213" Tag="6213" Role="Z" Value=""><ID ItemID="6213" TaskNumber="0" TypeHash="6" Path="" STType="DINT" UIDType="Inner"><Owner ItemID="6290" TaskNumber="0" TypeHash="0" STType="" UIDType="Inner" /></ID><Parent ItemID="6290" TaskNumber="0" TypeHash="0" Path="" STType="" UIDType="Inner"><Owner ItemID="6290" TaskNumber="0" TypeHash="0" STType="" UIDType="Inner" /></Parent><IsValueFromTheme>false</IsValueFromTheme><Connections /><IsDynamized>false</IsDynamized><ContiniuosUpdate>false</ContiniuosUpdate></Parameter><Parameter Name="Ширина" ShortName="6183" Tag="6183" Role="Width" Value="800"><ID ItemID="6183" TaskNumber="0" TypeHash="1" Path="" STType="LREAL" UIDType="Inner"><Owner ItemID="6290" TaskNumber="0" TypeHash="0" STType="" UIDType="Inner" /></ID><Parent ItemID="6290" TaskNumber="0" TypeHash="0" Path="" STType="" UIDType="Inner"><Owner ItemID="6290" TaskNumber="0" TypeHash="0" STType="" UIDType="Inner" /></Parent><IsValueFromTheme>false</IsValueFromTheme><Connections /><IsDynamized>false</IsDynamized><ContiniuosUpdate>false</ContiniuosUpdate></Parameter><Parameter Name="Высота" ShortName="6184" Tag="6184" Role="Height" Value="20"><ID ItemID="6184" TaskNumber="0" TypeHash="1" Path="" STType="LREAL" UIDType="Inner"><Owner ItemID="6290" TaskNumber="0" TypeHash="0" STType="" UIDType="Inner" /></ID><Parent ItemID="6290" TaskNumber="0" TypeHash="0" Path="" STType="" UIDType="Inner"><Owner ItemID="6290" TaskNumber="0" TypeHash="0" STType="" UIDType="Inner" /></Parent><IsValueFromTheme>false</IsValueFromTheme><Connections /><IsDynamized>false</IsDynamized><ContiniuosUpdate>false</ContiniuosUpdate></Parameter><Parameter Name="Угол поворота" ShortName="6185" Tag="6185" Role="Angle" Value="0"><ID ItemID="6185" TaskNumber="0" TypeHash="1" Path="" STType="LREAL" UIDType="Inner"><Owner ItemID="6290" TaskNumber="0" TypeHash="0" STType="" UIDType="Inner" /></ID><Parent ItemID="6290" TaskNumber="0" TypeHash="0" Path="" STType="" UIDType="Inner"><Owner ItemID="6290" TaskNumber="0" TypeHash="0" STType="" UIDType="Inner" /></Parent><IsValueFromTheme>false</IsValueFromTheme><Connections /><IsDynamized>false</IsDynamized><ContiniuosUpdate>false</ContiniuosUpdate></Parameter><Parameter Name="Масштаб X" ShortName="6186" Tag="6186" Role="ScaleX" Value="1"><ID ItemID="6186" TaskNumber="0" TypeHash="1" Path="" STType="LREAL" UIDType="Inner"><Owner ItemID="6290" TaskNumber="0" TypeHash="0" STType="" UIDType="Inner" /></ID><Parent ItemID="6290" TaskNumber="0" TypeHash="0" Path="" STType="" UIDType="Inner"><Owner ItemID="6290" TaskNumber="0" TypeHash="0" STType="" UIDType="Inner" /></Parent><IsValueFromTheme>false</IsValueFromTheme><Connections /><IsDynamized>false</IsDynamized><ContiniuosUpdate>false</ContiniuosUpdate></Parameter><Parameter Name="Масштаб Y" ShortName="6187" Tag="6187" Role="ScaleY" Value="1"><ID ItemID="6187" TaskNumber="0" TypeHash="1" Path="" STType="LREAL" UIDType="Inner"><Owner ItemID="6290" TaskNumber="0" TypeHash="0" STType="" UIDType="Inner" /></ID><Parent ItemID="6290" TaskNumber="0" TypeHash="0" Path="" STType="" UIDType="Inner"><Owner ItemID="6290" TaskNumber="0" TypeHash="0" STType="" UIDType="Inner" /></Parent><IsValueFromTheme>false</IsValueFromTheme><Connections /><IsDynamized>false</IsDynamized><ContiniuosUpdate>false</ContiniuosUpdate></Parameter><Parameter Name="Толщина рамки" ShortName="6188" Tag="6188" Role="BorderThickness" Value="1"><ID ItemID="6188" TaskNumber="0" TypeHash="1" Path="" STType="LREAL" UIDType="Inner"><Owner ItemID="6290" TaskNumber="0" TypeHash="0" STType="" UIDType="Inner" /></ID><Parent ItemID="6290" TaskNumber="0" TypeHash="0" Path="" STType="" UIDType="Inner"><Owner ItemID="6290" TaskNumber="0" TypeHash="0" STType="" UIDType="Inner" /></Parent><IsValueFromTheme>false</IsValueFromTheme><Connections /><IsDynamized>false</IsDynamized><ContiniuosUpdate>false</ContiniuosUpdate></Parameter><Parameter Name="Цвет рамки" ShortName="6189" Tag="6189" Role="BorderColor" Value="GRAY"><ID ItemID="6189" TaskNumber="0" TypeHash="4" Path="" STType="HMI.SolidColorType" UIDType="Inner"><Owner ItemID="6290" TaskNumber="0" TypeHash="0" STType="" UIDType="Inner" /></ID><Parent ItemID="6290" TaskNumber="0" TypeHash="0" Path="" STType="" UIDType="Inner"><Owner ItemID="6290" TaskNumber="0" TypeHash="0" STType="" UIDType="Inner" /></Parent><IsValueFromTheme>false</IsValueFromTheme><Connections /><IsDynamized>false</IsDynamized><ContiniuosUpdate>false</ContiniuosUpdate></Parameter><Parameter Name="Заливка фона" ShortName="6190" Tag="6190" Role="BackgroundColor" Value="rgb(245,240,245)"><ID ItemID="6190" TaskNumber="0" TypeHash="4" Path="" STType="HMI.GradientColorType" UIDType="Inner"><Owner ItemID="6290" TaskNumber="0" TypeHash="0" STType="" UIDType="Inner" /></ID><Parent ItemID="6290" TaskNumber="0" TypeHash="0" Path="" STType="" UIDType="Inner"><Owner ItemID="6290" TaskNumber="0" TypeHash="0" STType="" UIDType="Inner" /></Parent><IsValueFromTheme>false</IsValueFromTheme><Connections /><IsDynamized>false</IsDynamized><ContiniuosUpdate>false</ContiniuosUpdate></Parameter><Parameter Name="Прозрачность" ShortName="6191" Tag="6191" Role="Opacity" Value="100"><ID ItemID="6191" TaskNumber="0" TypeHash="1" Path="" STType="LREAL" UIDType="Inner"><Owner ItemID="6290" TaskNumber="0" TypeHash="0" STType="" UIDType="Inner" /></ID><Parent ItemID="6290" TaskNumber="0" TypeHash="0" Path="" STType="" UIDType="Inner"><Owner ItemID="6290" TaskNumber="0" TypeHash="0" STType="" UIDType="Inner" /></Parent><IsValueFromTheme>false</IsValueFromTheme><Connections /><IsDynamized>false</IsDynamized><ContiniuosUpdate>false</ContiniuosUpdate></Parameter><Parameter Name="Стиль рамки" ShortName="6192" Tag="6192" Role="BorderStyle" Value="0"><ID ItemID="6192" TaskNumber="0" TypeHash="5" Path="" STType="HMI.BorderStyleType" UIDType="Inner"><Owner ItemID="6290" TaskNumber="0" TypeHash="0" STType="" UIDType="Inner" /></ID><Parent ItemID="6290" TaskNumber="0" TypeHash="0" Path="" STType="" UIDType="Inner"><Owner ItemID="6290" TaskNumber="0" TypeHash="0" STType="" UIDType="Inner" /></Parent><IsValueFromTheme>false</IsValueFromTheme><Connections /><IsDynamized>false</IsDynamized><ContiniuosUpdate>false</ContiniuosUpdate></Parameter><Parameter Name="Всплывающая подсказка" ShortName="6193" Tag="6193" Role="ToolTip" Value=""><ID ItemID="6193" TaskNumber="0" TypeHash="4" Path="" STType="STRING" UIDType="Inner"><Owner ItemID="6290" TaskNumber="0" TypeHash="0" STType="" UIDType="Inner" /></ID><Parent ItemID="6290" TaskNumber="0" TypeHash="0" Path="" STType="" UIDType="Inner"><Owner ItemID="6290" TaskNumber="0" TypeHash="0" STType="" UIDType="Inner" /></Parent><IsValueFromTheme>false</IsValueFromTheme><Connections /><IsDynamized>false</IsDynamized><ContiniuosUpdate>false</ContiniuosUpdate></Parameter><Parameter Name="Мигание" ShortName="6194" Tag="6194" Role="Flash" Value="False"><ID ItemID="6194" TaskNumber="0" TypeHash="3" Path="" STType="BOOL" UIDType="Inner"><Owner ItemID="6290" TaskNumber="0" TypeHash="0" STType="" UIDType="Inner" /></ID><Parent ItemID="6290" TaskNumber="0" TypeHash="0" Path="" STType="" UIDType="Inner"><Owner ItemID="6290" TaskNumber="0" TypeHash="0" STType="" UIDType="Inner" /></Parent><IsValueFromTheme>false</IsValueFromTheme><Connections /><IsDynamized>false</IsDynamized><ContiniuosUpdate>false</ContiniuosUpdate></Parameter><Parameter Name="Размер тени" ShortName="6195" Tag="6195" Role="ShadowSize" Value="0"><ID ItemID="6195" TaskNumber="0" TypeHash="6" Path="" STType="DINT" UIDType="Inner"><Owner ItemID="6290" TaskNumber="0" TypeHash="0" STType="" UIDType="Inner" /></ID><Parent ItemID="6290" TaskNumber="0" TypeHash="0" Path="" STType="" UIDType="Inner"><Owner ItemID="6290" TaskNumber="0" TypeHash="0" STType="" UIDType="Inner" /></Parent><IsValueFromTheme>false</IsValueFromTheme><Connections /><IsDynamized>false</IsDynamized><ContiniuosUpdate>false</ContiniuosUpdate></Parameter><Parameter Name="Цвет тени" ShortName="6196" Tag="6196" Role="ShadowColor" Value="rgb(240,240,240)"><ID ItemID="6196" TaskNumber="0" TypeHash="4" Path="" STType="HMI.SolidColorType" UIDType="Inner"><Owner ItemID="6290" TaskNumber="0" TypeHash="0" STType="" UIDType="Inner" /></ID><Parent ItemID="6290" TaskNumber="0" TypeHash="0" Path="" STType="" UIDType="Inner"><Owner ItemID="6290" TaskNumber="0" TypeHash="0" STType="" UIDType="Inner" /></Parent><IsValueFromTheme>false</IsValueFromTheme><Connections /><IsDynamized>false</IsDynamized><ContiniuosUpdate>false</ContiniuosUpdate></Parameter><Parameter Name="Изображение фона" ShortName="6197" Tag="6197" Role="Resource" Value=""><ID ItemID="6197" TaskNumber="0" TypeHash="4" Path="" STType="HMI.ResourceType" UIDType="Inner"><Owner ItemID="6290" TaskNumber="0" TypeHash="0" STType="" UIDType="Inner" /></ID><Parent ItemID="6290" TaskNumber="0" TypeHash="0" Path="" STType="" UIDType="Inner"><Owner ItemID="6290" TaskNumber="0" TypeHash="0" STType="" UIDType="Inner" /></Parent><IsValueFromTheme>false</IsValueFromTheme><Connections /><IsDynamized>false</IsDynamized><ContiniuosUpdate>false</ContiniuosUpdate></Parameter><Parameter Name="Замостка фона" ShortName="6198" Tag="6198" Role="BackgroundTile" Value="2"><ID ItemID="6198" TaskNumber="0" TypeHash="5" Path="" STType="HMI.TileType" UIDType="Inner"><Owner ItemID="6290" TaskNumber="0" TypeHash="0" STType="" UIDType="Inner" /></ID><Parent ItemID="6290" TaskNumber="0" TypeHash="0" Path="" STType="" UIDType="Inner"><Owner ItemID="6290" TaskNumber="0" TypeHash="0" STType="" UIDType="Inner" /></Parent><IsValueFromTheme>false</IsValueFromTheme><Connections /><IsDynamized>false</IsDynamized><ContiniuosUpdate>false</ContiniuosUpdate></Parameter><Parameter Name="Видимость" ShortName="6199" Tag="6199" Role="IsVisible" Value="True"><ID ItemID="6199" TaskNumber="0" TypeHash="3" Path="" STType="BOOL" UIDType="Inner"><Owner ItemID="6290" TaskNumber="0" TypeHash="0" STType="" UIDType="Inner" /></ID><Parent ItemID="6290" TaskNumber="0" TypeHash="0" Path="" STType="" UIDType="Inner"><Owner ItemID="6290" TaskNumber="0" TypeHash="0" STType="" UIDType="Inner" /></Parent><IsValueFromTheme>false</IsValueFromTheme><Connections /><IsDynamized>false</IsDynamized><ContiniuosUpdate>false</ContiniuosUpdate></Parameter><Parameter Name="Активность" ShortName="6200" Tag="6200" Role="IsEnabled" Value="True"><ID ItemID="6200" TaskNumber="0" TypeHash="3" Path="" STType="BOOL" UIDType="Inner"><Owner ItemID="6290" TaskNumber="0" TypeHash="0" STType="" UIDType="Inner" /></ID><Parent ItemID="6290" TaskNumber="0" TypeHash="0" Path="" STType="" UIDType="Inner"><Owner ItemID="6290" TaskNumber="0" TypeHash="0" STType="" UIDType="Inner" /></Parent><IsValueFromTheme>false</IsValueFromTheme><Connections /><IsDynamized>false</IsDynamized><ContiniuosUpdate>false</ContiniuosUpdate></Parameter><Parameter Name="Показывать иконки связей" ShortName="6206" Tag="6206" Role="ShowConnectionIcons" Value="True"><ID ItemID="6206" TaskNumber="0" TypeHash="3" Path="" STType="BOOL" UIDType="Inner"><Owner ItemID="6290" TaskNumber="0" TypeHash="0" STType="" UIDType="Inner" /></ID><Parent ItemID="6290" TaskNumber="0" TypeHash="0" Path="" STType="" UIDType="Inner"><Owner ItemID="6290" TaskNumber="0" TypeHash="0" STType="" UIDType="Inner" /></Parent><IsValueFromTheme>false</IsValueFromTheme><Connections /><IsDynamized>false</IsDynamized><ContiniuosUpdate>false</ContiniuosUpdate></Parameter><Parameter Name="Показывать иконки неквитированных" ShortName="6207" Tag="6207" Role="ShowNotAckedMessagesIcon" Value="True"><ID ItemID="6207" TaskNumber="0" TypeHash="3" Path="" STType="BOOL" UIDType="Inner"><Owner ItemID="6290" TaskNumber="0" TypeHash="0" STType="" UIDType="Inner" /></ID><Parent ItemID="6290" TaskNumber="0" TypeHash="0" Path="" STType="" UIDType="Inner"><Owner ItemID="6290" TaskNumber="0" TypeHash="0" STType="" UIDType="Inner" /></Parent><IsValueFromTheme>false</IsValueFromTheme><Connections /><IsDynamized>false</IsDynamized><ContiniuosUpdate>false</ContiniuosUpdate></Parameter><Parameter Name="Показывать кнопку квитирования" ShortName="6208" Tag="6208" Role="ShowAckButton" Value="True"><ID ItemID="6208" TaskNumber="0" TypeHash="3" Path="" STType="BOOL" UIDType="Inner"><Owner ItemID="6290" TaskNumber="0" TypeHash="0" STType="" UIDType="Inner" /></ID><Parent ItemID="6290" TaskNumber="0" TypeHash="0" Path="" STType="" UIDType="Inner"><Owner ItemID="6290" TaskNumber="0" TypeHash="0" STType="" UIDType="Inner" /></Parent><IsValueFromTheme>false</IsValueFromTheme><Connections /><IsDynamized>false</IsDynamized><ContiniuosUpdate>false</ContiniuosUpdate></Parameter><Parameter Name="Клавиатурный индекс" ShortName="6201" Tag="6201" Role="TabIndex" Value=""><ID ItemID="6201" TaskNumber="0" TypeHash="6" Path="" STType="DINT" UIDType="Inner"><Owner ItemID="6290" TaskNumber="0" TypeHash="0" STType="" UIDType="Inner" /></ID><Parent ItemID="6290" TaskNumber="0" TypeHash="0" Path="" STType="" UIDType="Inner"><Owner ItemID="6290" TaskNumber="0" TypeHash="0" STType="" UIDType="Inner" /></Parent><IsValueFromTheme>false</IsValueFromTheme><Connections /><IsDynamized>false</IsDynamized><ContiniuosUpdate>false</ContiniuosUpdate></Parameter><Parameter Name="Автовсплывание" ShortName="6211" Tag="6211" Role="AutoPopup" Value="True"><ID ItemID="6211" TaskNumber="0" TypeHash="3" Path="" STType="BOOL" UIDType="Inner"><Owner ItemID="6290" TaskNumber="0" TypeHash="0" STType="" UIDType="Inner" /></ID><Parent ItemID="6290" TaskNumber="0" TypeHash="0" Path="" STType="" UIDType="Inner"><Owner ItemID="6290" TaskNumber="0" TypeHash="0" STType="" UIDType="Inner" /></Parent><IsValueFromTheme>false</IsValueFromTheme><Connections /><IsDynamized>false</IsDynamized><ContiniuosUpdate>false</ContiniuosUpdate></Parameter><Parameter Name="Координата X" ShortName="6209" Tag="6209" Role="X" Value="0"><ID ItemID="6209" TaskNumber="0" TypeHash="1" Path="" STType="LREAL" UIDType="Inner"><Owner ItemID="6290" TaskNumber="0" TypeHash="0" STType="" UIDType="Inner" /></ID><Parent ItemID="6290" TaskNumber="0" TypeHash="0" Path="" STType="" UIDType="Inner"><Owner ItemID="6290" TaskNumber="0" TypeHash="0" STType="" UIDType="Inner" /></Parent><IsValueFromTheme>false</IsValueFromTheme><Connections /><IsDynamized>false</IsDynamized><ContiniuosUpdate>false</ContiniuosUpdate></Parameter><Parameter Name="Координата Y" ShortName="6210" Tag="6210" Role="Y" Value="0"><ID ItemID="6210" TaskNumber="0" TypeHash="1" Path="" STType="LREAL" UIDType="Inner"><Owner ItemID="6290" TaskNumber="0" TypeHash="0" STType="" UIDType="Inner" /></ID><Parent ItemID="6290" TaskNumber="0" TypeHash="0" Path="" STType="" UIDType="Inner"><Owner ItemID="6290" TaskNumber="0" TypeHash="0" STType="" UIDType="Inner" /></Parent><IsValueFromTheme>false</IsValueFromTheme><Connections /><IsDynamized>false</IsDynamized><ContiniuosUpdate>false</ContiniuosUpdate></Parameter><Parameter Name="Положение" ShortName="6214" Tag="6214" Role="DockStyle" Value="3"><ID ItemID="6214" TaskNumber="0" TypeHash="5" Path="" STType="HMI.DockType" UIDType="Inner"><Owner ItemID="6290" TaskNumber="0" TypeHash="0" STType="" UIDType="Inner" /></ID><Parent ItemID="6290" TaskNumber="0" TypeHash="0" Path="" STType="" UIDType="Inner"><Owner ItemID="6290" TaskNumber="0" TypeHash="0" STType="" UIDType="Inner" /></Parent><IsValueFromTheme>false</IsValueFromTheme><Connections /><IsDynamized>false</IsDynamized><ContiniuosUpdate>false</ContiniuosUpdate></Parameter><Parameter Name="Горизонтальное выравнивание" ShortName="6215" Tag="6215" Role="HorizontalAlign" Value="1"><ID ItemID="6215" TaskNumber="0" TypeHash="5" Path="" STType="HMI.HorizontalAlignType" UIDType="Inner"><Owner ItemID="6290" TaskNumber="0" TypeHash="0" STType="" UIDType="Inner" /></ID><Parent ItemID="6290" TaskNumber="0" TypeHash="0" Path="" STType="" UIDType="Inner"><Owner ItemID="6290" TaskNumber="0" TypeHash="0" STType="" UIDType="Inner" /></Parent><IsValueFromTheme>false</IsValueFromTheme><Connections /><IsDynamized>false</IsDynamized><ContiniuosUpdate>false</ContiniuosUpdate></Parameter><Parameter Name="Вертикальное выравнивание" ShortName="6216" Tag="6216" Role="VerticalAlign" Value="1"><ID ItemID="6216" TaskNumber="0" TypeHash="5" Path="" STType="HMI.VerticalAlignType" UIDType="Inner"><Owner ItemID="6290" TaskNumber="0" TypeHash="0" STType="" UIDType="Inner" /></ID><Parent ItemID="6290" TaskNumber="0" TypeHash="0" Path="" STType="" UIDType="Inner"><Owner ItemID="6290" TaskNumber="0" TypeHash="0" STType="" UIDType="Inner" /></Parent><IsValueFromTheme>false</IsValueFromTheme><Connections /><IsDynamized>false</IsDynamized><ContiniuosUpdate>false</ContiniuosUpdate></Parameter><Parameter Name="Вид курсора" ShortName="6218" Tag="6218" Role="MouseCursorKind" Value="0"><ID ItemID="6218" TaskNumber="0" TypeHash="5" Path="" STType="HMI.MouseCursorKinds" UIDType="Inner"><Owner ItemID="6290" TaskNumber="0" TypeHash="0" STType="" UIDType="Inner" /></ID><Parent ItemID="6290" TaskNumber="0" TypeHash="0" Path="" STType="" UIDType="Inner"><Owner ItemID="6290" TaskNumber="0" TypeHash="0" STType="" UIDType="Inner" /></Parent><IsValueFromTheme>false</IsValueFromTheme><Connections /><IsDynamized>false</IsDynamized><ContiniuosUpdate>false</ContiniuosUpdate></Parameter><Parameter Name="Радиус скругления" ShortName="6202" Tag="6202" Role="CornerRadius" Value="0"><ID ItemID="6202" TaskNumber="0" TypeHash="1" Path="" STType="LREAL" UIDType="Inner"><Owner ItemID="6290" TaskNumber="0" TypeHash="0" STType="" UIDType="Inner" /></ID><Parent ItemID="6290" TaskNumber="0" TypeHash="0" Path="" STType="" UIDType="Inner"><Owner ItemID="6290" TaskNumber="0" TypeHash="0" STType="" UIDType="Inner" /></Parent><IsValueFromTheme>false</IsValueFromTheme><Connections /><IsDynamized>false</IsDynamized><ContiniuosUpdate>false</ContiniuosUpdate></Parameter><Parameter Name="Ориентация" ShortName="6203" Tag="6203" Role="Orientation" Value="0"><ID ItemID="6203" TaskNumber="0" TypeHash="5" Path="" STType="HMI.OrientationType" UIDType="Inner"><Owner ItemID="6290" TaskNumber="0" TypeHash="0" STType="" UIDType="Inner" /></ID><Parent ItemID="6290" TaskNumber="0" TypeHash="0" Path="" STType="" UIDType="Inner"><Owner ItemID="6290" TaskNumber="0" TypeHash="0" STType="" UIDType="Inner" /></Parent><IsValueFromTheme>false</IsValueFromTheme><Connections /><IsDynamized>false</IsDynamized><ContiniuosUpdate>false</ContiniuosUpdate></Parameter><Parameter Name="Горизонтальное выравнивание элементов" ShortName="6204" Tag="6204" Role="HorizontalElementsAlign" Value="3"><ID ItemID="6204" TaskNumber="0" TypeHash="5" Path="" STType="HMI.HorizontalAlignTypeExt" UIDType="Inner"><Owner ItemID="6290" TaskNumber="0" TypeHash="0" STType="" UIDType="Inner" /></ID><Parent ItemID="6290" TaskNumber="0" TypeHash="0" Path="" STType="" UIDType="Inner"><Owner ItemID="6290" TaskNumber="0" TypeHash="0" STType="" UIDType="Inner" /></Parent><IsValueFromTheme>false</IsValueFromTheme><Connections /><IsDynamized>false</IsDynamized><ContiniuosUpdate>false</ContiniuosUpdate></Parameter><Parameter Name="Вертикальное выравнивание элементов" ShortName="6205" Tag="6205" Role="VerticalElementsAlign" Value="3"><ID ItemID="6205" TaskNumber="0" TypeHash="5" Path="" STType="HMI.VerticalAlignTypeExt" UIDType="Inner"><Owner ItemID="6290" TaskNumber="0" TypeHash="0" STType="" UIDType="Inner" /></ID><Parent ItemID="6290" TaskNumber="0" TypeHash="0" Path="" STType="" UIDType="Inner"><Owner ItemID="6290" TaskNumber="0" TypeHash="0" STType="" UIDType="Inner" /></Parent><IsValueFromTheme>false</IsValueFromTheme><Connections /><IsDynamized>false</IsDynamized><ContiniuosUpdate>false</ContiniuosUpdate></Parameter><Parameter Name="Плиточное заполнение" ShortName="6217" Tag="6217" Role="Tiled" Value="False"><ID ItemID="6217" TaskNumber="0" TypeHash="3" Path="" STType="BOOL" UIDType="Inner"><Owner ItemID="6290" TaskNumber="0" TypeHash="0" STType="" UIDType="Inner" /></ID><Parent ItemID="6290" TaskNumber="0" TypeHash="0" Path="" STType="" UIDType="Inner"><Owner ItemID="6290" TaskNumber="0" TypeHash="0" STType="" UIDType="Inner" /></Parent><IsValueFromTheme>false</IsValueFromTheme><Connections /><IsDynamized>false</IsDynamized><ContiniuosUpdate>false</ContiniuosUpdate></Parameter><Parameter Name="XType" ShortName="XType" Tag="0" Role="XType" Value="1"><ID ItemID="4294967295" TaskNumber="0" TypeHash="5" Path="" STType="HMI.SizeType" UIDType="Inner" /><IsValueFromTheme>false</IsValueFromTheme><IsDynamized>false</IsDynamized><ContiniuosUpdate>false</ContiniuosUpdate></Parameter><Parameter Name="YType" ShortName="YType" Tag="0" Role="YType" Value="1"><ID ItemID="4294967294" TaskNumber="0" TypeHash="5" Path="" STType="HMI.SizeType" UIDType="Inner" /><IsValueFromTheme>false</IsValueFromTheme><IsDynamized>false</IsDynamized><ContiniuosUpdate>false</ContiniuosUpdate></Parameter><Parameter Name="ProportionType" ShortName="ProportionType" Tag="0" Role="ProportionType" Value="4"><ID ItemID="4294967293" TaskNumber="0" TypeHash="5" Path="" STType="HMI.ProportionType" UIDType="Inner" /><IsValueFromTheme>false</IsValueFromTheme><IsDynamized>false</IsDynamized><ContiniuosUpdate>false</ContiniuosUpdate></Parameter><Parameter Name="WidthType" ShortName="WidthType" Tag="0" Role="WidthType" Value="1"><ID ItemID="4294967292" TaskNumber="0" TypeHash="5" Path="" STType="HMI.SizeType" UIDType="Inner" /><IsValueFromTheme>false</IsValueFromTheme><IsDynamized>false</IsDynamized><ContiniuosUpdate>false</ContiniuosUpdate></Parameter><Parameter Name="HeightType" ShortName="HeightType" Tag="0" Role="HeightType" Value="1"><ID ItemID="4294967291" TaskNumber="0" TypeHash="5" Path="" STType="HMI.SizeType" UIDType="Inner" /><IsValueFromTheme>false</IsValueFromTheme><IsDynamized>false</IsDynamized><ContiniuosUpdate>false</ContiniuosUpdate></Parameter></Parameters><ObjectId>0</ObjectId><ServerTaskId>-1</ServerTaskId><ServerTaskItemId>0</ServerTaskItemId><Role>TaskBar</Role><HasConnections>false</HasConnections></Element>