﻿<?xml version="1.0" encoding="utf-8"?><Element xmlns:xsi="http://www.w3.org/2001/XMLSchema-instance" xmlns:xsd="http://www.w3.org/2001/XMLSchema" Name="8688" ShortName="Текст" Tag="8688"><ID ItemID="8688" TaskNumber="0" TypeHash="0" Path="" STType="" UIDType="Inner"><Owner ItemID="8688" TaskNumber="0" TypeHash="0" STType="" UIDType="Inner" /></ID><UsedSTTypes><string>HMI.ResourceType</string><string>DINT</string><string>LREAL</string><string>HMI.SolidColorType</string><string>HMI.GradientColorType</string><string>HMI.BorderStyleType</string><string>STRING</string><string>BOOL</string><string>HMI.TileType</string><string>HMI.DockType</string><string>HMI.HorizontalAlignType</string><string>HMI.VerticalAlignType</string><string>HMI.MouseCursorKinds</string><string>BYTE</string><string>HMI.SizeType</string><string>HMI.ProportionType</string></UsedSTTypes><Parameters><Parameter Name="Образ" ShortName="8617" Tag="8617" Role="SkinResource" Value=""><ID ItemID="8617" TaskNumber="0" TypeHash="4" Path="" STType="HMI.ResourceType" UIDType="Inner"><Owner ItemID="8688" TaskNumber="0" TypeHash="0" STType="" UIDType="Inner" /></ID><Parent ItemID="8688" TaskNumber="0" TypeHash="0" Path="" STType="" UIDType="Inner"><Owner ItemID="8688" TaskNumber="0" TypeHash="0" STType="" UIDType="Inner" /></Parent><IsValueFromTheme>false</IsValueFromTheme><Connections /><IsDynamized>false</IsDynamized><ContiniuosUpdate>false</ContiniuosUpdate></Parameter><Parameter Name="Порядок Z" ShortName="8618" Tag="8618" Role="Z" Value=""><ID ItemID="8618" TaskNumber="0" TypeHash="6" Path="" STType="DINT" UIDType="Inner"><Owner ItemID="8688" TaskNumber="0" TypeHash="0" STType="" UIDType="Inner" /></ID><Parent ItemID="8688" TaskNumber="0" TypeHash="0" Path="" STType="" UIDType="Inner"><Owner ItemID="8688" TaskNumber="0" TypeHash="0" STType="" UIDType="Inner" /></Parent><IsValueFromTheme>false</IsValueFromTheme><Connections /><IsDynamized>false</IsDynamized><ContiniuosUpdate>false</ContiniuosUpdate></Parameter><Parameter Name="Ширина" ShortName="8584" Tag="8584" Role="Width" Value="80"><ID ItemID="8584" TaskNumber="0" TypeHash="1" Path="" STType="LREAL" UIDType="Inner"><Owner ItemID="8688" TaskNumber="0" TypeHash="0" STType="" UIDType="Inner" /></ID><Parent ItemID="8688" TaskNumber="0" TypeHash="0" Path="" STType="" UIDType="Inner"><Owner ItemID="8688" TaskNumber="0" TypeHash="0" STType="" UIDType="Inner" /></Parent><IsValueFromTheme>false</IsValueFromTheme><Connections /><IsDynamized>false</IsDynamized><ContiniuosUpdate>false</ContiniuosUpdate></Parameter><Parameter Name="Высота" ShortName="8585" Tag="8585" Role="Height" Value="20"><ID ItemID="8585" TaskNumber="0" TypeHash="1" Path="" STType="LREAL" UIDType="Inner"><Owner ItemID="8688" TaskNumber="0" TypeHash="0" STType="" UIDType="Inner" /></ID><Parent ItemID="8688" TaskNumber="0" TypeHash="0" Path="" STType="" UIDType="Inner"><Owner ItemID="8688" TaskNumber="0" TypeHash="0" STType="" UIDType="Inner" /></Parent><IsValueFromTheme>false</IsValueFromTheme><Connections /><IsDynamized>false</IsDynamized><ContiniuosUpdate>false</ContiniuosUpdate></Parameter><Parameter Name="Угол поворота" ShortName="8586" Tag="8586" Role="Angle" Value="0"><ID ItemID="8586" TaskNumber="0" TypeHash="1" Path="" STType="LREAL" UIDType="Inner"><Owner ItemID="8688" TaskNumber="0" TypeHash="0" STType="" UIDType="Inner" /></ID><Parent ItemID="8688" TaskNumber="0" TypeHash="0" Path="" STType="" UIDType="Inner"><Owner ItemID="8688" TaskNumber="0" TypeHash="0" STType="" UIDType="Inner" /></Parent><IsValueFromTheme>false</IsValueFromTheme><Connections /><IsDynamized>false</IsDynamized><ContiniuosUpdate>false</ContiniuosUpdate></Parameter><Parameter Name="Масштаб X" ShortName="8587" Tag="8587" Role="ScaleX" Value="1"><ID ItemID="8587" TaskNumber="0" TypeHash="1" Path="" STType="LREAL" UIDType="Inner"><Owner ItemID="8688" TaskNumber="0" TypeHash="0" STType="" UIDType="Inner" /></ID><Parent ItemID="8688" TaskNumber="0" TypeHash="0" Path="" STType="" UIDType="Inner"><Owner ItemID="8688" TaskNumber="0" TypeHash="0" STType="" UIDType="Inner" /></Parent><IsValueFromTheme>false</IsValueFromTheme><Connections /><IsDynamized>false</IsDynamized><ContiniuosUpdate>false</ContiniuosUpdate></Parameter><Parameter Name="Масштаб Y" ShortName="8588" Tag="8588" Role="ScaleY" Value="1"><ID ItemID="8588" TaskNumber="0" TypeHash="1" Path="" STType="LREAL" UIDType="Inner"><Owner ItemID="8688" TaskNumber="0" TypeHash="0" STType="" UIDType="Inner" /></ID><Parent ItemID="8688" TaskNumber="0" TypeHash="0" Path="" STType="" UIDType="Inner"><Owner ItemID="8688" TaskNumber="0" TypeHash="0" STType="" UIDType="Inner" /></Parent><IsValueFromTheme>false</IsValueFromTheme><Connections /><IsDynamized>false</IsDynamized><ContiniuosUpdate>false</ContiniuosUpdate></Parameter><Parameter Name="Толщина рамки" ShortName="8589" Tag="8589" Role="BorderThickness" Value="0"><ID ItemID="8589" TaskNumber="0" TypeHash="1" Path="" STType="LREAL" UIDType="Inner"><Owner ItemID="8688" TaskNumber="0" TypeHash="0" STType="" UIDType="Inner" /></ID><Parent ItemID="8688" TaskNumber="0" TypeHash="0" Path="" STType="" UIDType="Inner"><Owner ItemID="8688" TaskNumber="0" TypeHash="0" STType="" UIDType="Inner" /></Parent><IsValueFromTheme>false</IsValueFromTheme><Connections /><IsDynamized>false</IsDynamized><ContiniuosUpdate>false</ContiniuosUpdate></Parameter><Parameter Name="Цвет рамки" ShortName="8590" Tag="8590" Role="BorderColor" Value="GRAY"><ID ItemID="8590" TaskNumber="0" TypeHash="4" Path="" STType="HMI.SolidColorType" UIDType="Inner"><Owner ItemID="8688" TaskNumber="0" TypeHash="0" STType="" UIDType="Inner" /></ID><Parent ItemID="8688" TaskNumber="0" TypeHash="0" Path="" STType="" UIDType="Inner"><Owner ItemID="8688" TaskNumber="0" TypeHash="0" STType="" UIDType="Inner" /></Parent><IsValueFromTheme>false</IsValueFromTheme><Connections /><IsDynamized>false</IsDynamized><ContiniuosUpdate>false</ContiniuosUpdate></Parameter><Parameter Name="Заливка фона" ShortName="8591" Tag="8591" Role="BackgroundColor" Value="Transparent"><ID ItemID="8591" TaskNumber="0" TypeHash="4" Path="" STType="HMI.GradientColorType" UIDType="Inner"><Owner ItemID="8688" TaskNumber="0" TypeHash="0" STType="" UIDType="Inner" /></ID><Parent ItemID="8688" TaskNumber="0" TypeHash="0" Path="" STType="" UIDType="Inner"><Owner ItemID="8688" TaskNumber="0" TypeHash="0" STType="" UIDType="Inner" /></Parent><IsValueFromTheme>false</IsValueFromTheme><Connections /><IsDynamized>false</IsDynamized><ContiniuosUpdate>false</ContiniuosUpdate></Parameter><Parameter Name="Прозрачность" ShortName="8592" Tag="8592" Role="Opacity" Value="100"><ID ItemID="8592" TaskNumber="0" TypeHash="1" Path="" STType="LREAL" UIDType="Inner"><Owner ItemID="8688" TaskNumber="0" TypeHash="0" STType="" UIDType="Inner" /></ID><Parent ItemID="8688" TaskNumber="0" TypeHash="0" Path="" STType="" UIDType="Inner"><Owner ItemID="8688" TaskNumber="0" TypeHash="0" STType="" UIDType="Inner" /></Parent><IsValueFromTheme>false</IsValueFromTheme><Connections /><IsDynamized>false</IsDynamized><ContiniuosUpdate>false</ContiniuosUpdate></Parameter><Parameter Name="Стиль рамки" ShortName="8604" Tag="8604" Role="BorderStyle" Value="0"><ID ItemID="8604" TaskNumber="0" TypeHash="5" Path="" STType="HMI.BorderStyleType" UIDType="Inner"><Owner ItemID="8688" TaskNumber="0" TypeHash="0" STType="" UIDType="Inner" /></ID><Parent ItemID="8688" TaskNumber="0" TypeHash="0" Path="" STType="" UIDType="Inner"><Owner ItemID="8688" TaskNumber="0" TypeHash="0" STType="" UIDType="Inner" /></Parent><IsValueFromTheme>false</IsValueFromTheme><Connections /><IsDynamized>false</IsDynamized><ContiniuosUpdate>false</ContiniuosUpdate></Parameter><Parameter Name="Всплывающая подсказка" ShortName="8594" Tag="8594" Role="ToolTip" Value=""><ID ItemID="8594" TaskNumber="0" TypeHash="4" Path="" STType="STRING" UIDType="Inner"><Owner ItemID="8688" TaskNumber="0" TypeHash="0" STType="" UIDType="Inner" /></ID><Parent ItemID="8688" TaskNumber="0" TypeHash="0" Path="" STType="" UIDType="Inner"><Owner ItemID="8688" TaskNumber="0" TypeHash="0" STType="" UIDType="Inner" /></Parent><IsValueFromTheme>false</IsValueFromTheme><Connections /><IsDynamized>false</IsDynamized><ContiniuosUpdate>false</ContiniuosUpdate></Parameter><Parameter Name="Мигание" ShortName="8605" Tag="8605" Role="Flash" Value="False"><ID ItemID="8605" TaskNumber="0" TypeHash="3" Path="" STType="BOOL" UIDType="Inner"><Owner ItemID="8688" TaskNumber="0" TypeHash="0" STType="" UIDType="Inner" /></ID><Parent ItemID="8688" TaskNumber="0" TypeHash="0" Path="" STType="" UIDType="Inner"><Owner ItemID="8688" TaskNumber="0" TypeHash="0" STType="" UIDType="Inner" /></Parent><IsValueFromTheme>false</IsValueFromTheme><Connections /><IsDynamized>false</IsDynamized><ContiniuosUpdate>false</ContiniuosUpdate></Parameter><Parameter Name="Размер тени" ShortName="8606" Tag="8606" Role="ShadowSize" Value="0"><ID ItemID="8606" TaskNumber="0" TypeHash="6" Path="" STType="DINT" UIDType="Inner"><Owner ItemID="8688" TaskNumber="0" TypeHash="0" STType="" UIDType="Inner" /></ID><Parent ItemID="8688" TaskNumber="0" TypeHash="0" Path="" STType="" UIDType="Inner"><Owner ItemID="8688" TaskNumber="0" TypeHash="0" STType="" UIDType="Inner" /></Parent><IsValueFromTheme>false</IsValueFromTheme><Connections /><IsDynamized>false</IsDynamized><ContiniuosUpdate>false</ContiniuosUpdate></Parameter><Parameter Name="Цвет тени" ShortName="8609" Tag="8609" Role="ShadowColor" Value="rgb(240,240,240)"><ID ItemID="8609" TaskNumber="0" TypeHash="4" Path="" STType="HMI.SolidColorType" UIDType="Inner"><Owner ItemID="8688" TaskNumber="0" TypeHash="0" STType="" UIDType="Inner" /></ID><Parent ItemID="8688" TaskNumber="0" TypeHash="0" Path="" STType="" UIDType="Inner"><Owner ItemID="8688" TaskNumber="0" TypeHash="0" STType="" UIDType="Inner" /></Parent><IsValueFromTheme>false</IsValueFromTheme><Connections /><IsDynamized>false</IsDynamized><ContiniuosUpdate>false</ContiniuosUpdate></Parameter><Parameter Name="Изображение фона" ShortName="8610" Tag="8610" Role="Resource" Value=""><ID ItemID="8610" TaskNumber="0" TypeHash="4" Path="" STType="HMI.ResourceType" UIDType="Inner"><Owner ItemID="8688" TaskNumber="0" TypeHash="0" STType="" UIDType="Inner" /></ID><Parent ItemID="8688" TaskNumber="0" TypeHash="0" Path="" STType="" UIDType="Inner"><Owner ItemID="8688" TaskNumber="0" TypeHash="0" STType="" UIDType="Inner" /></Parent><IsValueFromTheme>false</IsValueFromTheme><Connections /><IsDynamized>false</IsDynamized><ContiniuosUpdate>false</ContiniuosUpdate></Parameter><Parameter Name="Замостка фона" ShortName="8611" Tag="8611" Role="BackgroundTile" Value="2"><ID ItemID="8611" TaskNumber="0" TypeHash="5" Path="" STType="HMI.TileType" UIDType="Inner"><Owner ItemID="8688" TaskNumber="0" TypeHash="0" STType="" UIDType="Inner" /></ID><Parent ItemID="8688" TaskNumber="0" TypeHash="0" Path="" STType="" UIDType="Inner"><Owner ItemID="8688" TaskNumber="0" TypeHash="0" STType="" UIDType="Inner" /></Parent><IsValueFromTheme>false</IsValueFromTheme><Connections /><IsDynamized>false</IsDynamized><ContiniuosUpdate>false</ContiniuosUpdate></Parameter><Parameter Name="Видимость" ShortName="8612" Tag="8612" Role="IsVisible" Value="True"><ID ItemID="8612" TaskNumber="0" TypeHash="3" Path="" STType="BOOL" UIDType="Inner"><Owner ItemID="8688" TaskNumber="0" TypeHash="0" STType="" UIDType="Inner" /></ID><Parent ItemID="8688" TaskNumber="0" TypeHash="0" Path="" STType="" UIDType="Inner"><Owner ItemID="8688" TaskNumber="0" TypeHash="0" STType="" UIDType="Inner" /></Parent><IsValueFromTheme>false</IsValueFromTheme><Connections /><IsDynamized>false</IsDynamized><ContiniuosUpdate>false</ContiniuosUpdate></Parameter><Parameter Name="Активность" ShortName="8613" Tag="8613" Role="IsEnabled" Value="True"><ID ItemID="8613" TaskNumber="0" TypeHash="3" Path="" STType="BOOL" UIDType="Inner"><Owner ItemID="8688" TaskNumber="0" TypeHash="0" STType="" UIDType="Inner" /></ID><Parent ItemID="8688" TaskNumber="0" TypeHash="0" Path="" STType="" UIDType="Inner"><Owner ItemID="8688" TaskNumber="0" TypeHash="0" STType="" UIDType="Inner" /></Parent><IsValueFromTheme>false</IsValueFromTheme><Connections /><IsDynamized>false</IsDynamized><ContiniuosUpdate>false</ContiniuosUpdate></Parameter><Parameter Name="Клавиатурный индекс" ShortName="8614" Tag="8614" Role="TabIndex" Value=""><ID ItemID="8614" TaskNumber="0" TypeHash="6" Path="" STType="DINT" UIDType="Inner"><Owner ItemID="8688" TaskNumber="0" TypeHash="0" STType="" UIDType="Inner" /></ID><Parent ItemID="8688" TaskNumber="0" TypeHash="0" Path="" STType="" UIDType="Inner"><Owner ItemID="8688" TaskNumber="0" TypeHash="0" STType="" UIDType="Inner" /></Parent><IsValueFromTheme>false</IsValueFromTheme><Connections /><IsDynamized>false</IsDynamized><ContiniuosUpdate>false</ContiniuosUpdate></Parameter><Parameter Name="Координата X" ShortName="8615" Tag="8615" Role="X" Value="0"><ID ItemID="8615" TaskNumber="0" TypeHash="1" Path="" STType="LREAL" UIDType="Inner"><Owner ItemID="8688" TaskNumber="0" TypeHash="0" STType="" UIDType="Inner" /></ID><Parent ItemID="8688" TaskNumber="0" TypeHash="0" Path="" STType="" UIDType="Inner"><Owner ItemID="8688" TaskNumber="0" TypeHash="0" STType="" UIDType="Inner" /></Parent><IsValueFromTheme>false</IsValueFromTheme><Connections /><IsDynamized>false</IsDynamized><ContiniuosUpdate>false</ContiniuosUpdate></Parameter><Parameter Name="Координата Y" ShortName="8616" Tag="8616" Role="Y" Value="0"><ID ItemID="8616" TaskNumber="0" TypeHash="1" Path="" STType="LREAL" UIDType="Inner"><Owner ItemID="8688" TaskNumber="0" TypeHash="0" STType="" UIDType="Inner" /></ID><Parent ItemID="8688" TaskNumber="0" TypeHash="0" Path="" STType="" UIDType="Inner"><Owner ItemID="8688" TaskNumber="0" TypeHash="0" STType="" UIDType="Inner" /></Parent><IsValueFromTheme>false</IsValueFromTheme><Connections /><IsDynamized>false</IsDynamized><ContiniuosUpdate>false</ContiniuosUpdate></Parameter><Parameter Name="Положение" ShortName="8619" Tag="8619" Role="DockStyle" Value="3"><ID ItemID="8619" TaskNumber="0" TypeHash="5" Path="" STType="HMI.DockType" UIDType="Inner"><Owner ItemID="8688" TaskNumber="0" TypeHash="0" STType="" UIDType="Inner" /></ID><Parent ItemID="8688" TaskNumber="0" TypeHash="0" Path="" STType="" UIDType="Inner"><Owner ItemID="8688" TaskNumber="0" TypeHash="0" STType="" UIDType="Inner" /></Parent><IsValueFromTheme>false</IsValueFromTheme><Connections /><IsDynamized>false</IsDynamized><ContiniuosUpdate>false</ContiniuosUpdate></Parameter><Parameter Name="Горизонтальное выравнивание" ShortName="8620" Tag="8620" Role="HorizontalAlign" Value="1"><ID ItemID="8620" TaskNumber="0" TypeHash="5" Path="" STType="HMI.HorizontalAlignType" UIDType="Inner"><Owner ItemID="8688" TaskNumber="0" TypeHash="0" STType="" UIDType="Inner" /></ID><Parent ItemID="8688" TaskNumber="0" TypeHash="0" Path="" STType="" UIDType="Inner"><Owner ItemID="8688" TaskNumber="0" TypeHash="0" STType="" UIDType="Inner" /></Parent><IsValueFromTheme>false</IsValueFromTheme><Connections /><IsDynamized>false</IsDynamized><ContiniuosUpdate>false</ContiniuosUpdate></Parameter><Parameter Name="Вертикальное выравнивание" ShortName="8621" Tag="8621" Role="VerticalAlign" Value="1"><ID ItemID="8621" TaskNumber="0" TypeHash="5" Path="" STType="HMI.VerticalAlignType" UIDType="Inner"><Owner ItemID="8688" TaskNumber="0" TypeHash="0" STType="" UIDType="Inner" /></ID><Parent ItemID="8688" TaskNumber="0" TypeHash="0" Path="" STType="" UIDType="Inner"><Owner ItemID="8688" TaskNumber="0" TypeHash="0" STType="" UIDType="Inner" /></Parent><IsValueFromTheme>false</IsValueFromTheme><Connections /><IsDynamized>false</IsDynamized><ContiniuosUpdate>false</ContiniuosUpdate></Parameter><Parameter Name="Вид курсора" ShortName="8623" Tag="8623" Role="MouseCursorKind" Value="0"><ID ItemID="8623" TaskNumber="0" TypeHash="5" Path="" STType="HMI.MouseCursorKinds" UIDType="Inner"><Owner ItemID="8688" TaskNumber="0" TypeHash="0" STType="" UIDType="Inner" /></ID><Parent ItemID="8688" TaskNumber="0" TypeHash="0" Path="" STType="" UIDType="Inner"><Owner ItemID="8688" TaskNumber="0" TypeHash="0" STType="" UIDType="Inner" /></Parent><IsValueFromTheme>false</IsValueFromTheme><Connections /><IsDynamized>false</IsDynamized><ContiniuosUpdate>false</ContiniuosUpdate></Parameter><Parameter Name="Текст" ShortName="8595" Tag="8595" Role="Text" Value=""><ID ItemID="8595" TaskNumber="0" TypeHash="4" Path="" STType="STRING" UIDType="Inner"><Owner ItemID="8688" TaskNumber="0" TypeHash="0" STType="" UIDType="Inner" /></ID><Parent ItemID="8688" TaskNumber="0" TypeHash="0" Path="" STType="" UIDType="Inner"><Owner ItemID="8688" TaskNumber="0" TypeHash="0" STType="" UIDType="Inner" /></Parent><IsValueFromTheme>false</IsValueFromTheme><Connections /><IsDynamized>false</IsDynamized><ContiniuosUpdate>false</ContiniuosUpdate></Parameter><Parameter Name="Шрифт" ShortName="8596" Tag="8596" Role="FontName" Value="Tahoma"><ID ItemID="8596" TaskNumber="0" TypeHash="4" Path="" STType="STRING" UIDType="Inner"><Owner ItemID="8688" TaskNumber="0" TypeHash="0" STType="" UIDType="Inner" /></ID><Parent ItemID="8688" TaskNumber="0" TypeHash="0" Path="" STType="" UIDType="Inner"><Owner ItemID="8688" TaskNumber="0" TypeHash="0" STType="" UIDType="Inner" /></Parent><IsValueFromTheme>false</IsValueFromTheme><Connections /><IsDynamized>false</IsDynamized><ContiniuosUpdate>false</ContiniuosUpdate></Parameter><Parameter Name="Размер текста" ShortName="8597" Tag="8597" Role="FontSize" Value="12"><ID ItemID="8597" TaskNumber="0" TypeHash="6" Path="" STType="BYTE" UIDType="Inner"><Owner ItemID="8688" TaskNumber="0" TypeHash="0" STType="" UIDType="Inner" /></ID><Parent ItemID="8688" TaskNumber="0" TypeHash="0" Path="" STType="" UIDType="Inner"><Owner ItemID="8688" TaskNumber="0" TypeHash="0" STType="" UIDType="Inner" /></Parent><IsValueFromTheme>false</IsValueFromTheme><Connections /><IsDynamized>false</IsDynamized><ContiniuosUpdate>false</ContiniuosUpdate></Parameter><Parameter Name="Формат значений" ShortName="8598" Tag="8598" Role="ValueFormat" Value=""><ID ItemID="8598" TaskNumber="0" TypeHash="4" Path="" STType="STRING" UIDType="Inner"><Owner ItemID="8688" TaskNumber="0" TypeHash="0" STType="" UIDType="Inner" /></ID><Parent ItemID="8688" TaskNumber="0" TypeHash="0" Path="" STType="" UIDType="Inner"><Owner ItemID="8688" TaskNumber="0" TypeHash="0" STType="" UIDType="Inner" /></Parent><IsValueFromTheme>false</IsValueFromTheme><Connections /><IsDynamized>false</IsDynamized><ContiniuosUpdate>false</ContiniuosUpdate></Parameter><Parameter Name="Горизонтальное выравнивание текста" ShortName="8599" Tag="8599" Role="TextHorizontalAlign" Value="1"><ID ItemID="8599" TaskNumber="0" TypeHash="5" Path="" STType="HMI.HorizontalAlignType" UIDType="Inner"><Owner ItemID="8688" TaskNumber="0" TypeHash="0" STType="" UIDType="Inner" /></ID><Parent ItemID="8688" TaskNumber="0" TypeHash="0" Path="" STType="" UIDType="Inner"><Owner ItemID="8688" TaskNumber="0" TypeHash="0" STType="" UIDType="Inner" /></Parent><IsValueFromTheme>false</IsValueFromTheme><Connections /><IsDynamized>false</IsDynamized><ContiniuosUpdate>false</ContiniuosUpdate></Parameter><Parameter Name="Вертикальное выравнивание текста" ShortName="8600" Tag="8600" Role="TextVerticalAlign" Value="1"><ID ItemID="8600" TaskNumber="0" TypeHash="5" Path="" STType="HMI.VerticalAlignType" UIDType="Inner"><Owner ItemID="8688" TaskNumber="0" TypeHash="0" STType="" UIDType="Inner" /></ID><Parent ItemID="8688" TaskNumber="0" TypeHash="0" Path="" STType="" UIDType="Inner"><Owner ItemID="8688" TaskNumber="0" TypeHash="0" STType="" UIDType="Inner" /></Parent><IsValueFromTheme>false</IsValueFromTheme><Connections /><IsDynamized>false</IsDynamized><ContiniuosUpdate>false</ContiniuosUpdate></Parameter><Parameter Name="Курсив" ShortName="8601" Tag="8601" Role="FontItalic" Value="False"><ID ItemID="8601" TaskNumber="0" TypeHash="3" Path="" STType="BOOL" UIDType="Inner"><Owner ItemID="8688" TaskNumber="0" TypeHash="0" STType="" UIDType="Inner" /></ID><Parent ItemID="8688" TaskNumber="0" TypeHash="0" Path="" STType="" UIDType="Inner"><Owner ItemID="8688" TaskNumber="0" TypeHash="0" STType="" UIDType="Inner" /></Parent><IsValueFromTheme>false</IsValueFromTheme><Connections /><IsDynamized>false</IsDynamized><ContiniuosUpdate>false</ContiniuosUpdate></Parameter><Parameter Name="Жирный" ShortName="8602" Tag="8602" Role="FontBold" Value="False"><ID ItemID="8602" TaskNumber="0" TypeHash="3" Path="" STType="BOOL" UIDType="Inner"><Owner ItemID="8688" TaskNumber="0" TypeHash="0" STType="" UIDType="Inner" /></ID><Parent ItemID="8688" TaskNumber="0" TypeHash="0" Path="" STType="" UIDType="Inner"><Owner ItemID="8688" TaskNumber="0" TypeHash="0" STType="" UIDType="Inner" /></Parent><IsValueFromTheme>false</IsValueFromTheme><Connections /><IsDynamized>false</IsDynamized><ContiniuosUpdate>false</ContiniuosUpdate></Parameter><Parameter Name="Многострочность" ShortName="8603" Tag="8603" Role="FontMultiline" Value="False"><ID ItemID="8603" TaskNumber="0" TypeHash="3" Path="" STType="BOOL" UIDType="Inner"><Owner ItemID="8688" TaskNumber="0" TypeHash="0" STType="" UIDType="Inner" /></ID><Parent ItemID="8688" TaskNumber="0" TypeHash="0" Path="" STType="" UIDType="Inner"><Owner ItemID="8688" TaskNumber="0" TypeHash="0" STType="" UIDType="Inner" /></Parent><IsValueFromTheme>false</IsValueFromTheme><Connections /><IsDynamized>false</IsDynamized><ContiniuosUpdate>false</ContiniuosUpdate></Parameter><Parameter Name="Подчеркнутый" ShortName="8607" Tag="8607" Role="FontUnderlined" Value="False"><ID ItemID="8607" TaskNumber="0" TypeHash="3" Path="" STType="BOOL" UIDType="Inner"><Owner ItemID="8688" TaskNumber="0" TypeHash="0" STType="" UIDType="Inner" /></ID><Parent ItemID="8688" TaskNumber="0" TypeHash="0" Path="" STType="" UIDType="Inner"><Owner ItemID="8688" TaskNumber="0" TypeHash="0" STType="" UIDType="Inner" /></Parent><IsValueFromTheme>false</IsValueFromTheme><Connections /><IsDynamized>false</IsDynamized><ContiniuosUpdate>false</ContiniuosUpdate></Parameter><Parameter Name="Радиус скругления" ShortName="8593" Tag="8593" Role="CornerRadius" Value="0"><ID ItemID="8593" TaskNumber="0" TypeHash="1" Path="" STType="LREAL" UIDType="Inner"><Owner ItemID="8688" TaskNumber="0" TypeHash="0" STType="" UIDType="Inner" /></ID><Parent ItemID="8688" TaskNumber="0" TypeHash="0" Path="" STType="" UIDType="Inner"><Owner ItemID="8688" TaskNumber="0" TypeHash="0" STType="" UIDType="Inner" /></Parent><IsValueFromTheme>false</IsValueFromTheme><Connections /><IsDynamized>false</IsDynamized><ContiniuosUpdate>false</ContiniuosUpdate></Parameter><Parameter Name="Цвет текста" ShortName="8608" Tag="8608" Role="TextColor" Value="rgb(80,80,80)"><ID ItemID="8608" TaskNumber="0" TypeHash="4" Path="" STType="HMI.SolidColorType" UIDType="Inner"><Owner ItemID="8688" TaskNumber="0" TypeHash="0" STType="" UIDType="Inner" /></ID><Parent ItemID="8688" TaskNumber="0" TypeHash="0" Path="" STType="" UIDType="Inner"><Owner ItemID="8688" TaskNumber="0" TypeHash="0" STType="" UIDType="Inner" /></Parent><IsValueFromTheme>false</IsValueFromTheme><Connections /><IsDynamized>false</IsDynamized><ContiniuosUpdate>false</ContiniuosUpdate></Parameter><Parameter Name="Отображение прокрутки" ShortName="8622" Tag="8622" Role="Overflow" Value="False"><ID ItemID="8622" TaskNumber="0" TypeHash="3" Path="" STType="BOOL" UIDType="Inner"><Owner ItemID="8688" TaskNumber="0" TypeHash="0" STType="" UIDType="Inner" /></ID><Parent ItemID="8688" TaskNumber="0" TypeHash="0" Path="" STType="" UIDType="Inner"><Owner ItemID="8688" TaskNumber="0" TypeHash="0" STType="" UIDType="Inner" /></Parent><IsValueFromTheme>false</IsValueFromTheme><Connections /><IsDynamized>false</IsDynamized><ContiniuosUpdate>false</ContiniuosUpdate></Parameter><Parameter Name="XType" ShortName="XType" Tag="0" Role="XType" Value="1"><ID ItemID="4294967295" TaskNumber="0" TypeHash="5" Path="" STType="HMI.SizeType" UIDType="Inner" /><IsValueFromTheme>false</IsValueFromTheme><IsDynamized>false</IsDynamized><ContiniuosUpdate>false</ContiniuosUpdate></Parameter><Parameter Name="YType" ShortName="YType" Tag="0" Role="YType" Value="1"><ID ItemID="4294967294" TaskNumber="0" TypeHash="5" Path="" STType="HMI.SizeType" UIDType="Inner" /><IsValueFromTheme>false</IsValueFromTheme><IsDynamized>false</IsDynamized><ContiniuosUpdate>false</ContiniuosUpdate></Parameter><Parameter Name="ProportionType" ShortName="ProportionType" Tag="0" Role="ProportionType" Value="4"><ID ItemID="4294967293" TaskNumber="0" TypeHash="5" Path="" STType="HMI.ProportionType" UIDType="Inner" /><IsValueFromTheme>false</IsValueFromTheme><IsDynamized>false</IsDynamized><ContiniuosUpdate>false</ContiniuosUpdate></Parameter><Parameter Name="WidthType" ShortName="WidthType" Tag="0" Role="WidthType" Value="1"><ID ItemID="4294967292" TaskNumber="0" TypeHash="5" Path="" STType="HMI.SizeType" UIDType="Inner" /><IsValueFromTheme>false</IsValueFromTheme><IsDynamized>false</IsDynamized><ContiniuosUpdate>false</ContiniuosUpdate></Parameter><Parameter Name="HeightType" ShortName="HeightType" Tag="0" Role="HeightType" Value="1"><ID ItemID="4294967291" TaskNumber="0" TypeHash="5" Path="" STType="HMI.SizeType" UIDType="Inner" /><IsValueFromTheme>false</IsValueFromTheme><IsDynamized>false</IsDynamized><ContiniuosUpdate>false</ContiniuosUpdate></Parameter></Parameters><ObjectId>0</ObjectId><ServerTaskId>-1</ServerTaskId><ServerTaskItemId>0</ServerTaskItemId><Role>TextOutput</Role><HasConnections>false</HasConnections></Element>