﻿<?xml version="1.0" encoding="utf-8"?><Element xmlns:xsi="http://www.w3.org/2001/XMLSchema-instance" xmlns:xsd="http://www.w3.org/2001/XMLSchema" Name="4392" ShortName="Картинка" Tag="4392"><ID ItemID="4392" TaskNumber="0" TypeHash="0" Path="" STType="" UIDType="Inner"><Owner ItemID="4392" TaskNumber="0" TypeHash="0" STType="" UIDType="Inner" /></ID><UsedSTTypes><string>HMI.ResourceType</string><string>DINT</string><string>LREAL</string><string>HMI.SolidColorType</string><string>HMI.GradientColorType</string><string>HMI.BorderStyleType</string><string>STRING</string><string>BOOL</string><string>HMI.TileType</string><string>HMI.DockType</string><string>HMI.HorizontalAlignType</string><string>HMI.VerticalAlignType</string><string>HMI.MouseCursorKinds</string><string>HMI.SizeType</string><string>HMI.ProportionType</string></UsedSTTypes><Parameters><Parameter Name="Образ" ShortName="4322" Tag="4322" Role="SkinResource" Value=""><ID ItemID="4322" TaskNumber="0" TypeHash="4" Path="" STType="HMI.ResourceType" UIDType="Inner"><Owner ItemID="4392" TaskNumber="0" TypeHash="0" STType="" UIDType="Inner" /></ID><Parent ItemID="4392" TaskNumber="0" TypeHash="0" Path="" STType="" UIDType="Inner"><Owner ItemID="4392" TaskNumber="0" TypeHash="0" STType="" UIDType="Inner" /></Parent><IsValueFromTheme>false</IsValueFromTheme><Connections /><IsDynamized>false</IsDynamized><ContiniuosUpdate>false</ContiniuosUpdate></Parameter><Parameter Name="Порядок Z" ShortName="4323" Tag="4323" Role="Z" Value=""><ID ItemID="4323" TaskNumber="0" TypeHash="6" Path="" STType="DINT" UIDType="Inner"><Owner ItemID="4392" TaskNumber="0" TypeHash="0" STType="" UIDType="Inner" /></ID><Parent ItemID="4392" TaskNumber="0" TypeHash="0" Path="" STType="" UIDType="Inner"><Owner ItemID="4392" TaskNumber="0" TypeHash="0" STType="" UIDType="Inner" /></Parent><IsValueFromTheme>false</IsValueFromTheme><Connections /><IsDynamized>false</IsDynamized><ContiniuosUpdate>false</ContiniuosUpdate></Parameter><Parameter Name="Ширина" ShortName="4300" Tag="4300" Role="Width" Value="100"><ID ItemID="4300" TaskNumber="0" TypeHash="1" Path="" STType="LREAL" UIDType="Inner"><Owner ItemID="4392" TaskNumber="0" TypeHash="0" STType="" UIDType="Inner" /></ID><Parent ItemID="4392" TaskNumber="0" TypeHash="0" Path="" STType="" UIDType="Inner"><Owner ItemID="4392" TaskNumber="0" TypeHash="0" STType="" UIDType="Inner" /></Parent><IsValueFromTheme>false</IsValueFromTheme><Connections /><IsDynamized>false</IsDynamized><ContiniuosUpdate>false</ContiniuosUpdate></Parameter><Parameter Name="Высота" ShortName="4301" Tag="4301" Role="Height" Value="100"><ID ItemID="4301" TaskNumber="0" TypeHash="1" Path="" STType="LREAL" UIDType="Inner"><Owner ItemID="4392" TaskNumber="0" TypeHash="0" STType="" UIDType="Inner" /></ID><Parent ItemID="4392" TaskNumber="0" TypeHash="0" Path="" STType="" UIDType="Inner"><Owner ItemID="4392" TaskNumber="0" TypeHash="0" STType="" UIDType="Inner" /></Parent><IsValueFromTheme>false</IsValueFromTheme><Connections /><IsDynamized>false</IsDynamized><ContiniuosUpdate>false</ContiniuosUpdate></Parameter><Parameter Name="Угол поворота" ShortName="4302" Tag="4302" Role="Angle" Value="0"><ID ItemID="4302" TaskNumber="0" TypeHash="1" Path="" STType="LREAL" UIDType="Inner"><Owner ItemID="4392" TaskNumber="0" TypeHash="0" STType="" UIDType="Inner" /></ID><Parent ItemID="4392" TaskNumber="0" TypeHash="0" Path="" STType="" UIDType="Inner"><Owner ItemID="4392" TaskNumber="0" TypeHash="0" STType="" UIDType="Inner" /></Parent><IsValueFromTheme>false</IsValueFromTheme><Connections /><IsDynamized>false</IsDynamized><ContiniuosUpdate>false</ContiniuosUpdate></Parameter><Parameter Name="Масштаб X" ShortName="4303" Tag="4303" Role="ScaleX" Value="1"><ID ItemID="4303" TaskNumber="0" TypeHash="1" Path="" STType="LREAL" UIDType="Inner"><Owner ItemID="4392" TaskNumber="0" TypeHash="0" STType="" UIDType="Inner" /></ID><Parent ItemID="4392" TaskNumber="0" TypeHash="0" Path="" STType="" UIDType="Inner"><Owner ItemID="4392" TaskNumber="0" TypeHash="0" STType="" UIDType="Inner" /></Parent><IsValueFromTheme>false</IsValueFromTheme><Connections /><IsDynamized>false</IsDynamized><ContiniuosUpdate>false</ContiniuosUpdate></Parameter><Parameter Name="Масштаб Y" ShortName="4304" Tag="4304" Role="ScaleY" Value="1"><ID ItemID="4304" TaskNumber="0" TypeHash="1" Path="" STType="LREAL" UIDType="Inner"><Owner ItemID="4392" TaskNumber="0" TypeHash="0" STType="" UIDType="Inner" /></ID><Parent ItemID="4392" TaskNumber="0" TypeHash="0" Path="" STType="" UIDType="Inner"><Owner ItemID="4392" TaskNumber="0" TypeHash="0" STType="" UIDType="Inner" /></Parent><IsValueFromTheme>false</IsValueFromTheme><Connections /><IsDynamized>false</IsDynamized><ContiniuosUpdate>false</ContiniuosUpdate></Parameter><Parameter Name="Толщина рамки" ShortName="4305" Tag="4305" Role="BorderThickness" Value="1"><ID ItemID="4305" TaskNumber="0" TypeHash="1" Path="" STType="LREAL" UIDType="Inner"><Owner ItemID="4392" TaskNumber="0" TypeHash="0" STType="" UIDType="Inner" /></ID><Parent ItemID="4392" TaskNumber="0" TypeHash="0" Path="" STType="" UIDType="Inner"><Owner ItemID="4392" TaskNumber="0" TypeHash="0" STType="" UIDType="Inner" /></Parent><IsValueFromTheme>false</IsValueFromTheme><Connections /><IsDynamized>false</IsDynamized><ContiniuosUpdate>false</ContiniuosUpdate></Parameter><Parameter Name="Цвет рамки" ShortName="4306" Tag="4306" Role="BorderColor" Value="GRAY"><ID ItemID="4306" TaskNumber="0" TypeHash="4" Path="" STType="HMI.SolidColorType" UIDType="Inner"><Owner ItemID="4392" TaskNumber="0" TypeHash="0" STType="" UIDType="Inner" /></ID><Parent ItemID="4392" TaskNumber="0" TypeHash="0" Path="" STType="" UIDType="Inner"><Owner ItemID="4392" TaskNumber="0" TypeHash="0" STType="" UIDType="Inner" /></Parent><IsValueFromTheme>false</IsValueFromTheme><Connections /><IsDynamized>false</IsDynamized><ContiniuosUpdate>false</ContiniuosUpdate></Parameter><Parameter Name="Заливка фона" ShortName="4307" Tag="4307" Role="BackgroundColor" Value="Transparent"><ID ItemID="4307" TaskNumber="0" TypeHash="4" Path="" STType="HMI.GradientColorType" UIDType="Inner"><Owner ItemID="4392" TaskNumber="0" TypeHash="0" STType="" UIDType="Inner" /></ID><Parent ItemID="4392" TaskNumber="0" TypeHash="0" Path="" STType="" UIDType="Inner"><Owner ItemID="4392" TaskNumber="0" TypeHash="0" STType="" UIDType="Inner" /></Parent><IsValueFromTheme>false</IsValueFromTheme><Connections /><IsDynamized>false</IsDynamized><ContiniuosUpdate>false</ContiniuosUpdate></Parameter><Parameter Name="Прозрачность" ShortName="4308" Tag="4308" Role="Opacity" Value="100"><ID ItemID="4308" TaskNumber="0" TypeHash="1" Path="" STType="LREAL" UIDType="Inner"><Owner ItemID="4392" TaskNumber="0" TypeHash="0" STType="" UIDType="Inner" /></ID><Parent ItemID="4392" TaskNumber="0" TypeHash="0" Path="" STType="" UIDType="Inner"><Owner ItemID="4392" TaskNumber="0" TypeHash="0" STType="" UIDType="Inner" /></Parent><IsValueFromTheme>false</IsValueFromTheme><Connections /><IsDynamized>false</IsDynamized><ContiniuosUpdate>false</ContiniuosUpdate></Parameter><Parameter Name="Стиль рамки" ShortName="4314" Tag="4314" Role="BorderStyle" Value="0"><ID ItemID="4314" TaskNumber="0" TypeHash="5" Path="" STType="HMI.BorderStyleType" UIDType="Inner"><Owner ItemID="4392" TaskNumber="0" TypeHash="0" STType="" UIDType="Inner" /></ID><Parent ItemID="4392" TaskNumber="0" TypeHash="0" Path="" STType="" UIDType="Inner"><Owner ItemID="4392" TaskNumber="0" TypeHash="0" STType="" UIDType="Inner" /></Parent><IsValueFromTheme>false</IsValueFromTheme><Connections /><IsDynamized>false</IsDynamized><ContiniuosUpdate>false</ContiniuosUpdate></Parameter><Parameter Name="Всплывающая подсказка" ShortName="4309" Tag="4309" Role="ToolTip" Value=""><ID ItemID="4309" TaskNumber="0" TypeHash="4" Path="" STType="STRING" UIDType="Inner"><Owner ItemID="4392" TaskNumber="0" TypeHash="0" STType="" UIDType="Inner" /></ID><Parent ItemID="4392" TaskNumber="0" TypeHash="0" Path="" STType="" UIDType="Inner"><Owner ItemID="4392" TaskNumber="0" TypeHash="0" STType="" UIDType="Inner" /></Parent><IsValueFromTheme>false</IsValueFromTheme><Connections /><IsDynamized>false</IsDynamized><ContiniuosUpdate>false</ContiniuosUpdate></Parameter><Parameter Name="Мигание" ShortName="4311" Tag="4311" Role="Flash" Value="False"><ID ItemID="4311" TaskNumber="0" TypeHash="3" Path="" STType="BOOL" UIDType="Inner"><Owner ItemID="4392" TaskNumber="0" TypeHash="0" STType="" UIDType="Inner" /></ID><Parent ItemID="4392" TaskNumber="0" TypeHash="0" Path="" STType="" UIDType="Inner"><Owner ItemID="4392" TaskNumber="0" TypeHash="0" STType="" UIDType="Inner" /></Parent><IsValueFromTheme>false</IsValueFromTheme><Connections /><IsDynamized>false</IsDynamized><ContiniuosUpdate>false</ContiniuosUpdate></Parameter><Parameter Name="Размер тени" ShortName="4312" Tag="4312" Role="ShadowSize" Value="0"><ID ItemID="4312" TaskNumber="0" TypeHash="6" Path="" STType="DINT" UIDType="Inner"><Owner ItemID="4392" TaskNumber="0" TypeHash="0" STType="" UIDType="Inner" /></ID><Parent ItemID="4392" TaskNumber="0" TypeHash="0" Path="" STType="" UIDType="Inner"><Owner ItemID="4392" TaskNumber="0" TypeHash="0" STType="" UIDType="Inner" /></Parent><IsValueFromTheme>false</IsValueFromTheme><Connections /><IsDynamized>false</IsDynamized><ContiniuosUpdate>false</ContiniuosUpdate></Parameter><Parameter Name="Цвет тени" ShortName="4313" Tag="4313" Role="ShadowColor" Value="rgb(240,240,240)"><ID ItemID="4313" TaskNumber="0" TypeHash="4" Path="" STType="HMI.SolidColorType" UIDType="Inner"><Owner ItemID="4392" TaskNumber="0" TypeHash="0" STType="" UIDType="Inner" /></ID><Parent ItemID="4392" TaskNumber="0" TypeHash="0" Path="" STType="" UIDType="Inner"><Owner ItemID="4392" TaskNumber="0" TypeHash="0" STType="" UIDType="Inner" /></Parent><IsValueFromTheme>false</IsValueFromTheme><Connections /><IsDynamized>false</IsDynamized><ContiniuosUpdate>false</ContiniuosUpdate></Parameter><Parameter Name="Изображение" ShortName="4315" Tag="4315" Role="Resource" Value=""><ID ItemID="4315" TaskNumber="0" TypeHash="4" Path="" STType="HMI.ResourceType" UIDType="Inner"><Owner ItemID="4392" TaskNumber="0" TypeHash="0" STType="" UIDType="Inner" /></ID><Parent ItemID="4392" TaskNumber="0" TypeHash="0" Path="" STType="" UIDType="Inner"><Owner ItemID="4392" TaskNumber="0" TypeHash="0" STType="" UIDType="Inner" /></Parent><IsValueFromTheme>false</IsValueFromTheme><Connections /><IsDynamized>false</IsDynamized><ContiniuosUpdate>false</ContiniuosUpdate></Parameter><Parameter Name="Замостка изображения" ShortName="4316" Tag="4316" Role="BackgroundTile" Value="2"><ID ItemID="4316" TaskNumber="0" TypeHash="5" Path="" STType="HMI.TileType" UIDType="Inner"><Owner ItemID="4392" TaskNumber="0" TypeHash="0" STType="" UIDType="Inner" /></ID><Parent ItemID="4392" TaskNumber="0" TypeHash="0" Path="" STType="" UIDType="Inner"><Owner ItemID="4392" TaskNumber="0" TypeHash="0" STType="" UIDType="Inner" /></Parent><IsValueFromTheme>false</IsValueFromTheme><Connections /><IsDynamized>false</IsDynamized><ContiniuosUpdate>false</ContiniuosUpdate></Parameter><Parameter Name="Видимость" ShortName="4317" Tag="4317" Role="IsVisible" Value="True"><ID ItemID="4317" TaskNumber="0" TypeHash="3" Path="" STType="BOOL" UIDType="Inner"><Owner ItemID="4392" TaskNumber="0" TypeHash="0" STType="" UIDType="Inner" /></ID><Parent ItemID="4392" TaskNumber="0" TypeHash="0" Path="" STType="" UIDType="Inner"><Owner ItemID="4392" TaskNumber="0" TypeHash="0" STType="" UIDType="Inner" /></Parent><IsValueFromTheme>false</IsValueFromTheme><Connections /><IsDynamized>false</IsDynamized><ContiniuosUpdate>false</ContiniuosUpdate></Parameter><Parameter Name="Активность" ShortName="4318" Tag="4318" Role="IsEnabled" Value="True"><ID ItemID="4318" TaskNumber="0" TypeHash="3" Path="" STType="BOOL" UIDType="Inner"><Owner ItemID="4392" TaskNumber="0" TypeHash="0" STType="" UIDType="Inner" /></ID><Parent ItemID="4392" TaskNumber="0" TypeHash="0" Path="" STType="" UIDType="Inner"><Owner ItemID="4392" TaskNumber="0" TypeHash="0" STType="" UIDType="Inner" /></Parent><IsValueFromTheme>false</IsValueFromTheme><Connections /><IsDynamized>false</IsDynamized><ContiniuosUpdate>false</ContiniuosUpdate></Parameter><Parameter Name="Клавиатурный индекс" ShortName="4319" Tag="4319" Role="TabIndex" Value=""><ID ItemID="4319" TaskNumber="0" TypeHash="6" Path="" STType="DINT" UIDType="Inner"><Owner ItemID="4392" TaskNumber="0" TypeHash="0" STType="" UIDType="Inner" /></ID><Parent ItemID="4392" TaskNumber="0" TypeHash="0" Path="" STType="" UIDType="Inner"><Owner ItemID="4392" TaskNumber="0" TypeHash="0" STType="" UIDType="Inner" /></Parent><IsValueFromTheme>false</IsValueFromTheme><Connections /><IsDynamized>false</IsDynamized><ContiniuosUpdate>false</ContiniuosUpdate></Parameter><Parameter Name="Координата X" ShortName="4320" Tag="4320" Role="X" Value="0"><ID ItemID="4320" TaskNumber="0" TypeHash="1" Path="" STType="LREAL" UIDType="Inner"><Owner ItemID="4392" TaskNumber="0" TypeHash="0" STType="" UIDType="Inner" /></ID><Parent ItemID="4392" TaskNumber="0" TypeHash="0" Path="" STType="" UIDType="Inner"><Owner ItemID="4392" TaskNumber="0" TypeHash="0" STType="" UIDType="Inner" /></Parent><IsValueFromTheme>false</IsValueFromTheme><Connections /><IsDynamized>false</IsDynamized><ContiniuosUpdate>false</ContiniuosUpdate></Parameter><Parameter Name="Координата Y" ShortName="4321" Tag="4321" Role="Y" Value="0"><ID ItemID="4321" TaskNumber="0" TypeHash="1" Path="" STType="LREAL" UIDType="Inner"><Owner ItemID="4392" TaskNumber="0" TypeHash="0" STType="" UIDType="Inner" /></ID><Parent ItemID="4392" TaskNumber="0" TypeHash="0" Path="" STType="" UIDType="Inner"><Owner ItemID="4392" TaskNumber="0" TypeHash="0" STType="" UIDType="Inner" /></Parent><IsValueFromTheme>false</IsValueFromTheme><Connections /><IsDynamized>false</IsDynamized><ContiniuosUpdate>false</ContiniuosUpdate></Parameter><Parameter Name="Положение" ShortName="4324" Tag="4324" Role="DockStyle" Value="3"><ID ItemID="4324" TaskNumber="0" TypeHash="5" Path="" STType="HMI.DockType" UIDType="Inner"><Owner ItemID="4392" TaskNumber="0" TypeHash="0" STType="" UIDType="Inner" /></ID><Parent ItemID="4392" TaskNumber="0" TypeHash="0" Path="" STType="" UIDType="Inner"><Owner ItemID="4392" TaskNumber="0" TypeHash="0" STType="" UIDType="Inner" /></Parent><IsValueFromTheme>false</IsValueFromTheme><Connections /><IsDynamized>false</IsDynamized><ContiniuosUpdate>false</ContiniuosUpdate></Parameter><Parameter Name="Горизонтальное выравнивание" ShortName="4325" Tag="4325" Role="HorizontalAlign" Value="1"><ID ItemID="4325" TaskNumber="0" TypeHash="5" Path="" STType="HMI.HorizontalAlignType" UIDType="Inner"><Owner ItemID="4392" TaskNumber="0" TypeHash="0" STType="" UIDType="Inner" /></ID><Parent ItemID="4392" TaskNumber="0" TypeHash="0" Path="" STType="" UIDType="Inner"><Owner ItemID="4392" TaskNumber="0" TypeHash="0" STType="" UIDType="Inner" /></Parent><IsValueFromTheme>false</IsValueFromTheme><Connections /><IsDynamized>false</IsDynamized><ContiniuosUpdate>false</ContiniuosUpdate></Parameter><Parameter Name="Вертикальное выравнивание" ShortName="4326" Tag="4326" Role="VerticalAlign" Value="1"><ID ItemID="4326" TaskNumber="0" TypeHash="5" Path="" STType="HMI.VerticalAlignType" UIDType="Inner"><Owner ItemID="4392" TaskNumber="0" TypeHash="0" STType="" UIDType="Inner" /></ID><Parent ItemID="4392" TaskNumber="0" TypeHash="0" Path="" STType="" UIDType="Inner"><Owner ItemID="4392" TaskNumber="0" TypeHash="0" STType="" UIDType="Inner" /></Parent><IsValueFromTheme>false</IsValueFromTheme><Connections /><IsDynamized>false</IsDynamized><ContiniuosUpdate>false</ContiniuosUpdate></Parameter><Parameter Name="Вид курсора" ShortName="4327" Tag="4327" Role="MouseCursorKind" Value="0"><ID ItemID="4327" TaskNumber="0" TypeHash="5" Path="" STType="HMI.MouseCursorKinds" UIDType="Inner"><Owner ItemID="4392" TaskNumber="0" TypeHash="0" STType="" UIDType="Inner" /></ID><Parent ItemID="4392" TaskNumber="0" TypeHash="0" Path="" STType="" UIDType="Inner"><Owner ItemID="4392" TaskNumber="0" TypeHash="0" STType="" UIDType="Inner" /></Parent><IsValueFromTheme>false</IsValueFromTheme><Connections /><IsDynamized>false</IsDynamized><ContiniuosUpdate>false</ContiniuosUpdate></Parameter><Parameter Name="Радиус скругления" ShortName="4310" Tag="4310" Role="CornerRadius" Value="0"><ID ItemID="4310" TaskNumber="0" TypeHash="1" Path="" STType="LREAL" UIDType="Inner"><Owner ItemID="4392" TaskNumber="0" TypeHash="0" STType="" UIDType="Inner" /></ID><Parent ItemID="4392" TaskNumber="0" TypeHash="0" Path="" STType="" UIDType="Inner"><Owner ItemID="4392" TaskNumber="0" TypeHash="0" STType="" UIDType="Inner" /></Parent><IsValueFromTheme>false</IsValueFromTheme><Connections /><IsDynamized>false</IsDynamized><ContiniuosUpdate>false</ContiniuosUpdate></Parameter><Parameter Name="XType" ShortName="XType" Tag="0" Role="XType" Value="1"><ID ItemID="4294967295" TaskNumber="0" TypeHash="5" Path="" STType="HMI.SizeType" UIDType="Inner" /><IsValueFromTheme>false</IsValueFromTheme><IsDynamized>false</IsDynamized><ContiniuosUpdate>false</ContiniuosUpdate></Parameter><Parameter Name="YType" ShortName="YType" Tag="0" Role="YType" Value="1"><ID ItemID="4294967294" TaskNumber="0" TypeHash="5" Path="" STType="HMI.SizeType" UIDType="Inner" /><IsValueFromTheme>false</IsValueFromTheme><IsDynamized>false</IsDynamized><ContiniuosUpdate>false</ContiniuosUpdate></Parameter><Parameter Name="ProportionType" ShortName="ProportionType" Tag="0" Role="ProportionType" Value="4"><ID ItemID="4294967293" TaskNumber="0" TypeHash="5" Path="" STType="HMI.ProportionType" UIDType="Inner" /><IsValueFromTheme>false</IsValueFromTheme><IsDynamized>false</IsDynamized><ContiniuosUpdate>false</ContiniuosUpdate></Parameter><Parameter Name="WidthType" ShortName="WidthType" Tag="0" Role="WidthType" Value="1"><ID ItemID="4294967292" TaskNumber="0" TypeHash="5" Path="" STType="HMI.SizeType" UIDType="Inner" /><IsValueFromTheme>false</IsValueFromTheme><IsDynamized>false</IsDynamized><ContiniuosUpdate>false</ContiniuosUpdate></Parameter><Parameter Name="HeightType" ShortName="HeightType" Tag="0" Role="HeightType" Value="1"><ID ItemID="4294967291" TaskNumber="0" TypeHash="5" Path="" STType="HMI.SizeType" UIDType="Inner" /><IsValueFromTheme>false</IsValueFromTheme><IsDynamized>false</IsDynamized><ContiniuosUpdate>false</ContiniuosUpdate></Parameter></Parameters><ObjectId>0</ObjectId><ServerTaskId>-1</ServerTaskId><ServerTaskItemId>0</ServerTaskItemId><Role>Image</Role><HasConnections>false</HasConnections></Element>