﻿<?xml version="1.0" encoding="utf-8"?><Element xmlns:xsi="http://www.w3.org/2001/XMLSchema-instance" xmlns:xsd="http://www.w3.org/2001/XMLSchema" Name="5888" ShortName="Контейнер окна" Tag="5888"><ID ItemID="5888" TaskNumber="0" TypeHash="0" Path="" STType="" UIDType="Inner"><Owner ItemID="5888" TaskNumber="0" TypeHash="0" STType="" UIDType="Inner" /></ID><UsedSTTypes><string>HMI.ResourceType</string><string>DINT</string><string>LREAL</string><string>HMI.SolidColorType</string><string>HMI.GradientColorType</string><string>HMI.BorderStyleType</string><string>STRING</string><string>BOOL</string><string>HMI.TileType</string><string>HMI.DockType</string><string>HMI.HorizontalAlignType</string><string>HMI.VerticalAlignType</string><string>HMI.MouseCursorKinds</string><string>HMI.SizeToContentType</string><string>HMI.SizeType</string><string>HMI.ProportionType</string></UsedSTTypes><Parameters><Parameter Name="Образ" ShortName="5816" Tag="5816" Role="SkinResource" Value=""><ID ItemID="5816" TaskNumber="0" TypeHash="4" Path="" STType="HMI.ResourceType" UIDType="Inner"><Owner ItemID="5888" TaskNumber="0" TypeHash="0" STType="" UIDType="Inner" /></ID><Parent ItemID="5888" TaskNumber="0" TypeHash="0" Path="" STType="" UIDType="Inner"><Owner ItemID="5888" TaskNumber="0" TypeHash="0" STType="" UIDType="Inner" /></Parent><IsValueFromTheme>false</IsValueFromTheme><Connections /><IsDynamized>false</IsDynamized><ContiniuosUpdate>false</ContiniuosUpdate></Parameter><Parameter Name="Порядок Z" ShortName="5817" Tag="5817" Role="Z" Value=""><ID ItemID="5817" TaskNumber="0" TypeHash="6" Path="" STType="DINT" UIDType="Inner"><Owner ItemID="5888" TaskNumber="0" TypeHash="0" STType="" UIDType="Inner" /></ID><Parent ItemID="5888" TaskNumber="0" TypeHash="0" Path="" STType="" UIDType="Inner"><Owner ItemID="5888" TaskNumber="0" TypeHash="0" STType="" UIDType="Inner" /></Parent><IsValueFromTheme>false</IsValueFromTheme><Connections /><IsDynamized>false</IsDynamized><ContiniuosUpdate>false</ContiniuosUpdate></Parameter><Parameter Name="Ширина" ShortName="5794" Tag="5794" Role="Width" Value="400"><ID ItemID="5794" TaskNumber="0" TypeHash="1" Path="" STType="LREAL" UIDType="Inner"><Owner ItemID="5888" TaskNumber="0" TypeHash="0" STType="" UIDType="Inner" /></ID><Parent ItemID="5888" TaskNumber="0" TypeHash="0" Path="" STType="" UIDType="Inner"><Owner ItemID="5888" TaskNumber="0" TypeHash="0" STType="" UIDType="Inner" /></Parent><IsValueFromTheme>false</IsValueFromTheme><Connections /><IsDynamized>false</IsDynamized><ContiniuosUpdate>false</ContiniuosUpdate></Parameter><Parameter Name="Высота" ShortName="5795" Tag="5795" Role="Height" Value="300"><ID ItemID="5795" TaskNumber="0" TypeHash="1" Path="" STType="LREAL" UIDType="Inner"><Owner ItemID="5888" TaskNumber="0" TypeHash="0" STType="" UIDType="Inner" /></ID><Parent ItemID="5888" TaskNumber="0" TypeHash="0" Path="" STType="" UIDType="Inner"><Owner ItemID="5888" TaskNumber="0" TypeHash="0" STType="" UIDType="Inner" /></Parent><IsValueFromTheme>false</IsValueFromTheme><Connections /><IsDynamized>false</IsDynamized><ContiniuosUpdate>false</ContiniuosUpdate></Parameter><Parameter Name="Угол поворота" ShortName="5796" Tag="5796" Role="Angle" Value="0"><ID ItemID="5796" TaskNumber="0" TypeHash="1" Path="" STType="LREAL" UIDType="Inner"><Owner ItemID="5888" TaskNumber="0" TypeHash="0" STType="" UIDType="Inner" /></ID><Parent ItemID="5888" TaskNumber="0" TypeHash="0" Path="" STType="" UIDType="Inner"><Owner ItemID="5888" TaskNumber="0" TypeHash="0" STType="" UIDType="Inner" /></Parent><IsValueFromTheme>false</IsValueFromTheme><Connections /><IsDynamized>false</IsDynamized><ContiniuosUpdate>false</ContiniuosUpdate></Parameter><Parameter Name="Масштаб X" ShortName="5797" Tag="5797" Role="ScaleX" Value="1"><ID ItemID="5797" TaskNumber="0" TypeHash="1" Path="" STType="LREAL" UIDType="Inner"><Owner ItemID="5888" TaskNumber="0" TypeHash="0" STType="" UIDType="Inner" /></ID><Parent ItemID="5888" TaskNumber="0" TypeHash="0" Path="" STType="" UIDType="Inner"><Owner ItemID="5888" TaskNumber="0" TypeHash="0" STType="" UIDType="Inner" /></Parent><IsValueFromTheme>false</IsValueFromTheme><Connections /><IsDynamized>false</IsDynamized><ContiniuosUpdate>false</ContiniuosUpdate></Parameter><Parameter Name="Масштаб Y" ShortName="5798" Tag="5798" Role="ScaleY" Value="1"><ID ItemID="5798" TaskNumber="0" TypeHash="1" Path="" STType="LREAL" UIDType="Inner"><Owner ItemID="5888" TaskNumber="0" TypeHash="0" STType="" UIDType="Inner" /></ID><Parent ItemID="5888" TaskNumber="0" TypeHash="0" Path="" STType="" UIDType="Inner"><Owner ItemID="5888" TaskNumber="0" TypeHash="0" STType="" UIDType="Inner" /></Parent><IsValueFromTheme>false</IsValueFromTheme><Connections /><IsDynamized>false</IsDynamized><ContiniuosUpdate>false</ContiniuosUpdate></Parameter><Parameter Name="Толщина рамки" ShortName="5799" Tag="5799" Role="BorderThickness" Value="1"><ID ItemID="5799" TaskNumber="0" TypeHash="1" Path="" STType="LREAL" UIDType="Inner"><Owner ItemID="5888" TaskNumber="0" TypeHash="0" STType="" UIDType="Inner" /></ID><Parent ItemID="5888" TaskNumber="0" TypeHash="0" Path="" STType="" UIDType="Inner"><Owner ItemID="5888" TaskNumber="0" TypeHash="0" STType="" UIDType="Inner" /></Parent><IsValueFromTheme>false</IsValueFromTheme><Connections /><IsDynamized>false</IsDynamized><ContiniuosUpdate>false</ContiniuosUpdate></Parameter><Parameter Name="Цвет рамки" ShortName="5800" Tag="5800" Role="BorderColor" Value="GRAY"><ID ItemID="5800" TaskNumber="0" TypeHash="4" Path="" STType="HMI.SolidColorType" UIDType="Inner"><Owner ItemID="5888" TaskNumber="0" TypeHash="0" STType="" UIDType="Inner" /></ID><Parent ItemID="5888" TaskNumber="0" TypeHash="0" Path="" STType="" UIDType="Inner"><Owner ItemID="5888" TaskNumber="0" TypeHash="0" STType="" UIDType="Inner" /></Parent><IsValueFromTheme>false</IsValueFromTheme><Connections /><IsDynamized>false</IsDynamized><ContiniuosUpdate>false</ContiniuosUpdate></Parameter><Parameter Name="Заливка фона" ShortName="5801" Tag="5801" Role="BackgroundColor" Value="Transparent"><ID ItemID="5801" TaskNumber="0" TypeHash="4" Path="" STType="HMI.GradientColorType" UIDType="Inner"><Owner ItemID="5888" TaskNumber="0" TypeHash="0" STType="" UIDType="Inner" /></ID><Parent ItemID="5888" TaskNumber="0" TypeHash="0" Path="" STType="" UIDType="Inner"><Owner ItemID="5888" TaskNumber="0" TypeHash="0" STType="" UIDType="Inner" /></Parent><IsValueFromTheme>false</IsValueFromTheme><Connections /><IsDynamized>false</IsDynamized><ContiniuosUpdate>false</ContiniuosUpdate></Parameter><Parameter Name="Прозрачность" ShortName="5802" Tag="5802" Role="Opacity" Value="100"><ID ItemID="5802" TaskNumber="0" TypeHash="1" Path="" STType="LREAL" UIDType="Inner"><Owner ItemID="5888" TaskNumber="0" TypeHash="0" STType="" UIDType="Inner" /></ID><Parent ItemID="5888" TaskNumber="0" TypeHash="0" Path="" STType="" UIDType="Inner"><Owner ItemID="5888" TaskNumber="0" TypeHash="0" STType="" UIDType="Inner" /></Parent><IsValueFromTheme>false</IsValueFromTheme><Connections /><IsDynamized>false</IsDynamized><ContiniuosUpdate>false</ContiniuosUpdate></Parameter><Parameter Name="Стиль рамки" ShortName="5793" Tag="5793" Role="BorderStyle" Value="0"><ID ItemID="5793" TaskNumber="0" TypeHash="5" Path="" STType="HMI.BorderStyleType" UIDType="Inner"><Owner ItemID="5888" TaskNumber="0" TypeHash="0" STType="" UIDType="Inner" /></ID><Parent ItemID="5888" TaskNumber="0" TypeHash="0" Path="" STType="" UIDType="Inner"><Owner ItemID="5888" TaskNumber="0" TypeHash="0" STType="" UIDType="Inner" /></Parent><IsValueFromTheme>false</IsValueFromTheme><Connections /><IsDynamized>false</IsDynamized><ContiniuosUpdate>false</ContiniuosUpdate></Parameter><Parameter Name="Всплывающая подсказка" ShortName="5803" Tag="5803" Role="ToolTip" Value=""><ID ItemID="5803" TaskNumber="0" TypeHash="4" Path="" STType="STRING" UIDType="Inner"><Owner ItemID="5888" TaskNumber="0" TypeHash="0" STType="" UIDType="Inner" /></ID><Parent ItemID="5888" TaskNumber="0" TypeHash="0" Path="" STType="" UIDType="Inner"><Owner ItemID="5888" TaskNumber="0" TypeHash="0" STType="" UIDType="Inner" /></Parent><IsValueFromTheme>false</IsValueFromTheme><Connections /><IsDynamized>false</IsDynamized><ContiniuosUpdate>false</ContiniuosUpdate></Parameter><Parameter Name="Мигание" ShortName="5804" Tag="5804" Role="Flash" Value="False"><ID ItemID="5804" TaskNumber="0" TypeHash="3" Path="" STType="BOOL" UIDType="Inner"><Owner ItemID="5888" TaskNumber="0" TypeHash="0" STType="" UIDType="Inner" /></ID><Parent ItemID="5888" TaskNumber="0" TypeHash="0" Path="" STType="" UIDType="Inner"><Owner ItemID="5888" TaskNumber="0" TypeHash="0" STType="" UIDType="Inner" /></Parent><IsValueFromTheme>false</IsValueFromTheme><Connections /><IsDynamized>false</IsDynamized><ContiniuosUpdate>false</ContiniuosUpdate></Parameter><Parameter Name="Размер тени" ShortName="5805" Tag="5805" Role="ShadowSize" Value="0"><ID ItemID="5805" TaskNumber="0" TypeHash="6" Path="" STType="DINT" UIDType="Inner"><Owner ItemID="5888" TaskNumber="0" TypeHash="0" STType="" UIDType="Inner" /></ID><Parent ItemID="5888" TaskNumber="0" TypeHash="0" Path="" STType="" UIDType="Inner"><Owner ItemID="5888" TaskNumber="0" TypeHash="0" STType="" UIDType="Inner" /></Parent><IsValueFromTheme>false</IsValueFromTheme><Connections /><IsDynamized>false</IsDynamized><ContiniuosUpdate>false</ContiniuosUpdate></Parameter><Parameter Name="Цвет тени" ShortName="5806" Tag="5806" Role="ShadowColor" Value="rgb(240,240,240)"><ID ItemID="5806" TaskNumber="0" TypeHash="4" Path="" STType="HMI.SolidColorType" UIDType="Inner"><Owner ItemID="5888" TaskNumber="0" TypeHash="0" STType="" UIDType="Inner" /></ID><Parent ItemID="5888" TaskNumber="0" TypeHash="0" Path="" STType="" UIDType="Inner"><Owner ItemID="5888" TaskNumber="0" TypeHash="0" STType="" UIDType="Inner" /></Parent><IsValueFromTheme>false</IsValueFromTheme><Connections /><IsDynamized>false</IsDynamized><ContiniuosUpdate>false</ContiniuosUpdate></Parameter><Parameter Name="Изображение фона" ShortName="5807" Tag="5807" Role="Resource" Value=""><ID ItemID="5807" TaskNumber="0" TypeHash="4" Path="" STType="HMI.ResourceType" UIDType="Inner"><Owner ItemID="5888" TaskNumber="0" TypeHash="0" STType="" UIDType="Inner" /></ID><Parent ItemID="5888" TaskNumber="0" TypeHash="0" Path="" STType="" UIDType="Inner"><Owner ItemID="5888" TaskNumber="0" TypeHash="0" STType="" UIDType="Inner" /></Parent><IsValueFromTheme>false</IsValueFromTheme><Connections /><IsDynamized>false</IsDynamized><ContiniuosUpdate>false</ContiniuosUpdate></Parameter><Parameter Name="Замостка фона" ShortName="5808" Tag="5808" Role="BackgroundTile" Value="2"><ID ItemID="5808" TaskNumber="0" TypeHash="5" Path="" STType="HMI.TileType" UIDType="Inner"><Owner ItemID="5888" TaskNumber="0" TypeHash="0" STType="" UIDType="Inner" /></ID><Parent ItemID="5888" TaskNumber="0" TypeHash="0" Path="" STType="" UIDType="Inner"><Owner ItemID="5888" TaskNumber="0" TypeHash="0" STType="" UIDType="Inner" /></Parent><IsValueFromTheme>false</IsValueFromTheme><Connections /><IsDynamized>false</IsDynamized><ContiniuosUpdate>false</ContiniuosUpdate></Parameter><Parameter Name="Видимость" ShortName="5811" Tag="5811" Role="IsVisible" Value="True"><ID ItemID="5811" TaskNumber="0" TypeHash="3" Path="" STType="BOOL" UIDType="Inner"><Owner ItemID="5888" TaskNumber="0" TypeHash="0" STType="" UIDType="Inner" /></ID><Parent ItemID="5888" TaskNumber="0" TypeHash="0" Path="" STType="" UIDType="Inner"><Owner ItemID="5888" TaskNumber="0" TypeHash="0" STType="" UIDType="Inner" /></Parent><IsValueFromTheme>false</IsValueFromTheme><Connections /><IsDynamized>false</IsDynamized><ContiniuosUpdate>false</ContiniuosUpdate></Parameter><Parameter Name="Активность" ShortName="5812" Tag="5812" Role="IsEnabled" Value="True"><ID ItemID="5812" TaskNumber="0" TypeHash="3" Path="" STType="BOOL" UIDType="Inner"><Owner ItemID="5888" TaskNumber="0" TypeHash="0" STType="" UIDType="Inner" /></ID><Parent ItemID="5888" TaskNumber="0" TypeHash="0" Path="" STType="" UIDType="Inner"><Owner ItemID="5888" TaskNumber="0" TypeHash="0" STType="" UIDType="Inner" /></Parent><IsValueFromTheme>false</IsValueFromTheme><Connections /><IsDynamized>false</IsDynamized><ContiniuosUpdate>false</ContiniuosUpdate></Parameter><Parameter Name="Клавиатурный индекс" ShortName="5813" Tag="5813" Role="TabIndex" Value=""><ID ItemID="5813" TaskNumber="0" TypeHash="6" Path="" STType="DINT" UIDType="Inner"><Owner ItemID="5888" TaskNumber="0" TypeHash="0" STType="" UIDType="Inner" /></ID><Parent ItemID="5888" TaskNumber="0" TypeHash="0" Path="" STType="" UIDType="Inner"><Owner ItemID="5888" TaskNumber="0" TypeHash="0" STType="" UIDType="Inner" /></Parent><IsValueFromTheme>false</IsValueFromTheme><Connections /><IsDynamized>false</IsDynamized><ContiniuosUpdate>false</ContiniuosUpdate></Parameter><Parameter Name="Координата X" ShortName="5814" Tag="5814" Role="X" Value="0"><ID ItemID="5814" TaskNumber="0" TypeHash="1" Path="" STType="LREAL" UIDType="Inner"><Owner ItemID="5888" TaskNumber="0" TypeHash="0" STType="" UIDType="Inner" /></ID><Parent ItemID="5888" TaskNumber="0" TypeHash="0" Path="" STType="" UIDType="Inner"><Owner ItemID="5888" TaskNumber="0" TypeHash="0" STType="" UIDType="Inner" /></Parent><IsValueFromTheme>false</IsValueFromTheme><Connections /><IsDynamized>false</IsDynamized><ContiniuosUpdate>false</ContiniuosUpdate></Parameter><Parameter Name="Координата Y" ShortName="5815" Tag="5815" Role="Y" Value="0"><ID ItemID="5815" TaskNumber="0" TypeHash="1" Path="" STType="LREAL" UIDType="Inner"><Owner ItemID="5888" TaskNumber="0" TypeHash="0" STType="" UIDType="Inner" /></ID><Parent ItemID="5888" TaskNumber="0" TypeHash="0" Path="" STType="" UIDType="Inner"><Owner ItemID="5888" TaskNumber="0" TypeHash="0" STType="" UIDType="Inner" /></Parent><IsValueFromTheme>false</IsValueFromTheme><Connections /><IsDynamized>false</IsDynamized><ContiniuosUpdate>false</ContiniuosUpdate></Parameter><Parameter Name="Положение" ShortName="5818" Tag="5818" Role="DockStyle" Value="3"><ID ItemID="5818" TaskNumber="0" TypeHash="5" Path="" STType="HMI.DockType" UIDType="Inner"><Owner ItemID="5888" TaskNumber="0" TypeHash="0" STType="" UIDType="Inner" /></ID><Parent ItemID="5888" TaskNumber="0" TypeHash="0" Path="" STType="" UIDType="Inner"><Owner ItemID="5888" TaskNumber="0" TypeHash="0" STType="" UIDType="Inner" /></Parent><IsValueFromTheme>false</IsValueFromTheme><Connections /><IsDynamized>false</IsDynamized><ContiniuosUpdate>false</ContiniuosUpdate></Parameter><Parameter Name="Горизонтальное выравнивание" ShortName="5819" Tag="5819" Role="HorizontalAlign" Value="1"><ID ItemID="5819" TaskNumber="0" TypeHash="5" Path="" STType="HMI.HorizontalAlignType" UIDType="Inner"><Owner ItemID="5888" TaskNumber="0" TypeHash="0" STType="" UIDType="Inner" /></ID><Parent ItemID="5888" TaskNumber="0" TypeHash="0" Path="" STType="" UIDType="Inner"><Owner ItemID="5888" TaskNumber="0" TypeHash="0" STType="" UIDType="Inner" /></Parent><IsValueFromTheme>false</IsValueFromTheme><Connections /><IsDynamized>false</IsDynamized><ContiniuosUpdate>false</ContiniuosUpdate></Parameter><Parameter Name="Вертикальное выравнивание" ShortName="5820" Tag="5820" Role="VerticalAlign" Value="1"><ID ItemID="5820" TaskNumber="0" TypeHash="5" Path="" STType="HMI.VerticalAlignType" UIDType="Inner"><Owner ItemID="5888" TaskNumber="0" TypeHash="0" STType="" UIDType="Inner" /></ID><Parent ItemID="5888" TaskNumber="0" TypeHash="0" Path="" STType="" UIDType="Inner"><Owner ItemID="5888" TaskNumber="0" TypeHash="0" STType="" UIDType="Inner" /></Parent><IsValueFromTheme>false</IsValueFromTheme><Connections /><IsDynamized>false</IsDynamized><ContiniuosUpdate>false</ContiniuosUpdate></Parameter><Parameter Name="Вид курсора" ShortName="5821" Tag="5821" Role="MouseCursorKind" Value="0"><ID ItemID="5821" TaskNumber="0" TypeHash="5" Path="" STType="HMI.MouseCursorKinds" UIDType="Inner"><Owner ItemID="5888" TaskNumber="0" TypeHash="0" STType="" UIDType="Inner" /></ID><Parent ItemID="5888" TaskNumber="0" TypeHash="0" Path="" STType="" UIDType="Inner"><Owner ItemID="5888" TaskNumber="0" TypeHash="0" STType="" UIDType="Inner" /></Parent><IsValueFromTheme>false</IsValueFromTheme><Connections /><IsDynamized>false</IsDynamized><ContiniuosUpdate>false</ContiniuosUpdate></Parameter><Parameter Name="Окно по умолчанию/URL" ShortName="5809" Tag="5809" Role="DataSource" Value=""><ID ItemID="5809" TaskNumber="0" TypeHash="4" Path="" STType="STRING" UIDType="Inner"><Owner ItemID="5888" TaskNumber="0" TypeHash="0" STType="" UIDType="Inner" /></ID><Parent ItemID="5888" TaskNumber="0" TypeHash="0" Path="" STType="" UIDType="Inner"><Owner ItemID="5888" TaskNumber="0" TypeHash="0" STType="" UIDType="Inner" /></Parent><IsValueFromTheme>false</IsValueFromTheme><Connections /><IsDynamized>false</IsDynamized><ContiniuosUpdate>false</ContiniuosUpdate></Parameter><Parameter Name="Подгонка" ShortName="5810" Tag="5810" Role="SizeToContent" Value="1"><ID ItemID="5810" TaskNumber="0" TypeHash="5" Path="" STType="HMI.SizeToContentType" UIDType="Inner"><Owner ItemID="5888" TaskNumber="0" TypeHash="0" STType="" UIDType="Inner" /></ID><Parent ItemID="5888" TaskNumber="0" TypeHash="0" Path="" STType="" UIDType="Inner"><Owner ItemID="5888" TaskNumber="0" TypeHash="0" STType="" UIDType="Inner" /></Parent><IsValueFromTheme>false</IsValueFromTheme><Connections /><IsDynamized>false</IsDynamized><ContiniuosUpdate>false</ContiniuosUpdate></Parameter><Parameter Name="XType" ShortName="XType" Tag="0" Role="XType" Value="1"><ID ItemID="4294967290" TaskNumber="0" TypeHash="5" Path="" STType="HMI.SizeType" UIDType="Inner" /><IsValueFromTheme>false</IsValueFromTheme><IsDynamized>false</IsDynamized><ContiniuosUpdate>false</ContiniuosUpdate></Parameter><Parameter Name="YType" ShortName="YType" Tag="0" Role="YType" Value="1"><ID ItemID="4294967289" TaskNumber="0" TypeHash="5" Path="" STType="HMI.SizeType" UIDType="Inner" /><IsValueFromTheme>false</IsValueFromTheme><IsDynamized>false</IsDynamized><ContiniuosUpdate>false</ContiniuosUpdate></Parameter><Parameter Name="ProportionType" ShortName="ProportionType" Tag="0" Role="ProportionType" Value="4"><ID ItemID="4294967288" TaskNumber="0" TypeHash="5" Path="" STType="HMI.ProportionType" UIDType="Inner" /><IsValueFromTheme>false</IsValueFromTheme><IsDynamized>false</IsDynamized><ContiniuosUpdate>false</ContiniuosUpdate></Parameter><Parameter Name="WidthType" ShortName="WidthType" Tag="0" Role="WidthType" Value="1"><ID ItemID="4294967287" TaskNumber="0" TypeHash="5" Path="" STType="HMI.SizeType" UIDType="Inner" /><IsValueFromTheme>false</IsValueFromTheme><IsDynamized>false</IsDynamized><ContiniuosUpdate>false</ContiniuosUpdate></Parameter><Parameter Name="HeightType" ShortName="HeightType" Tag="0" Role="HeightType" Value="1"><ID ItemID="4294967286" TaskNumber="0" TypeHash="5" Path="" STType="HMI.SizeType" UIDType="Inner" /><IsValueFromTheme>false</IsValueFromTheme><IsDynamized>false</IsDynamized><ContiniuosUpdate>false</ContiniuosUpdate></Parameter></Parameters><Methods><Method Name="5884" ShortName="5884" Tag="5884" Role="NextPage"><ID ItemID="5884" TaskNumber="0" TypeHash="0" Path="" STType="" UIDType="Inner"><Owner ItemID="5888" TaskNumber="0" TypeHash="0" STType="" UIDType="Inner" /></ID><Parent ItemID="5888" TaskNumber="0" TypeHash="0" Path="" STType="" UIDType="Inner"><Owner ItemID="5888" TaskNumber="0" TypeHash="0" STType="" UIDType="Inner" /></Parent><Parameters /></Method><Method Name="5885" ShortName="5885" Tag="5885" Role="PreviousPage"><ID ItemID="5885" TaskNumber="0" TypeHash="0" Path="" STType="" UIDType="Inner"><Owner ItemID="5888" TaskNumber="0" TypeHash="0" STType="" UIDType="Inner" /></ID><Parent ItemID="5888" TaskNumber="0" TypeHash="0" Path="" STType="" UIDType="Inner"><Owner ItemID="5888" TaskNumber="0" TypeHash="0" STType="" UIDType="Inner" /></Parent><Parameters /></Method></Methods><ObjectId>0</ObjectId><ServerTaskId>-1</ServerTaskId><ServerTaskItemId>0</ServerTaskItemId><Role>Frame</Role><HasConnections>false</HasConnections></Element>