﻿<?xml version="1.0" encoding="utf-8"?><Element xmlns:xsi="http://www.w3.org/2001/XMLSchema-instance" xmlns:xsd="http://www.w3.org/2001/XMLSchema" Name="57110" ShortName="Шаблон экрана" Tag="57110" TreeObject="АРМ 1"><ID ItemID="57110" TaskNumber="0" TypeHash="0" Path="" STType="" UIDType="Inner"><Owner ItemID="57110" TaskNumber="0" TypeHash="0" STType="" UIDType="Inner" /></ID><UsedSTTypes><string>LREAL</string><string>HMI.SolidColorType</string><string>HMI.GradientColorType</string><string>HMI.BorderStyleType</string><string>STRING</string><string>HMI.ResourceType</string><string>HMI.TileType</string><string>HMI.SizeType</string><string>HMI.ProportionType</string><string>DINT</string><string>HMI.DockType</string></UsedSTTypes><Parameters><Parameter Name="Ширина" ShortName="57112" Tag="57112" Role="Width" Value="1920"><ID ItemID="57112" TaskNumber="0" TypeHash="1" Path="" STType="LREAL" UIDType="Inner"><Owner ItemID="57110" TaskNumber="0" TypeHash="0" STType="" UIDType="Inner" /></ID><Parent ItemID="57110" TaskNumber="0" TypeHash="0" Path="" STType="" UIDType="Inner"><Owner ItemID="57110" TaskNumber="0" TypeHash="0" STType="" UIDType="Inner" /></Parent><IsValueFromTheme>false</IsValueFromTheme><Connections /><IsDynamized>false</IsDynamized><ContiniuosUpdate>false</ContiniuosUpdate></Parameter><Parameter Name="Высота" ShortName="57113" Tag="57113" Role="Height" Value="1080"><ID ItemID="57113" TaskNumber="0" TypeHash="1" Path="" STType="LREAL" UIDType="Inner"><Owner ItemID="57110" TaskNumber="0" TypeHash="0" STType="" UIDType="Inner" /></ID><Parent ItemID="57110" TaskNumber="0" TypeHash="0" Path="" STType="" UIDType="Inner"><Owner ItemID="57110" TaskNumber="0" TypeHash="0" STType="" UIDType="Inner" /></Parent><IsValueFromTheme>false</IsValueFromTheme><Connections /><IsDynamized>false</IsDynamized><ContiniuosUpdate>false</ContiniuosUpdate></Parameter><Parameter Name="Толщина рамки" ShortName="57114" Tag="57114" Role="BorderThickness" Value="1"><ID ItemID="57114" TaskNumber="0" TypeHash="1" Path="" STType="LREAL" UIDType="Inner"><Owner ItemID="57110" TaskNumber="0" TypeHash="0" STType="" UIDType="Inner" /></ID><Parent ItemID="57110" TaskNumber="0" TypeHash="0" Path="" STType="" UIDType="Inner"><Owner ItemID="57110" TaskNumber="0" TypeHash="0" STType="" UIDType="Inner" /></Parent><IsValueFromTheme>false</IsValueFromTheme><Connections /><IsDynamized>false</IsDynamized><ContiniuosUpdate>false</ContiniuosUpdate></Parameter><Parameter Name="Цвет рамки" ShortName="57115" Tag="57115" Role="BorderColor" Value="GRAY"><ID ItemID="57115" TaskNumber="0" TypeHash="4" Path="" STType="HMI.SolidColorType" UIDType="Inner"><Owner ItemID="57110" TaskNumber="0" TypeHash="0" STType="" UIDType="Inner" /></ID><Parent ItemID="57110" TaskNumber="0" TypeHash="0" Path="" STType="" UIDType="Inner"><Owner ItemID="57110" TaskNumber="0" TypeHash="0" STType="" UIDType="Inner" /></Parent><IsValueFromTheme>false</IsValueFromTheme><Connections /><IsDynamized>false</IsDynamized><ContiniuosUpdate>false</ContiniuosUpdate></Parameter><Parameter Name="Заливка фона" ShortName="57116" Tag="57116" Role="BackgroundColor" Value="rgb(245,240,245)"><ID ItemID="57116" TaskNumber="0" TypeHash="4" Path="" STType="HMI.GradientColorType" UIDType="Inner"><Owner ItemID="57110" TaskNumber="0" TypeHash="0" STType="" UIDType="Inner" /></ID><Parent ItemID="57110" TaskNumber="0" TypeHash="0" Path="" STType="" UIDType="Inner"><Owner ItemID="57110" TaskNumber="0" TypeHash="0" STType="" UIDType="Inner" /></Parent><IsValueFromTheme>false</IsValueFromTheme><Connections /><IsDynamized>false</IsDynamized><ContiniuosUpdate>false</ContiniuosUpdate></Parameter><Parameter Name="Прозрачность" ShortName="57117" Tag="57117" Role="Opacity" Value="100"><ID ItemID="57117" TaskNumber="0" TypeHash="1" Path="" STType="LREAL" UIDType="Inner"><Owner ItemID="57110" TaskNumber="0" TypeHash="0" STType="" UIDType="Inner" /></ID><Parent ItemID="57110" TaskNumber="0" TypeHash="0" Path="" STType="" UIDType="Inner"><Owner ItemID="57110" TaskNumber="0" TypeHash="0" STType="" UIDType="Inner" /></Parent><IsValueFromTheme>false</IsValueFromTheme><Connections /><IsDynamized>false</IsDynamized><ContiniuosUpdate>false</ContiniuosUpdate></Parameter><Parameter Name="Стиль рамки" ShortName="57118" Tag="57118" Role="BorderStyle" Value="0"><ID ItemID="57118" TaskNumber="0" TypeHash="5" Path="" STType="HMI.BorderStyleType" UIDType="Inner"><Owner ItemID="57110" TaskNumber="0" TypeHash="0" STType="" UIDType="Inner" /></ID><Parent ItemID="57110" TaskNumber="0" TypeHash="0" Path="" STType="" UIDType="Inner"><Owner ItemID="57110" TaskNumber="0" TypeHash="0" STType="" UIDType="Inner" /></Parent><IsValueFromTheme>false</IsValueFromTheme><Connections /><IsDynamized>false</IsDynamized><ContiniuosUpdate>false</ContiniuosUpdate></Parameter><Parameter Name="Всплывающая подсказка" ShortName="57119" Tag="57119" Role="ToolTip" Value=""><ID ItemID="57119" TaskNumber="0" TypeHash="4" Path="" STType="STRING" UIDType="Inner"><Owner ItemID="57110" TaskNumber="0" TypeHash="0" STType="" UIDType="Inner" /></ID><Parent ItemID="57110" TaskNumber="0" TypeHash="0" Path="" STType="" UIDType="Inner"><Owner ItemID="57110" TaskNumber="0" TypeHash="0" STType="" UIDType="Inner" /></Parent><IsValueFromTheme>false</IsValueFromTheme><Connections /><IsDynamized>false</IsDynamized><ContiniuosUpdate>false</ContiniuosUpdate></Parameter><Parameter Name="Изображение фона" ShortName="57120" Tag="57120" Role="Resource" Value=""><ID ItemID="57120" TaskNumber="0" TypeHash="4" Path="" STType="HMI.ResourceType" UIDType="Inner"><Owner ItemID="57110" TaskNumber="0" TypeHash="0" STType="" UIDType="Inner" /></ID><Parent ItemID="57110" TaskNumber="0" TypeHash="0" Path="" STType="" UIDType="Inner"><Owner ItemID="57110" TaskNumber="0" TypeHash="0" STType="" UIDType="Inner" /></Parent><IsValueFromTheme>false</IsValueFromTheme><Connections /><IsDynamized>false</IsDynamized><ContiniuosUpdate>false</ContiniuosUpdate></Parameter><Parameter Name="Замостка фона" ShortName="57121" Tag="57121" Role="BackgroundTile" Value="2"><ID ItemID="57121" TaskNumber="0" TypeHash="5" Path="" STType="HMI.TileType" UIDType="Inner"><Owner ItemID="57110" TaskNumber="0" TypeHash="0" STType="" UIDType="Inner" /></ID><Parent ItemID="57110" TaskNumber="0" TypeHash="0" Path="" STType="" UIDType="Inner"><Owner ItemID="57110" TaskNumber="0" TypeHash="0" STType="" UIDType="Inner" /></Parent><IsValueFromTheme>false</IsValueFromTheme><Connections /><IsDynamized>false</IsDynamized><ContiniuosUpdate>false</ContiniuosUpdate></Parameter><Parameter Name="XType" ShortName="XType" Tag="0" Role="XType" Value="1"><ID ItemID="4294967290" TaskNumber="0" TypeHash="5" Path="" STType="HMI.SizeType" UIDType="Inner" /><IsValueFromTheme>false</IsValueFromTheme><IsDynamized>false</IsDynamized><ContiniuosUpdate>false</ContiniuosUpdate></Parameter><Parameter Name="YType" ShortName="YType" Tag="0" Role="YType" Value="1"><ID ItemID="4294967289" TaskNumber="0" TypeHash="5" Path="" STType="HMI.SizeType" UIDType="Inner" /><IsValueFromTheme>false</IsValueFromTheme><IsDynamized>false</IsDynamized><ContiniuosUpdate>false</ContiniuosUpdate></Parameter><Parameter Name="ProportionType" ShortName="ProportionType" Tag="0" Role="ProportionType" Value="4"><ID ItemID="4294967288" TaskNumber="0" TypeHash="5" Path="" STType="HMI.ProportionType" UIDType="Inner" /><IsValueFromTheme>false</IsValueFromTheme><IsDynamized>false</IsDynamized><ContiniuosUpdate>false</ContiniuosUpdate></Parameter><Parameter Name="WidthType" ShortName="WidthType" Tag="0" Role="WidthType" Value="1"><ID ItemID="4294967287" TaskNumber="0" TypeHash="5" Path="" STType="HMI.SizeType" UIDType="Inner" /><IsValueFromTheme>false</IsValueFromTheme><IsDynamized>false</IsDynamized><ContiniuosUpdate>false</ContiniuosUpdate></Parameter><Parameter Name="HeightType" ShortName="HeightType" Tag="0" Role="HeightType" Value="1"><ID ItemID="4294967286" TaskNumber="0" TypeHash="5" Path="" STType="HMI.SizeType" UIDType="Inner" /><IsValueFromTheme>false</IsValueFromTheme><IsDynamized>false</IsDynamized><ContiniuosUpdate>false</ContiniuosUpdate></Parameter></Parameters><Elements><Element Name="57123" ShortName="Строка статуса" Tag="57123" TreeObject="АРМ 1"><ID ItemID="57123" TaskNumber="0" TypeHash="0" Path="" STType="" UIDType="Inner"><Owner ItemID="57123" TaskNumber="0" TypeHash="0" STType="" UIDType="Inner" /></ID><Parent ItemID="57110" TaskNumber="0" TypeHash="0" Path="" STType="" UIDType="Inner"><Owner ItemID="57110" TaskNumber="0" TypeHash="0" STType="" UIDType="Inner" /></Parent><UsedSTTypes><string>HMI.ResourceType</string><string>DINT</string><string>LREAL</string><string>HMI.DockType</string><string>HMI.SizeType</string></UsedSTTypes><TypeID ItemID="6290" TaskNumber="0" TypeHash="0" Path="" STType="" UIDType="Inner"><Owner ItemID="6290" TaskNumber="0" TypeHash="0" STType="" UIDType="Inner" /></TypeID><Parameters><Parameter Name="Образ" ShortName="57140" Tag="57140" Role="SkinResource" Value=""><ID ItemID="57140" TaskNumber="0" TypeHash="4" Path="" STType="HMI.ResourceType" UIDType="Inner"><Owner ItemID="57123" TaskNumber="0" TypeHash="0" STType="" UIDType="Inner" /></ID><Parent ItemID="57123" TaskNumber="0" TypeHash="0" Path="" STType="" UIDType="Inner"><Owner ItemID="57123" TaskNumber="0" TypeHash="0" STType="" UIDType="Inner" /></Parent><IsValueFromTheme>false</IsValueFromTheme><Connections /><IsDynamized>false</IsDynamized><ContiniuosUpdate>false</ContiniuosUpdate></Parameter><Parameter Name="Порядок Z" ShortName="57143" Tag="57143" Role="Z" Value=""><ID ItemID="57143" TaskNumber="0" TypeHash="6" Path="" STType="DINT" UIDType="Inner"><Owner ItemID="57123" TaskNumber="0" TypeHash="0" STType="" UIDType="Inner" /></ID><Parent ItemID="57123" TaskNumber="0" TypeHash="0" Path="" STType="" UIDType="Inner"><Owner ItemID="57123" TaskNumber="0" TypeHash="0" STType="" UIDType="Inner" /></Parent><IsValueFromTheme>false</IsValueFromTheme><Connections /><IsDynamized>false</IsDynamized><ContiniuosUpdate>false</ContiniuosUpdate></Parameter><Parameter Name="Ширина" ShortName="57144" Tag="57144" Role="Width" Value="800"><ID ItemID="57144" TaskNumber="0" TypeHash="1" Path="" STType="LREAL" UIDType="Inner"><Owner ItemID="57123" TaskNumber="0" TypeHash="0" STType="" UIDType="Inner" /></ID><Parent ItemID="57123" TaskNumber="0" TypeHash="0" Path="" STType="" UIDType="Inner"><Owner ItemID="57123" TaskNumber="0" TypeHash="0" STType="" UIDType="Inner" /></Parent><IsValueFromTheme>false</IsValueFromTheme><Connections /><IsDynamized>false</IsDynamized><ContiniuosUpdate>false</ContiniuosUpdate></Parameter><Parameter Name="Высота" ShortName="57141" Tag="57141" Role="Height" Value="20"><ID ItemID="57141" TaskNumber="0" TypeHash="1" Path="" STType="LREAL" UIDType="Inner"><Owner ItemID="57123" TaskNumber="0" TypeHash="0" STType="" UIDType="Inner" /></ID><Parent ItemID="57123" TaskNumber="0" TypeHash="0" Path="" STType="" UIDType="Inner"><Owner ItemID="57123" TaskNumber="0" TypeHash="0" STType="" UIDType="Inner" /></Parent><IsValueFromTheme>false</IsValueFromTheme><Connections /><IsDynamized>false</IsDynamized><ContiniuosUpdate>false</ContiniuosUpdate></Parameter><Parameter Name="Клавиатурный индекс" ShortName="57142" Tag="57142" Role="TabIndex" Value=""><ID ItemID="57142" TaskNumber="0" TypeHash="6" Path="" STType="DINT" UIDType="Inner"><Owner ItemID="57123" TaskNumber="0" TypeHash="0" STType="" UIDType="Inner" /></ID><Parent ItemID="57123" TaskNumber="0" TypeHash="0" Path="" STType="" UIDType="Inner"><Owner ItemID="57123" TaskNumber="0" TypeHash="0" STType="" UIDType="Inner" /></Parent><IsValueFromTheme>false</IsValueFromTheme><Connections /><IsDynamized>false</IsDynamized><ContiniuosUpdate>false</ContiniuosUpdate></Parameter><Parameter Name="Изображение фона" ShortName="57139" Tag="57139" Role="Resource" Value=""><ID ItemID="57139" TaskNumber="0" TypeHash="4" Path="" STType="HMI.ResourceType" UIDType="Inner"><Owner ItemID="57123" TaskNumber="0" TypeHash="0" STType="" UIDType="Inner" /></ID><Parent ItemID="57123" TaskNumber="0" TypeHash="0" Path="" STType="" UIDType="Inner"><Owner ItemID="57123" TaskNumber="0" TypeHash="0" STType="" UIDType="Inner" /></Parent><IsValueFromTheme>false</IsValueFromTheme><Connections /><IsDynamized>false</IsDynamized><ContiniuosUpdate>false</ContiniuosUpdate></Parameter><Parameter Name="Координата X" ShortName="57145" Tag="57145" Role="X" Value="0"><ID ItemID="57145" TaskNumber="0" TypeHash="1" Path="" STType="LREAL" UIDType="Inner"><Owner ItemID="57123" TaskNumber="0" TypeHash="0" STType="" UIDType="Inner" /></ID><Parent ItemID="57123" TaskNumber="0" TypeHash="0" Path="" STType="" UIDType="Inner"><Owner ItemID="57123" TaskNumber="0" TypeHash="0" STType="" UIDType="Inner" /></Parent><IsValueFromTheme>false</IsValueFromTheme><Connections /><IsDynamized>false</IsDynamized><ContiniuosUpdate>false</ContiniuosUpdate></Parameter><Parameter Name="Координата Y" ShortName="57146" Tag="57146" Role="Y" Value="0"><ID ItemID="57146" TaskNumber="0" TypeHash="1" Path="" STType="LREAL" UIDType="Inner"><Owner ItemID="57123" TaskNumber="0" TypeHash="0" STType="" UIDType="Inner" /></ID><Parent ItemID="57123" TaskNumber="0" TypeHash="0" Path="" STType="" UIDType="Inner"><Owner ItemID="57123" TaskNumber="0" TypeHash="0" STType="" UIDType="Inner" /></Parent><IsValueFromTheme>false</IsValueFromTheme><Connections /><IsDynamized>false</IsDynamized><ContiniuosUpdate>false</ContiniuosUpdate></Parameter><Parameter Name="Положение" ShortName="57147" Tag="57147" Role="DockStyle" Value="1"><ID ItemID="57147" TaskNumber="0" TypeHash="5" Path="" STType="HMI.DockType" UIDType="Inner"><Owner ItemID="57123" TaskNumber="0" TypeHash="0" STType="" UIDType="Inner" /></ID><Parent ItemID="57123" TaskNumber="0" TypeHash="0" Path="" STType="" UIDType="Inner"><Owner ItemID="57123" TaskNumber="0" TypeHash="0" STType="" UIDType="Inner" /></Parent><IsValueFromTheme>false</IsValueFromTheme><Connections /><IsDynamized>false</IsDynamized><ContiniuosUpdate>false</ContiniuosUpdate></Parameter><Parameter Name="XType" ShortName="XType" Tag="0" Role="XType" Value="1"><ID ItemID="4294967285" TaskNumber="0" TypeHash="5" Path="" STType="HMI.SizeType" UIDType="Inner" /><Parent ItemID="57110" TaskNumber="0" TypeHash="0" Path="" STType="" UIDType="Inner"><Owner ItemID="57110" TaskNumber="0" TypeHash="0" STType="" UIDType="Inner" /></Parent><IsValueFromTheme>false</IsValueFromTheme><IsDynamized>false</IsDynamized><ContiniuosUpdate>false</ContiniuosUpdate></Parameter><Parameter Name="YType" ShortName="YType" Tag="0" Role="YType" Value="1"><ID ItemID="4294967284" TaskNumber="0" TypeHash="5" Path="" STType="HMI.SizeType" UIDType="Inner" /><Parent ItemID="57110" TaskNumber="0" TypeHash="0" Path="" STType="" UIDType="Inner"><Owner ItemID="57110" TaskNumber="0" TypeHash="0" STType="" UIDType="Inner" /></Parent><IsValueFromTheme>false</IsValueFromTheme><IsDynamized>false</IsDynamized><ContiniuosUpdate>false</ContiniuosUpdate></Parameter><Parameter Name="WidthType" ShortName="WidthType" Tag="0" Role="WidthType" Value="1"><ID ItemID="4294967283" TaskNumber="0" TypeHash="5" Path="" STType="HMI.SizeType" UIDType="Inner" /><Parent ItemID="57110" TaskNumber="0" TypeHash="0" Path="" STType="" UIDType="Inner"><Owner ItemID="57110" TaskNumber="0" TypeHash="0" STType="" UIDType="Inner" /></Parent><IsValueFromTheme>false</IsValueFromTheme><IsDynamized>false</IsDynamized><ContiniuosUpdate>false</ContiniuosUpdate></Parameter><Parameter Name="HeightType" ShortName="HeightType" Tag="0" Role="HeightType" Value="1"><ID ItemID="4294967282" TaskNumber="0" TypeHash="5" Path="" STType="HMI.SizeType" UIDType="Inner" /><Parent ItemID="57110" TaskNumber="0" TypeHash="0" Path="" STType="" UIDType="Inner"><Owner ItemID="57110" TaskNumber="0" TypeHash="0" STType="" UIDType="Inner" /></Parent><IsValueFromTheme>false</IsValueFromTheme><IsDynamized>false</IsDynamized><ContiniuosUpdate>false</ContiniuosUpdate></Parameter></Parameters><ObjectId>0</ObjectId><ServerTaskId>-1</ServerTaskId><ServerTaskItemId>0</ServerTaskItemId><HasConnections>false</HasConnections></Element><Element Name="57124" ShortName="Контейнер стартового окна" Tag="57124" TreeObject="АРМ 1"><ID ItemID="57124" TaskNumber="0" TypeHash="0" Path="" STType="" UIDType="Inner"><Owner ItemID="57124" TaskNumber="0" TypeHash="0" STType="" UIDType="Inner" /></ID><Parent ItemID="57110" TaskNumber="0" TypeHash="0" Path="" STType="" UIDType="Inner"><Owner ItemID="57110" TaskNumber="0" TypeHash="0" STType="" UIDType="Inner" /></Parent><UsedSTTypes><string>HMI.ResourceType</string><string>DINT</string><string>LREAL</string><string>HMI.SizeType</string><string>HMI.ProportionType</string></UsedSTTypes><TypeID ItemID="5888" TaskNumber="0" TypeHash="0" Path="" STType="" UIDType="Inner"><Owner ItemID="5888" TaskNumber="0" TypeHash="0" STType="" UIDType="Inner" /></TypeID><Parameters><Parameter Name="Образ" ShortName="57127" Tag="57127" Role="SkinResource" Value=""><ID ItemID="57127" TaskNumber="0" TypeHash="4" Path="" STType="HMI.ResourceType" UIDType="Inner"><Owner ItemID="57124" TaskNumber="0" TypeHash="0" STType="" UIDType="Inner" /></ID><Parent ItemID="57124" TaskNumber="0" TypeHash="0" Path="" STType="" UIDType="Inner"><Owner ItemID="57124" TaskNumber="0" TypeHash="0" STType="" UIDType="Inner" /></Parent><IsValueFromTheme>false</IsValueFromTheme><Connections /><IsDynamized>false</IsDynamized><ContiniuosUpdate>false</ContiniuosUpdate></Parameter><Parameter Name="Порядок Z" ShortName="57130" Tag="57130" Role="Z" Value=""><ID ItemID="57130" TaskNumber="0" TypeHash="6" Path="" STType="DINT" UIDType="Inner"><Owner ItemID="57124" TaskNumber="0" TypeHash="0" STType="" UIDType="Inner" /></ID><Parent ItemID="57124" TaskNumber="0" TypeHash="0" Path="" STType="" UIDType="Inner"><Owner ItemID="57124" TaskNumber="0" TypeHash="0" STType="" UIDType="Inner" /></Parent><IsValueFromTheme>false</IsValueFromTheme><Connections /><IsDynamized>false</IsDynamized><ContiniuosUpdate>false</ContiniuosUpdate></Parameter><Parameter Name="Ширина" ShortName="57131" Tag="57131" Role="Width" Value="400"><ID ItemID="57131" TaskNumber="0" TypeHash="1" Path="" STType="LREAL" UIDType="Inner"><Owner ItemID="57124" TaskNumber="0" TypeHash="0" STType="" UIDType="Inner" /></ID><Parent ItemID="57124" TaskNumber="0" TypeHash="0" Path="" STType="" UIDType="Inner"><Owner ItemID="57124" TaskNumber="0" TypeHash="0" STType="" UIDType="Inner" /></Parent><IsValueFromTheme>false</IsValueFromTheme><Connections /><IsDynamized>false</IsDynamized><ContiniuosUpdate>false</ContiniuosUpdate></Parameter><Parameter Name="Высота" ShortName="57128" Tag="57128" Role="Height" Value="300"><ID ItemID="57128" TaskNumber="0" TypeHash="1" Path="" STType="LREAL" UIDType="Inner"><Owner ItemID="57124" TaskNumber="0" TypeHash="0" STType="" UIDType="Inner" /></ID><Parent ItemID="57124" TaskNumber="0" TypeHash="0" Path="" STType="" UIDType="Inner"><Owner ItemID="57124" TaskNumber="0" TypeHash="0" STType="" UIDType="Inner" /></Parent><IsValueFromTheme>false</IsValueFromTheme><Connections /><IsDynamized>false</IsDynamized><ContiniuosUpdate>false</ContiniuosUpdate></Parameter><Parameter Name="Клавиатурный индекс" ShortName="57129" Tag="57129" Role="TabIndex" Value=""><ID ItemID="57129" TaskNumber="0" TypeHash="6" Path="" STType="DINT" UIDType="Inner"><Owner ItemID="57124" TaskNumber="0" TypeHash="0" STType="" UIDType="Inner" /></ID><Parent ItemID="57124" TaskNumber="0" TypeHash="0" Path="" STType="" UIDType="Inner"><Owner ItemID="57124" TaskNumber="0" TypeHash="0" STType="" UIDType="Inner" /></Parent><IsValueFromTheme>false</IsValueFromTheme><Connections /><IsDynamized>false</IsDynamized><ContiniuosUpdate>false</ContiniuosUpdate></Parameter><Parameter Name="Изображение фона" ShortName="57126" Tag="57126" Role="Resource" Value=""><ID ItemID="57126" TaskNumber="0" TypeHash="4" Path="" STType="HMI.ResourceType" UIDType="Inner"><Owner ItemID="57124" TaskNumber="0" TypeHash="0" STType="" UIDType="Inner" /></ID><Parent ItemID="57124" TaskNumber="0" TypeHash="0" Path="" STType="" UIDType="Inner"><Owner ItemID="57124" TaskNumber="0" TypeHash="0" STType="" UIDType="Inner" /></Parent><IsValueFromTheme>false</IsValueFromTheme><Connections /><IsDynamized>false</IsDynamized><ContiniuosUpdate>false</ContiniuosUpdate></Parameter><Parameter Name="Координата X" ShortName="57132" Tag="57132" Role="X" Value="0"><ID ItemID="57132" TaskNumber="0" TypeHash="1" Path="" STType="LREAL" UIDType="Inner"><Owner ItemID="57124" TaskNumber="0" TypeHash="0" STType="" UIDType="Inner" /></ID><Parent ItemID="57124" TaskNumber="0" TypeHash="0" Path="" STType="" UIDType="Inner"><Owner ItemID="57124" TaskNumber="0" TypeHash="0" STType="" UIDType="Inner" /></Parent><IsValueFromTheme>false</IsValueFromTheme><Connections /><IsDynamized>false</IsDynamized><ContiniuosUpdate>false</ContiniuosUpdate></Parameter><Parameter Name="Координата Y" ShortName="57133" Tag="57133" Role="Y" Value="0"><ID ItemID="57133" TaskNumber="0" TypeHash="1" Path="" STType="LREAL" UIDType="Inner"><Owner ItemID="57124" TaskNumber="0" TypeHash="0" STType="" UIDType="Inner" /></ID><Parent ItemID="57124" TaskNumber="0" TypeHash="0" Path="" STType="" UIDType="Inner"><Owner ItemID="57124" TaskNumber="0" TypeHash="0" STType="" UIDType="Inner" /></Parent><IsValueFromTheme>false</IsValueFromTheme><Connections /><IsDynamized>false</IsDynamized><ContiniuosUpdate>false</ContiniuosUpdate></Parameter><Parameter Name="XType" ShortName="XType" Tag="0" Role="XType" Value="1"><ID ItemID="4294967281" TaskNumber="0" TypeHash="5" Path="" STType="HMI.SizeType" UIDType="Inner" /><Parent ItemID="57110" TaskNumber="0" TypeHash="0" Path="" STType="" UIDType="Inner"><Owner ItemID="57110" TaskNumber="0" TypeHash="0" STType="" UIDType="Inner" /></Parent><IsValueFromTheme>false</IsValueFromTheme><IsDynamized>false</IsDynamized><ContiniuosUpdate>false</ContiniuosUpdate></Parameter><Parameter Name="YType" ShortName="YType" Tag="0" Role="YType" Value="1"><ID ItemID="4294967280" TaskNumber="0" TypeHash="5" Path="" STType="HMI.SizeType" UIDType="Inner" /><Parent ItemID="57110" TaskNumber="0" TypeHash="0" Path="" STType="" UIDType="Inner"><Owner ItemID="57110" TaskNumber="0" TypeHash="0" STType="" UIDType="Inner" /></Parent><IsValueFromTheme>false</IsValueFromTheme><IsDynamized>false</IsDynamized><ContiniuosUpdate>false</ContiniuosUpdate></Parameter><Parameter Name="ProportionType" ShortName="ProportionType" Tag="0" Role="ProportionType" Value="0"><ID ItemID="4294967279" TaskNumber="0" TypeHash="5" Path="" STType="HMI.ProportionType" UIDType="Inner" /><Parent ItemID="57110" TaskNumber="0" TypeHash="0" Path="" STType="" UIDType="Inner"><Owner ItemID="57110" TaskNumber="0" TypeHash="0" STType="" UIDType="Inner" /></Parent><IsValueFromTheme>false</IsValueFromTheme><IsDynamized>false</IsDynamized><ContiniuosUpdate>false</ContiniuosUpdate></Parameter><Parameter Name="WidthType" ShortName="WidthType" Tag="0" Role="WidthType" Value="1"><ID ItemID="4294967278" TaskNumber="0" TypeHash="5" Path="" STType="HMI.SizeType" UIDType="Inner" /><Parent ItemID="57110" TaskNumber="0" TypeHash="0" Path="" STType="" UIDType="Inner"><Owner ItemID="57110" TaskNumber="0" TypeHash="0" STType="" UIDType="Inner" /></Parent><IsValueFromTheme>false</IsValueFromTheme><IsDynamized>false</IsDynamized><ContiniuosUpdate>false</ContiniuosUpdate></Parameter><Parameter Name="HeightType" ShortName="HeightType" Tag="0" Role="HeightType" Value="1"><ID ItemID="4294967277" TaskNumber="0" TypeHash="5" Path="" STType="HMI.SizeType" UIDType="Inner" /><Parent ItemID="57110" TaskNumber="0" TypeHash="0" Path="" STType="" UIDType="Inner"><Owner ItemID="57110" TaskNumber="0" TypeHash="0" STType="" UIDType="Inner" /></Parent><IsValueFromTheme>false</IsValueFromTheme><IsDynamized>false</IsDynamized><ContiniuosUpdate>false</ContiniuosUpdate></Parameter></Parameters><ObjectId>0</ObjectId><ServerTaskId>-1</ServerTaskId><ServerTaskItemId>0</ServerTaskItemId><HasConnections>false</HasConnections></Element></Elements><ObjectId>0</ObjectId><ServerTaskId>-1</ServerTaskId><ServerTaskItemId>0</ServerTaskItemId><Role>Window</Role><HasConnections>false</HasConnections></Element>