﻿<?xml version="1.0" encoding="utf-8"?><Element xmlns:xsi="http://www.w3.org/2001/XMLSchema-instance" xmlns:xsd="http://www.w3.org/2001/XMLSchema" Name="9830" ShortName="Инкремент" Tag="9830"><ID ItemID="9830" TaskNumber="0" TypeHash="0" Path="" STType="" UIDType="Inner"><Owner ItemID="9830" TaskNumber="0" TypeHash="0" STType="" UIDType="Inner" /></ID><UsedSTTypes><string>HMI.ResourceType</string><string>DINT</string><string>LREAL</string><string>HMI.SolidColorType</string><string>HMI.TileType</string><string>BOOL</string><string>HMI.GradientColorType</string><string>HMI.BorderStyleType</string><string>STRING</string><string>HMI.DockType</string><string>HMI.HorizontalAlignType</string><string>HMI.VerticalAlignType</string><string>HMI.MouseCursorKinds</string><string>BYTE</string><string>USINT</string><string>HMI.SizeType</string><string>HMI.ProportionType</string></UsedSTTypes><Parameters><Parameter Name="Образ" ShortName="9739" Tag="9739" Role="SkinResource" Value=""><ID ItemID="9739" TaskNumber="0" TypeHash="4" Path="" STType="HMI.ResourceType" UIDType="Inner"><Owner ItemID="9830" TaskNumber="0" TypeHash="0" STType="" UIDType="Inner" /></ID><Parent ItemID="9830" TaskNumber="0" TypeHash="0" Path="" STType="" UIDType="Inner"><Owner ItemID="9830" TaskNumber="0" TypeHash="0" STType="" UIDType="Inner" /></Parent><IsValueFromTheme>false</IsValueFromTheme><Connections /><IsDynamized>false</IsDynamized><ContiniuosUpdate>false</ContiniuosUpdate></Parameter><Parameter Name="Порядок Z" ShortName="9740" Tag="9740" Role="Z" Value=""><ID ItemID="9740" TaskNumber="0" TypeHash="6" Path="" STType="DINT" UIDType="Inner"><Owner ItemID="9830" TaskNumber="0" TypeHash="0" STType="" UIDType="Inner" /></ID><Parent ItemID="9830" TaskNumber="0" TypeHash="0" Path="" STType="" UIDType="Inner"><Owner ItemID="9830" TaskNumber="0" TypeHash="0" STType="" UIDType="Inner" /></Parent><IsValueFromTheme>false</IsValueFromTheme><Connections /><IsDynamized>false</IsDynamized><ContiniuosUpdate>false</ContiniuosUpdate></Parameter><Parameter Name="Ширина" ShortName="9713" Tag="9713" Role="Width" Value="80"><ID ItemID="9713" TaskNumber="0" TypeHash="1" Path="" STType="LREAL" UIDType="Inner"><Owner ItemID="9830" TaskNumber="0" TypeHash="0" STType="" UIDType="Inner" /></ID><Parent ItemID="9830" TaskNumber="0" TypeHash="0" Path="" STType="" UIDType="Inner"><Owner ItemID="9830" TaskNumber="0" TypeHash="0" STType="" UIDType="Inner" /></Parent><IsValueFromTheme>false</IsValueFromTheme><Connections /><IsDynamized>false</IsDynamized><ContiniuosUpdate>false</ContiniuosUpdate></Parameter><Parameter Name="Шаг инкремента" ShortName="9710" Tag="9710" Role="IncrementStep" Value="1"><ID ItemID="9710" TaskNumber="0" TypeHash="1" Path="" STType="LREAL" UIDType="Inner"><Owner ItemID="9830" TaskNumber="0" TypeHash="0" STType="" UIDType="Inner" /></ID><Parent ItemID="9830" TaskNumber="0" TypeHash="0" Path="" STType="" UIDType="Inner"><Owner ItemID="9830" TaskNumber="0" TypeHash="0" STType="" UIDType="Inner" /></Parent><IsValueFromTheme>false</IsValueFromTheme><Connections /><IsDynamized>false</IsDynamized><ContiniuosUpdate>false</ContiniuosUpdate></Parameter><Parameter Name="Минимум" ShortName="9711" Tag="9711" Role="MinValue" Value="0"><ID ItemID="9711" TaskNumber="0" TypeHash="1" Path="" STType="LREAL" UIDType="Inner"><Owner ItemID="9830" TaskNumber="0" TypeHash="0" STType="" UIDType="Inner" /></ID><Parent ItemID="9830" TaskNumber="0" TypeHash="0" Path="" STType="" UIDType="Inner"><Owner ItemID="9830" TaskNumber="0" TypeHash="0" STType="" UIDType="Inner" /></Parent><IsValueFromTheme>false</IsValueFromTheme><Connections /><IsDynamized>false</IsDynamized><ContiniuosUpdate>false</ContiniuosUpdate></Parameter><Parameter Name="Текущее значение" ShortName="9712" Tag="9712" Role="Value" Value="50"><ID ItemID="9712" TaskNumber="0" TypeHash="1" Path="" STType="LREAL" UIDType="Inner"><Owner ItemID="9830" TaskNumber="0" TypeHash="0" STType="" UIDType="Inner" /></ID><Parent ItemID="9830" TaskNumber="0" TypeHash="0" Path="" STType="" UIDType="Inner"><Owner ItemID="9830" TaskNumber="0" TypeHash="0" STType="" UIDType="Inner" /></Parent><IsValueFromTheme>false</IsValueFromTheme><Connections /><IsDynamized>false</IsDynamized><ContiniuosUpdate>false</ContiniuosUpdate></Parameter><Parameter Name="Максимум" ShortName="9721" Tag="9721" Role="MaxValue" Value="100"><ID ItemID="9721" TaskNumber="0" TypeHash="1" Path="" STType="LREAL" UIDType="Inner"><Owner ItemID="9830" TaskNumber="0" TypeHash="0" STType="" UIDType="Inner" /></ID><Parent ItemID="9830" TaskNumber="0" TypeHash="0" Path="" STType="" UIDType="Inner"><Owner ItemID="9830" TaskNumber="0" TypeHash="0" STType="" UIDType="Inner" /></Parent><IsValueFromTheme>false</IsValueFromTheme><Connections /><IsDynamized>false</IsDynamized><ContiniuosUpdate>false</ContiniuosUpdate></Parameter><Parameter Name="Высота" ShortName="9714" Tag="9714" Role="Height" Value="20"><ID ItemID="9714" TaskNumber="0" TypeHash="1" Path="" STType="LREAL" UIDType="Inner"><Owner ItemID="9830" TaskNumber="0" TypeHash="0" STType="" UIDType="Inner" /></ID><Parent ItemID="9830" TaskNumber="0" TypeHash="0" Path="" STType="" UIDType="Inner"><Owner ItemID="9830" TaskNumber="0" TypeHash="0" STType="" UIDType="Inner" /></Parent><IsValueFromTheme>false</IsValueFromTheme><Connections /><IsDynamized>false</IsDynamized><ContiniuosUpdate>false</ContiniuosUpdate></Parameter><Parameter Name="Угол поворота" ShortName="9715" Tag="9715" Role="Angle" Value="0"><ID ItemID="9715" TaskNumber="0" TypeHash="1" Path="" STType="LREAL" UIDType="Inner"><Owner ItemID="9830" TaskNumber="0" TypeHash="0" STType="" UIDType="Inner" /></ID><Parent ItemID="9830" TaskNumber="0" TypeHash="0" Path="" STType="" UIDType="Inner"><Owner ItemID="9830" TaskNumber="0" TypeHash="0" STType="" UIDType="Inner" /></Parent><IsValueFromTheme>false</IsValueFromTheme><Connections /><IsDynamized>false</IsDynamized><ContiniuosUpdate>false</ContiniuosUpdate></Parameter><Parameter Name="Масштаб Y" ShortName="9717" Tag="9717" Role="ScaleY" Value="1"><ID ItemID="9717" TaskNumber="0" TypeHash="1" Path="" STType="LREAL" UIDType="Inner"><Owner ItemID="9830" TaskNumber="0" TypeHash="0" STType="" UIDType="Inner" /></ID><Parent ItemID="9830" TaskNumber="0" TypeHash="0" Path="" STType="" UIDType="Inner"><Owner ItemID="9830" TaskNumber="0" TypeHash="0" STType="" UIDType="Inner" /></Parent><IsValueFromTheme>false</IsValueFromTheme><Connections /><IsDynamized>false</IsDynamized><ContiniuosUpdate>false</ContiniuosUpdate></Parameter><Parameter Name="Толщина рамки" ShortName="9718" Tag="9718" Role="BorderThickness" Value="1"><ID ItemID="9718" TaskNumber="0" TypeHash="1" Path="" STType="LREAL" UIDType="Inner"><Owner ItemID="9830" TaskNumber="0" TypeHash="0" STType="" UIDType="Inner" /></ID><Parent ItemID="9830" TaskNumber="0" TypeHash="0" Path="" STType="" UIDType="Inner"><Owner ItemID="9830" TaskNumber="0" TypeHash="0" STType="" UIDType="Inner" /></Parent><IsValueFromTheme>false</IsValueFromTheme><Connections /><IsDynamized>false</IsDynamized><ContiniuosUpdate>false</ContiniuosUpdate></Parameter><Parameter Name="Цвет рамки" ShortName="9704" Tag="9704" Role="BorderColor" Value="GRAY"><ID ItemID="9704" TaskNumber="0" TypeHash="4" Path="" STType="HMI.SolidColorType" UIDType="Inner"><Owner ItemID="9830" TaskNumber="0" TypeHash="0" STType="" UIDType="Inner" /></ID><Parent ItemID="9830" TaskNumber="0" TypeHash="0" Path="" STType="" UIDType="Inner"><Owner ItemID="9830" TaskNumber="0" TypeHash="0" STType="" UIDType="Inner" /></Parent><IsValueFromTheme>false</IsValueFromTheme><Connections /><IsDynamized>false</IsDynamized><ContiniuosUpdate>false</ContiniuosUpdate></Parameter><Parameter Name="Замостка фона" ShortName="9732" Tag="9732" Role="BackgroundTile" Value="2"><ID ItemID="9732" TaskNumber="0" TypeHash="5" Path="" STType="HMI.TileType" UIDType="Inner"><Owner ItemID="9830" TaskNumber="0" TypeHash="0" STType="" UIDType="Inner" /></ID><Parent ItemID="9830" TaskNumber="0" TypeHash="0" Path="" STType="" UIDType="Inner"><Owner ItemID="9830" TaskNumber="0" TypeHash="0" STType="" UIDType="Inner" /></Parent><IsValueFromTheme>false</IsValueFromTheme><Connections /><IsDynamized>false</IsDynamized><ContiniuosUpdate>false</ContiniuosUpdate></Parameter><Parameter Name="Масштаб X" ShortName="9716" Tag="9716" Role="ScaleX" Value="1"><ID ItemID="9716" TaskNumber="0" TypeHash="1" Path="" STType="LREAL" UIDType="Inner"><Owner ItemID="9830" TaskNumber="0" TypeHash="0" STType="" UIDType="Inner" /></ID><Parent ItemID="9830" TaskNumber="0" TypeHash="0" Path="" STType="" UIDType="Inner"><Owner ItemID="9830" TaskNumber="0" TypeHash="0" STType="" UIDType="Inner" /></Parent><IsValueFromTheme>false</IsValueFromTheme><Connections /><IsDynamized>false</IsDynamized><ContiniuosUpdate>false</ContiniuosUpdate></Parameter><Parameter Name="Видимость" ShortName="9733" Tag="9733" Role="IsVisible" Value="True"><ID ItemID="9733" TaskNumber="0" TypeHash="3" Path="" STType="BOOL" UIDType="Inner"><Owner ItemID="9830" TaskNumber="0" TypeHash="0" STType="" UIDType="Inner" /></ID><Parent ItemID="9830" TaskNumber="0" TypeHash="0" Path="" STType="" UIDType="Inner"><Owner ItemID="9830" TaskNumber="0" TypeHash="0" STType="" UIDType="Inner" /></Parent><IsValueFromTheme>false</IsValueFromTheme><Connections /><IsDynamized>false</IsDynamized><ContiniuosUpdate>false</ContiniuosUpdate></Parameter><Parameter Name="Только чтение" ShortName="9727" Tag="9727" Role="IsReadonly" Value="False"><ID ItemID="9727" TaskNumber="0" TypeHash="3" Path="" STType="BOOL" UIDType="Inner"><Owner ItemID="9830" TaskNumber="0" TypeHash="0" STType="" UIDType="Inner" /></ID><Parent ItemID="9830" TaskNumber="0" TypeHash="0" Path="" STType="" UIDType="Inner"><Owner ItemID="9830" TaskNumber="0" TypeHash="0" STType="" UIDType="Inner" /></Parent><IsValueFromTheme>false</IsValueFromTheme><Connections /><IsDynamized>false</IsDynamized><ContiniuosUpdate>false</ContiniuosUpdate></Parameter><Parameter Name="Заливка фона" ShortName="9706" Tag="9706" Role="BackgroundColor" Value="rgb(208,208,208)"><ID ItemID="9706" TaskNumber="0" TypeHash="4" Path="" STType="HMI.GradientColorType" UIDType="Inner"><Owner ItemID="9830" TaskNumber="0" TypeHash="0" STType="" UIDType="Inner" /></ID><Parent ItemID="9830" TaskNumber="0" TypeHash="0" Path="" STType="" UIDType="Inner"><Owner ItemID="9830" TaskNumber="0" TypeHash="0" STType="" UIDType="Inner" /></Parent><IsValueFromTheme>false</IsValueFromTheme><Connections /><IsDynamized>false</IsDynamized><ContiniuosUpdate>false</ContiniuosUpdate></Parameter><Parameter Name="Прозрачность" ShortName="9719" Tag="9719" Role="Opacity" Value="100"><ID ItemID="9719" TaskNumber="0" TypeHash="1" Path="" STType="LREAL" UIDType="Inner"><Owner ItemID="9830" TaskNumber="0" TypeHash="0" STType="" UIDType="Inner" /></ID><Parent ItemID="9830" TaskNumber="0" TypeHash="0" Path="" STType="" UIDType="Inner"><Owner ItemID="9830" TaskNumber="0" TypeHash="0" STType="" UIDType="Inner" /></Parent><IsValueFromTheme>false</IsValueFromTheme><Connections /><IsDynamized>false</IsDynamized><ContiniuosUpdate>false</ContiniuosUpdate></Parameter><Parameter Name="Стиль рамки" ShortName="9736" Tag="9736" Role="BorderStyle" Value="0"><ID ItemID="9736" TaskNumber="0" TypeHash="5" Path="" STType="HMI.BorderStyleType" UIDType="Inner"><Owner ItemID="9830" TaskNumber="0" TypeHash="0" STType="" UIDType="Inner" /></ID><Parent ItemID="9830" TaskNumber="0" TypeHash="0" Path="" STType="" UIDType="Inner"><Owner ItemID="9830" TaskNumber="0" TypeHash="0" STType="" UIDType="Inner" /></Parent><IsValueFromTheme>false</IsValueFromTheme><Connections /><IsDynamized>false</IsDynamized><ContiniuosUpdate>false</ContiniuosUpdate></Parameter><Parameter Name="Всплывающая подсказка" ShortName="9720" Tag="9720" Role="ToolTip" Value=""><ID ItemID="9720" TaskNumber="0" TypeHash="4" Path="" STType="STRING" UIDType="Inner"><Owner ItemID="9830" TaskNumber="0" TypeHash="0" STType="" UIDType="Inner" /></ID><Parent ItemID="9830" TaskNumber="0" TypeHash="0" Path="" STType="" UIDType="Inner"><Owner ItemID="9830" TaskNumber="0" TypeHash="0" STType="" UIDType="Inner" /></Parent><IsValueFromTheme>false</IsValueFromTheme><Connections /><IsDynamized>false</IsDynamized><ContiniuosUpdate>false</ContiniuosUpdate></Parameter><Parameter Name="Мигание" ShortName="9730" Tag="9730" Role="Flash" Value="False"><ID ItemID="9730" TaskNumber="0" TypeHash="3" Path="" STType="BOOL" UIDType="Inner"><Owner ItemID="9830" TaskNumber="0" TypeHash="0" STType="" UIDType="Inner" /></ID><Parent ItemID="9830" TaskNumber="0" TypeHash="0" Path="" STType="" UIDType="Inner"><Owner ItemID="9830" TaskNumber="0" TypeHash="0" STType="" UIDType="Inner" /></Parent><IsValueFromTheme>false</IsValueFromTheme><Connections /><IsDynamized>false</IsDynamized><ContiniuosUpdate>false</ContiniuosUpdate></Parameter><Parameter Name="Размер тени" ShortName="9728" Tag="9728" Role="ShadowSize" Value="0"><ID ItemID="9728" TaskNumber="0" TypeHash="6" Path="" STType="DINT" UIDType="Inner"><Owner ItemID="9830" TaskNumber="0" TypeHash="0" STType="" UIDType="Inner" /></ID><Parent ItemID="9830" TaskNumber="0" TypeHash="0" Path="" STType="" UIDType="Inner"><Owner ItemID="9830" TaskNumber="0" TypeHash="0" STType="" UIDType="Inner" /></Parent><IsValueFromTheme>false</IsValueFromTheme><Connections /><IsDynamized>false</IsDynamized><ContiniuosUpdate>false</ContiniuosUpdate></Parameter><Parameter Name="Цвет тени" ShortName="9707" Tag="9707" Role="ShadowColor" Value="rgb(240,240,240)"><ID ItemID="9707" TaskNumber="0" TypeHash="4" Path="" STType="HMI.SolidColorType" UIDType="Inner"><Owner ItemID="9830" TaskNumber="0" TypeHash="0" STType="" UIDType="Inner" /></ID><Parent ItemID="9830" TaskNumber="0" TypeHash="0" Path="" STType="" UIDType="Inner"><Owner ItemID="9830" TaskNumber="0" TypeHash="0" STType="" UIDType="Inner" /></Parent><IsValueFromTheme>false</IsValueFromTheme><Connections /><IsDynamized>false</IsDynamized><ContiniuosUpdate>false</ContiniuosUpdate></Parameter><Parameter Name="Изображение фона" ShortName="9708" Tag="9708" Role="Resource" Value=""><ID ItemID="9708" TaskNumber="0" TypeHash="4" Path="" STType="HMI.ResourceType" UIDType="Inner"><Owner ItemID="9830" TaskNumber="0" TypeHash="0" STType="" UIDType="Inner" /></ID><Parent ItemID="9830" TaskNumber="0" TypeHash="0" Path="" STType="" UIDType="Inner"><Owner ItemID="9830" TaskNumber="0" TypeHash="0" STType="" UIDType="Inner" /></Parent><IsValueFromTheme>false</IsValueFromTheme><Connections /><IsDynamized>false</IsDynamized><ContiniuosUpdate>false</ContiniuosUpdate></Parameter><Parameter Name="Активность" ShortName="9734" Tag="9734" Role="IsEnabled" Value="True"><ID ItemID="9734" TaskNumber="0" TypeHash="3" Path="" STType="BOOL" UIDType="Inner"><Owner ItemID="9830" TaskNumber="0" TypeHash="0" STType="" UIDType="Inner" /></ID><Parent ItemID="9830" TaskNumber="0" TypeHash="0" Path="" STType="" UIDType="Inner"><Owner ItemID="9830" TaskNumber="0" TypeHash="0" STType="" UIDType="Inner" /></Parent><IsValueFromTheme>false</IsValueFromTheme><Connections /><IsDynamized>false</IsDynamized><ContiniuosUpdate>false</ContiniuosUpdate></Parameter><Parameter Name="Клавиатурный индекс" ShortName="9735" Tag="9735" Role="TabIndex" Value=""><ID ItemID="9735" TaskNumber="0" TypeHash="6" Path="" STType="DINT" UIDType="Inner"><Owner ItemID="9830" TaskNumber="0" TypeHash="0" STType="" UIDType="Inner" /></ID><Parent ItemID="9830" TaskNumber="0" TypeHash="0" Path="" STType="" UIDType="Inner"><Owner ItemID="9830" TaskNumber="0" TypeHash="0" STType="" UIDType="Inner" /></Parent><IsValueFromTheme>false</IsValueFromTheme><Connections /><IsDynamized>false</IsDynamized><ContiniuosUpdate>false</ContiniuosUpdate></Parameter><Parameter Name="Координата X" ShortName="9737" Tag="9737" Role="X" Value="0"><ID ItemID="9737" TaskNumber="0" TypeHash="1" Path="" STType="LREAL" UIDType="Inner"><Owner ItemID="9830" TaskNumber="0" TypeHash="0" STType="" UIDType="Inner" /></ID><Parent ItemID="9830" TaskNumber="0" TypeHash="0" Path="" STType="" UIDType="Inner"><Owner ItemID="9830" TaskNumber="0" TypeHash="0" STType="" UIDType="Inner" /></Parent><IsValueFromTheme>false</IsValueFromTheme><Connections /><IsDynamized>false</IsDynamized><ContiniuosUpdate>false</ContiniuosUpdate></Parameter><Parameter Name="Координата Y" ShortName="9738" Tag="9738" Role="Y" Value="0"><ID ItemID="9738" TaskNumber="0" TypeHash="1" Path="" STType="LREAL" UIDType="Inner"><Owner ItemID="9830" TaskNumber="0" TypeHash="0" STType="" UIDType="Inner" /></ID><Parent ItemID="9830" TaskNumber="0" TypeHash="0" Path="" STType="" UIDType="Inner"><Owner ItemID="9830" TaskNumber="0" TypeHash="0" STType="" UIDType="Inner" /></Parent><IsValueFromTheme>false</IsValueFromTheme><Connections /><IsDynamized>false</IsDynamized><ContiniuosUpdate>false</ContiniuosUpdate></Parameter><Parameter Name="Положение" ShortName="9741" Tag="9741" Role="DockStyle" Value="3"><ID ItemID="9741" TaskNumber="0" TypeHash="5" Path="" STType="HMI.DockType" UIDType="Inner"><Owner ItemID="9830" TaskNumber="0" TypeHash="0" STType="" UIDType="Inner" /></ID><Parent ItemID="9830" TaskNumber="0" TypeHash="0" Path="" STType="" UIDType="Inner"><Owner ItemID="9830" TaskNumber="0" TypeHash="0" STType="" UIDType="Inner" /></Parent><IsValueFromTheme>false</IsValueFromTheme><Connections /><IsDynamized>false</IsDynamized><ContiniuosUpdate>false</ContiniuosUpdate></Parameter><Parameter Name="Горизонтальное выравнивание" ShortName="9742" Tag="9742" Role="HorizontalAlign" Value="1"><ID ItemID="9742" TaskNumber="0" TypeHash="5" Path="" STType="HMI.HorizontalAlignType" UIDType="Inner"><Owner ItemID="9830" TaskNumber="0" TypeHash="0" STType="" UIDType="Inner" /></ID><Parent ItemID="9830" TaskNumber="0" TypeHash="0" Path="" STType="" UIDType="Inner"><Owner ItemID="9830" TaskNumber="0" TypeHash="0" STType="" UIDType="Inner" /></Parent><IsValueFromTheme>false</IsValueFromTheme><Connections /><IsDynamized>false</IsDynamized><ContiniuosUpdate>false</ContiniuosUpdate></Parameter><Parameter Name="Вертикальное выравнивание" ShortName="9743" Tag="9743" Role="VerticalAlign" Value="1"><ID ItemID="9743" TaskNumber="0" TypeHash="5" Path="" STType="HMI.VerticalAlignType" UIDType="Inner"><Owner ItemID="9830" TaskNumber="0" TypeHash="0" STType="" UIDType="Inner" /></ID><Parent ItemID="9830" TaskNumber="0" TypeHash="0" Path="" STType="" UIDType="Inner"><Owner ItemID="9830" TaskNumber="0" TypeHash="0" STType="" UIDType="Inner" /></Parent><IsValueFromTheme>false</IsValueFromTheme><Connections /><IsDynamized>false</IsDynamized><ContiniuosUpdate>false</ContiniuosUpdate></Parameter><Parameter Name="Вид курсора" ShortName="9747" Tag="9747" Role="MouseCursorKind" Value="0"><ID ItemID="9747" TaskNumber="0" TypeHash="5" Path="" STType="HMI.MouseCursorKinds" UIDType="Inner"><Owner ItemID="9830" TaskNumber="0" TypeHash="0" STType="" UIDType="Inner" /></ID><Parent ItemID="9830" TaskNumber="0" TypeHash="0" Path="" STType="" UIDType="Inner"><Owner ItemID="9830" TaskNumber="0" TypeHash="0" STType="" UIDType="Inner" /></Parent><IsValueFromTheme>false</IsValueFromTheme><Connections /><IsDynamized>false</IsDynamized><ContiniuosUpdate>false</ContiniuosUpdate></Parameter><Parameter Name="Шрифт" ShortName="9722" Tag="9722" Role="FontName" Value="Tahoma"><ID ItemID="9722" TaskNumber="0" TypeHash="4" Path="" STType="STRING" UIDType="Inner"><Owner ItemID="9830" TaskNumber="0" TypeHash="0" STType="" UIDType="Inner" /></ID><Parent ItemID="9830" TaskNumber="0" TypeHash="0" Path="" STType="" UIDType="Inner"><Owner ItemID="9830" TaskNumber="0" TypeHash="0" STType="" UIDType="Inner" /></Parent><IsValueFromTheme>false</IsValueFromTheme><Connections /><IsDynamized>false</IsDynamized><ContiniuosUpdate>false</ContiniuosUpdate></Parameter><Parameter Name="Размер текста" ShortName="9723" Tag="9723" Role="FontSize" Value="12"><ID ItemID="9723" TaskNumber="0" TypeHash="6" Path="" STType="BYTE" UIDType="Inner"><Owner ItemID="9830" TaskNumber="0" TypeHash="0" STType="" UIDType="Inner" /></ID><Parent ItemID="9830" TaskNumber="0" TypeHash="0" Path="" STType="" UIDType="Inner"><Owner ItemID="9830" TaskNumber="0" TypeHash="0" STType="" UIDType="Inner" /></Parent><IsValueFromTheme>false</IsValueFromTheme><Connections /><IsDynamized>false</IsDynamized><ContiniuosUpdate>false</ContiniuosUpdate></Parameter><Parameter Name="Горизонтальное выравнивание текста" ShortName="9724" Tag="9724" Role="TextHorizontalAlign" Value="1"><ID ItemID="9724" TaskNumber="0" TypeHash="5" Path="" STType="HMI.HorizontalAlignType" UIDType="Inner"><Owner ItemID="9830" TaskNumber="0" TypeHash="0" STType="" UIDType="Inner" /></ID><Parent ItemID="9830" TaskNumber="0" TypeHash="0" Path="" STType="" UIDType="Inner"><Owner ItemID="9830" TaskNumber="0" TypeHash="0" STType="" UIDType="Inner" /></Parent><IsValueFromTheme>false</IsValueFromTheme><Connections /><IsDynamized>false</IsDynamized><ContiniuosUpdate>false</ContiniuosUpdate></Parameter><Parameter Name="Показать кнопки" ShortName="9744" Tag="9744" Role="ShowButtons" Value="True"><ID ItemID="9744" TaskNumber="0" TypeHash="3" Path="" STType="BOOL" UIDType="Inner"><Owner ItemID="9830" TaskNumber="0" TypeHash="0" STType="" UIDType="Inner" /></ID><Parent ItemID="9830" TaskNumber="0" TypeHash="0" Path="" STType="" UIDType="Inner"><Owner ItemID="9830" TaskNumber="0" TypeHash="0" STType="" UIDType="Inner" /></Parent><IsValueFromTheme>false</IsValueFromTheme><Connections /><IsDynamized>false</IsDynamized><ContiniuosUpdate>false</ContiniuosUpdate></Parameter><Parameter Name="Запрет ручного ввода" ShortName="9745" Tag="9745" Role="RestrictManualInput" Value="False"><ID ItemID="9745" TaskNumber="0" TypeHash="3" Path="" STType="BOOL" UIDType="Inner"><Owner ItemID="9830" TaskNumber="0" TypeHash="0" STType="" UIDType="Inner" /></ID><Parent ItemID="9830" TaskNumber="0" TypeHash="0" Path="" STType="" UIDType="Inner"><Owner ItemID="9830" TaskNumber="0" TypeHash="0" STType="" UIDType="Inner" /></Parent><IsValueFromTheme>false</IsValueFromTheme><Connections /><IsDynamized>false</IsDynamized><ContiniuosUpdate>false</ContiniuosUpdate></Parameter><Parameter Name="Курсив" ShortName="9725" Tag="9725" Role="FontItalic" Value="False"><ID ItemID="9725" TaskNumber="0" TypeHash="3" Path="" STType="BOOL" UIDType="Inner"><Owner ItemID="9830" TaskNumber="0" TypeHash="0" STType="" UIDType="Inner" /></ID><Parent ItemID="9830" TaskNumber="0" TypeHash="0" Path="" STType="" UIDType="Inner"><Owner ItemID="9830" TaskNumber="0" TypeHash="0" STType="" UIDType="Inner" /></Parent><IsValueFromTheme>false</IsValueFromTheme><Connections /><IsDynamized>false</IsDynamized><ContiniuosUpdate>false</ContiniuosUpdate></Parameter><Parameter Name="Жирный" ShortName="9729" Tag="9729" Role="FontBold" Value="False"><ID ItemID="9729" TaskNumber="0" TypeHash="3" Path="" STType="BOOL" UIDType="Inner"><Owner ItemID="9830" TaskNumber="0" TypeHash="0" STType="" UIDType="Inner" /></ID><Parent ItemID="9830" TaskNumber="0" TypeHash="0" Path="" STType="" UIDType="Inner"><Owner ItemID="9830" TaskNumber="0" TypeHash="0" STType="" UIDType="Inner" /></Parent><IsValueFromTheme>false</IsValueFromTheme><Connections /><IsDynamized>false</IsDynamized><ContiniuosUpdate>false</ContiniuosUpdate></Parameter><Parameter Name="Многострочность" ShortName="9731" Tag="9731" Role="FontMultiline" Value="False"><ID ItemID="9731" TaskNumber="0" TypeHash="3" Path="" STType="BOOL" UIDType="Inner"><Owner ItemID="9830" TaskNumber="0" TypeHash="0" STType="" UIDType="Inner" /></ID><Parent ItemID="9830" TaskNumber="0" TypeHash="0" Path="" STType="" UIDType="Inner"><Owner ItemID="9830" TaskNumber="0" TypeHash="0" STType="" UIDType="Inner" /></Parent><IsValueFromTheme>false</IsValueFromTheme><Connections /><IsDynamized>false</IsDynamized><ContiniuosUpdate>false</ContiniuosUpdate></Parameter><Parameter Name="Подчеркнутый" ShortName="9726" Tag="9726" Role="FontUnderlined" Value="False"><ID ItemID="9726" TaskNumber="0" TypeHash="3" Path="" STType="BOOL" UIDType="Inner"><Owner ItemID="9830" TaskNumber="0" TypeHash="0" STType="" UIDType="Inner" /></ID><Parent ItemID="9830" TaskNumber="0" TypeHash="0" Path="" STType="" UIDType="Inner"><Owner ItemID="9830" TaskNumber="0" TypeHash="0" STType="" UIDType="Inner" /></Parent><IsValueFromTheme>false</IsValueFromTheme><Connections /><IsDynamized>false</IsDynamized><ContiniuosUpdate>false</ContiniuosUpdate></Parameter><Parameter Name="Использовать входящую связь только для отображения" ShortName="9746" Tag="9746" Role="NotSendBackwardConnection" Value="True"><ID ItemID="9746" TaskNumber="0" TypeHash="3" Path="" STType="BOOL" UIDType="Inner"><Owner ItemID="9830" TaskNumber="0" TypeHash="0" STType="" UIDType="Inner" /></ID><Parent ItemID="9830" TaskNumber="0" TypeHash="0" Path="" STType="" UIDType="Inner"><Owner ItemID="9830" TaskNumber="0" TypeHash="0" STType="" UIDType="Inner" /></Parent><IsValueFromTheme>false</IsValueFromTheme><Connections /><IsDynamized>false</IsDynamized><ContiniuosUpdate>false</ContiniuosUpdate></Parameter><Parameter Name="Радиус скругления" ShortName="9705" Tag="9705" Role="CornerRadius" Value="0"><ID ItemID="9705" TaskNumber="0" TypeHash="1" Path="" STType="LREAL" UIDType="Inner"><Owner ItemID="9830" TaskNumber="0" TypeHash="0" STType="" UIDType="Inner" /></ID><Parent ItemID="9830" TaskNumber="0" TypeHash="0" Path="" STType="" UIDType="Inner"><Owner ItemID="9830" TaskNumber="0" TypeHash="0" STType="" UIDType="Inner" /></Parent><IsValueFromTheme>false</IsValueFromTheme><Connections /><IsDynamized>false</IsDynamized><ContiniuosUpdate>false</ContiniuosUpdate></Parameter><Parameter Name="Цвет текста" ShortName="9709" Tag="9709" Role="TextColor" Value="BLACK"><ID ItemID="9709" TaskNumber="0" TypeHash="4" Path="" STType="HMI.SolidColorType" UIDType="Inner"><Owner ItemID="9830" TaskNumber="0" TypeHash="0" STType="" UIDType="Inner" /></ID><Parent ItemID="9830" TaskNumber="0" TypeHash="0" Path="" STType="" UIDType="Inner"><Owner ItemID="9830" TaskNumber="0" TypeHash="0" STType="" UIDType="Inner" /></Parent><IsValueFromTheme>false</IsValueFromTheme><Connections /><IsDynamized>false</IsDynamized><ContiniuosUpdate>false</ContiniuosUpdate></Parameter><Parameter Name="Макс кол-во знаков после запятой" ShortName="9748" Tag="9748" Role="MaxDecimalPlaces" Value="0"><ID ItemID="9748" TaskNumber="0" TypeHash="6" Path="" STType="USINT" UIDType="Inner"><Owner ItemID="9830" TaskNumber="0" TypeHash="0" STType="" UIDType="Inner" /></ID><Parent ItemID="9830" TaskNumber="0" TypeHash="0" Path="" STType="" UIDType="Inner"><Owner ItemID="9830" TaskNumber="0" TypeHash="0" STType="" UIDType="Inner" /></Parent><IsValueFromTheme>false</IsValueFromTheme><Connections /><IsDynamized>false</IsDynamized><ContiniuosUpdate>false</ContiniuosUpdate></Parameter><Parameter Name="XType" ShortName="XType" Tag="0" Role="XType" Value="1"><ID ItemID="4294967270" TaskNumber="0" TypeHash="5" Path="" STType="HMI.SizeType" UIDType="Inner" /><IsValueFromTheme>false</IsValueFromTheme><IsDynamized>false</IsDynamized><ContiniuosUpdate>false</ContiniuosUpdate></Parameter><Parameter Name="YType" ShortName="YType" Tag="0" Role="YType" Value="1"><ID ItemID="4294967269" TaskNumber="0" TypeHash="5" Path="" STType="HMI.SizeType" UIDType="Inner" /><IsValueFromTheme>false</IsValueFromTheme><IsDynamized>false</IsDynamized><ContiniuosUpdate>false</ContiniuosUpdate></Parameter><Parameter Name="ProportionType" ShortName="ProportionType" Tag="0" Role="ProportionType" Value="4"><ID ItemID="4294967268" TaskNumber="0" TypeHash="5" Path="" STType="HMI.ProportionType" UIDType="Inner" /><IsValueFromTheme>false</IsValueFromTheme><IsDynamized>false</IsDynamized><ContiniuosUpdate>false</ContiniuosUpdate></Parameter><Parameter Name="WidthType" ShortName="WidthType" Tag="0" Role="WidthType" Value="1"><ID ItemID="4294967267" TaskNumber="0" TypeHash="5" Path="" STType="HMI.SizeType" UIDType="Inner" /><IsValueFromTheme>false</IsValueFromTheme><IsDynamized>false</IsDynamized><ContiniuosUpdate>false</ContiniuosUpdate></Parameter><Parameter Name="HeightType" ShortName="HeightType" Tag="0" Role="HeightType" Value="1"><ID ItemID="4294967266" TaskNumber="0" TypeHash="5" Path="" STType="HMI.SizeType" UIDType="Inner" /><IsValueFromTheme>false</IsValueFromTheme><IsDynamized>false</IsDynamized><ContiniuosUpdate>false</ContiniuosUpdate></Parameter></Parameters><Events><Event Name="9800" ShortName="9800" Tag="9800" Role="Focus"><ID ItemID="9830" TaskNumber="0" TypeHash="0" Path="Focus" STType="" UIDType="Inner"><Owner ItemID="9830" TaskNumber="0" TypeHash="0" STType="" UIDType="Inner" /></ID><Parent ItemID="9830" TaskNumber="0" TypeHash="0" Path="" STType="" UIDType="Inner"><Owner ItemID="9830" TaskNumber="0" TypeHash="0" STType="" UIDType="Inner" /></Parent><Actions /></Event><Event Name="9801" ShortName="9801" Tag="9801" Role="LostFocus"><ID ItemID="9830" TaskNumber="0" TypeHash="0" Path="LostFocus" STType="" UIDType="Inner"><Owner ItemID="9830" TaskNumber="0" TypeHash="0" STType="" UIDType="Inner" /></ID><Parent ItemID="9830" TaskNumber="0" TypeHash="0" Path="" STType="" UIDType="Inner"><Owner ItemID="9830" TaskNumber="0" TypeHash="0" STType="" UIDType="Inner" /></Parent><Actions /></Event></Events><ObjectId>0</ObjectId><ServerTaskId>-1</ServerTaskId><ServerTaskItemId>0</ServerTaskItemId><Role>NumericUpDown</Role><HasConnections>false</HasConnections></Element>