﻿<?xml version="1.0" encoding="utf-8"?><Element xmlns:xsi="http://www.w3.org/2001/XMLSchema-instance" xmlns:xsd="http://www.w3.org/2001/XMLSchema" Name="9123" ShortName="Кнопка" Tag="9123"><ID ItemID="9123" TaskNumber="0" TypeHash="0" Path="" STType="" UIDType="Inner"><Owner ItemID="9123" TaskNumber="0" TypeHash="0" STType="" UIDType="Inner" /></ID><UsedSTTypes><string>HMI.ResourceType</string><string>DINT</string><string>LREAL</string><string>HMI.SolidColorType</string><string>HMI.GradientColorType</string><string>HMI.BorderStyleType</string><string>STRING</string><string>BOOL</string><string>HMI.TileType</string><string>HMI.DockType</string><string>HMI.HorizontalAlignType</string><string>HMI.VerticalAlignType</string><string>HMI.MouseCursorKinds</string><string>BYTE</string><string>HMI.SizeType</string><string>HMI.ProportionType</string></UsedSTTypes><Parameters><Parameter Name="Образ" ShortName="8973" Tag="8973" Role="SkinResource" Value=""><ID ItemID="8973" TaskNumber="0" TypeHash="4" Path="" STType="HMI.ResourceType" UIDType="Inner"><Owner ItemID="9123" TaskNumber="0" TypeHash="0" STType="" UIDType="Inner" /></ID><Parent ItemID="9123" TaskNumber="0" TypeHash="0" Path="" STType="" UIDType="Inner"><Owner ItemID="9123" TaskNumber="0" TypeHash="0" STType="" UIDType="Inner" /></Parent><IsValueFromTheme>false</IsValueFromTheme><Connections /><IsDynamized>false</IsDynamized><ContiniuosUpdate>false</ContiniuosUpdate></Parameter><Parameter Name="Порядок Z" ShortName="8975" Tag="8975" Role="Z" Value=""><ID ItemID="8975" TaskNumber="0" TypeHash="6" Path="" STType="DINT" UIDType="Inner"><Owner ItemID="9123" TaskNumber="0" TypeHash="0" STType="" UIDType="Inner" /></ID><Parent ItemID="9123" TaskNumber="0" TypeHash="0" Path="" STType="" UIDType="Inner"><Owner ItemID="9123" TaskNumber="0" TypeHash="0" STType="" UIDType="Inner" /></Parent><IsValueFromTheme>false</IsValueFromTheme><Connections /><IsDynamized>false</IsDynamized><ContiniuosUpdate>false</ContiniuosUpdate></Parameter><Parameter Name="Ширина" ShortName="8943" Tag="8943" Role="Width" Value="80"><ID ItemID="8943" TaskNumber="0" TypeHash="1" Path="" STType="LREAL" UIDType="Inner"><Owner ItemID="9123" TaskNumber="0" TypeHash="0" STType="" UIDType="Inner" /></ID><Parent ItemID="9123" TaskNumber="0" TypeHash="0" Path="" STType="" UIDType="Inner"><Owner ItemID="9123" TaskNumber="0" TypeHash="0" STType="" UIDType="Inner" /></Parent><IsValueFromTheme>false</IsValueFromTheme><Connections /><IsDynamized>false</IsDynamized><ContiniuosUpdate>false</ContiniuosUpdate></Parameter><Parameter Name="Высота" ShortName="8944" Tag="8944" Role="Height" Value="20"><ID ItemID="8944" TaskNumber="0" TypeHash="1" Path="" STType="LREAL" UIDType="Inner"><Owner ItemID="9123" TaskNumber="0" TypeHash="0" STType="" UIDType="Inner" /></ID><Parent ItemID="9123" TaskNumber="0" TypeHash="0" Path="" STType="" UIDType="Inner"><Owner ItemID="9123" TaskNumber="0" TypeHash="0" STType="" UIDType="Inner" /></Parent><IsValueFromTheme>false</IsValueFromTheme><Connections /><IsDynamized>false</IsDynamized><ContiniuosUpdate>false</ContiniuosUpdate></Parameter><Parameter Name="Угол поворота" ShortName="8945" Tag="8945" Role="Angle" Value="0"><ID ItemID="8945" TaskNumber="0" TypeHash="1" Path="" STType="LREAL" UIDType="Inner"><Owner ItemID="9123" TaskNumber="0" TypeHash="0" STType="" UIDType="Inner" /></ID><Parent ItemID="9123" TaskNumber="0" TypeHash="0" Path="" STType="" UIDType="Inner"><Owner ItemID="9123" TaskNumber="0" TypeHash="0" STType="" UIDType="Inner" /></Parent><IsValueFromTheme>false</IsValueFromTheme><Connections /><IsDynamized>false</IsDynamized><ContiniuosUpdate>false</ContiniuosUpdate></Parameter><Parameter Name="Масштаб X" ShortName="8946" Tag="8946" Role="ScaleX" Value="1"><ID ItemID="8946" TaskNumber="0" TypeHash="1" Path="" STType="LREAL" UIDType="Inner"><Owner ItemID="9123" TaskNumber="0" TypeHash="0" STType="" UIDType="Inner" /></ID><Parent ItemID="9123" TaskNumber="0" TypeHash="0" Path="" STType="" UIDType="Inner"><Owner ItemID="9123" TaskNumber="0" TypeHash="0" STType="" UIDType="Inner" /></Parent><IsValueFromTheme>false</IsValueFromTheme><Connections /><IsDynamized>false</IsDynamized><ContiniuosUpdate>false</ContiniuosUpdate></Parameter><Parameter Name="Масштаб Y" ShortName="8947" Tag="8947" Role="ScaleY" Value="1"><ID ItemID="8947" TaskNumber="0" TypeHash="1" Path="" STType="LREAL" UIDType="Inner"><Owner ItemID="9123" TaskNumber="0" TypeHash="0" STType="" UIDType="Inner" /></ID><Parent ItemID="9123" TaskNumber="0" TypeHash="0" Path="" STType="" UIDType="Inner"><Owner ItemID="9123" TaskNumber="0" TypeHash="0" STType="" UIDType="Inner" /></Parent><IsValueFromTheme>false</IsValueFromTheme><Connections /><IsDynamized>false</IsDynamized><ContiniuosUpdate>false</ContiniuosUpdate></Parameter><Parameter Name="Толщина рамки" ShortName="8948" Tag="8948" Role="BorderThickness" Value="1"><ID ItemID="8948" TaskNumber="0" TypeHash="1" Path="" STType="LREAL" UIDType="Inner"><Owner ItemID="9123" TaskNumber="0" TypeHash="0" STType="" UIDType="Inner" /></ID><Parent ItemID="9123" TaskNumber="0" TypeHash="0" Path="" STType="" UIDType="Inner"><Owner ItemID="9123" TaskNumber="0" TypeHash="0" STType="" UIDType="Inner" /></Parent><IsValueFromTheme>false</IsValueFromTheme><Connections /><IsDynamized>false</IsDynamized><ContiniuosUpdate>false</ContiniuosUpdate></Parameter><Parameter Name="Цвет рамки" ShortName="8949" Tag="8949" Role="BorderColor" Value="GRAY"><ID ItemID="8949" TaskNumber="0" TypeHash="4" Path="" STType="HMI.SolidColorType" UIDType="Inner"><Owner ItemID="9123" TaskNumber="0" TypeHash="0" STType="" UIDType="Inner" /></ID><Parent ItemID="9123" TaskNumber="0" TypeHash="0" Path="" STType="" UIDType="Inner"><Owner ItemID="9123" TaskNumber="0" TypeHash="0" STType="" UIDType="Inner" /></Parent><IsValueFromTheme>false</IsValueFromTheme><Connections /><IsDynamized>false</IsDynamized><ContiniuosUpdate>false</ContiniuosUpdate></Parameter><Parameter Name="Заливка фона" ShortName="8950" Tag="8950" Role="BackgroundColor" Value="rgb(245,240,245)"><ID ItemID="8950" TaskNumber="0" TypeHash="4" Path="" STType="HMI.GradientColorType" UIDType="Inner"><Owner ItemID="9123" TaskNumber="0" TypeHash="0" STType="" UIDType="Inner" /></ID><Parent ItemID="9123" TaskNumber="0" TypeHash="0" Path="" STType="" UIDType="Inner"><Owner ItemID="9123" TaskNumber="0" TypeHash="0" STType="" UIDType="Inner" /></Parent><IsValueFromTheme>false</IsValueFromTheme><Connections /><IsDynamized>false</IsDynamized><ContiniuosUpdate>false</ContiniuosUpdate></Parameter><Parameter Name="Прозрачность" ShortName="8951" Tag="8951" Role="Opacity" Value="100"><ID ItemID="8951" TaskNumber="0" TypeHash="1" Path="" STType="LREAL" UIDType="Inner"><Owner ItemID="9123" TaskNumber="0" TypeHash="0" STType="" UIDType="Inner" /></ID><Parent ItemID="9123" TaskNumber="0" TypeHash="0" Path="" STType="" UIDType="Inner"><Owner ItemID="9123" TaskNumber="0" TypeHash="0" STType="" UIDType="Inner" /></Parent><IsValueFromTheme>false</IsValueFromTheme><Connections /><IsDynamized>false</IsDynamized><ContiniuosUpdate>false</ContiniuosUpdate></Parameter><Parameter Name="Стиль рамки" ShortName="8942" Tag="8942" Role="BorderStyle" Value="0"><ID ItemID="8942" TaskNumber="0" TypeHash="5" Path="" STType="HMI.BorderStyleType" UIDType="Inner"><Owner ItemID="9123" TaskNumber="0" TypeHash="0" STType="" UIDType="Inner" /></ID><Parent ItemID="9123" TaskNumber="0" TypeHash="0" Path="" STType="" UIDType="Inner"><Owner ItemID="9123" TaskNumber="0" TypeHash="0" STType="" UIDType="Inner" /></Parent><IsValueFromTheme>false</IsValueFromTheme><Connections /><IsDynamized>false</IsDynamized><ContiniuosUpdate>false</ContiniuosUpdate></Parameter><Parameter Name="Всплывающая подсказка" ShortName="8952" Tag="8952" Role="ToolTip" Value=""><ID ItemID="8952" TaskNumber="0" TypeHash="4" Path="" STType="STRING" UIDType="Inner"><Owner ItemID="9123" TaskNumber="0" TypeHash="0" STType="" UIDType="Inner" /></ID><Parent ItemID="9123" TaskNumber="0" TypeHash="0" Path="" STType="" UIDType="Inner"><Owner ItemID="9123" TaskNumber="0" TypeHash="0" STType="" UIDType="Inner" /></Parent><IsValueFromTheme>false</IsValueFromTheme><Connections /><IsDynamized>false</IsDynamized><ContiniuosUpdate>false</ContiniuosUpdate></Parameter><Parameter Name="Мигание" ShortName="8954" Tag="8954" Role="Flash" Value="False"><ID ItemID="8954" TaskNumber="0" TypeHash="3" Path="" STType="BOOL" UIDType="Inner"><Owner ItemID="9123" TaskNumber="0" TypeHash="0" STType="" UIDType="Inner" /></ID><Parent ItemID="9123" TaskNumber="0" TypeHash="0" Path="" STType="" UIDType="Inner"><Owner ItemID="9123" TaskNumber="0" TypeHash="0" STType="" UIDType="Inner" /></Parent><IsValueFromTheme>false</IsValueFromTheme><Connections /><IsDynamized>false</IsDynamized><ContiniuosUpdate>false</ContiniuosUpdate></Parameter><Parameter Name="Размер тени" ShortName="8955" Tag="8955" Role="ShadowSize" Value="0"><ID ItemID="8955" TaskNumber="0" TypeHash="6" Path="" STType="DINT" UIDType="Inner"><Owner ItemID="9123" TaskNumber="0" TypeHash="0" STType="" UIDType="Inner" /></ID><Parent ItemID="9123" TaskNumber="0" TypeHash="0" Path="" STType="" UIDType="Inner"><Owner ItemID="9123" TaskNumber="0" TypeHash="0" STType="" UIDType="Inner" /></Parent><IsValueFromTheme>false</IsValueFromTheme><Connections /><IsDynamized>false</IsDynamized><ContiniuosUpdate>false</ContiniuosUpdate></Parameter><Parameter Name="Цвет тени" ShortName="8956" Tag="8956" Role="ShadowColor" Value="rgb(240,240,240)"><ID ItemID="8956" TaskNumber="0" TypeHash="4" Path="" STType="HMI.SolidColorType" UIDType="Inner"><Owner ItemID="9123" TaskNumber="0" TypeHash="0" STType="" UIDType="Inner" /></ID><Parent ItemID="9123" TaskNumber="0" TypeHash="0" Path="" STType="" UIDType="Inner"><Owner ItemID="9123" TaskNumber="0" TypeHash="0" STType="" UIDType="Inner" /></Parent><IsValueFromTheme>false</IsValueFromTheme><Connections /><IsDynamized>false</IsDynamized><ContiniuosUpdate>false</ContiniuosUpdate></Parameter><Parameter Name="Изображение фона" ShortName="8964" Tag="8964" Role="Resource" Value=""><ID ItemID="8964" TaskNumber="0" TypeHash="4" Path="" STType="HMI.ResourceType" UIDType="Inner"><Owner ItemID="9123" TaskNumber="0" TypeHash="0" STType="" UIDType="Inner" /></ID><Parent ItemID="9123" TaskNumber="0" TypeHash="0" Path="" STType="" UIDType="Inner"><Owner ItemID="9123" TaskNumber="0" TypeHash="0" STType="" UIDType="Inner" /></Parent><IsValueFromTheme>false</IsValueFromTheme><Connections /><IsDynamized>false</IsDynamized><ContiniuosUpdate>false</ContiniuosUpdate></Parameter><Parameter Name="Замостка фона" ShortName="8965" Tag="8965" Role="BackgroundTile" Value="2"><ID ItemID="8965" TaskNumber="0" TypeHash="5" Path="" STType="HMI.TileType" UIDType="Inner"><Owner ItemID="9123" TaskNumber="0" TypeHash="0" STType="" UIDType="Inner" /></ID><Parent ItemID="9123" TaskNumber="0" TypeHash="0" Path="" STType="" UIDType="Inner"><Owner ItemID="9123" TaskNumber="0" TypeHash="0" STType="" UIDType="Inner" /></Parent><IsValueFromTheme>false</IsValueFromTheme><Connections /><IsDynamized>false</IsDynamized><ContiniuosUpdate>false</ContiniuosUpdate></Parameter><Parameter Name="Видимость" ShortName="8967" Tag="8967" Role="IsVisible" Value="True"><ID ItemID="8967" TaskNumber="0" TypeHash="3" Path="" STType="BOOL" UIDType="Inner"><Owner ItemID="9123" TaskNumber="0" TypeHash="0" STType="" UIDType="Inner" /></ID><Parent ItemID="9123" TaskNumber="0" TypeHash="0" Path="" STType="" UIDType="Inner"><Owner ItemID="9123" TaskNumber="0" TypeHash="0" STType="" UIDType="Inner" /></Parent><IsValueFromTheme>false</IsValueFromTheme><Connections /><IsDynamized>false</IsDynamized><ContiniuosUpdate>false</ContiniuosUpdate></Parameter><Parameter Name="Активность" ShortName="8968" Tag="8968" Role="IsEnabled" Value="True"><ID ItemID="8968" TaskNumber="0" TypeHash="3" Path="" STType="BOOL" UIDType="Inner"><Owner ItemID="9123" TaskNumber="0" TypeHash="0" STType="" UIDType="Inner" /></ID><Parent ItemID="9123" TaskNumber="0" TypeHash="0" Path="" STType="" UIDType="Inner"><Owner ItemID="9123" TaskNumber="0" TypeHash="0" STType="" UIDType="Inner" /></Parent><IsValueFromTheme>false</IsValueFromTheme><Connections /><IsDynamized>false</IsDynamized><ContiniuosUpdate>false</ContiniuosUpdate></Parameter><Parameter Name="Клавиатурный индекс" ShortName="8969" Tag="8969" Role="TabIndex" Value=""><ID ItemID="8969" TaskNumber="0" TypeHash="6" Path="" STType="DINT" UIDType="Inner"><Owner ItemID="9123" TaskNumber="0" TypeHash="0" STType="" UIDType="Inner" /></ID><Parent ItemID="9123" TaskNumber="0" TypeHash="0" Path="" STType="" UIDType="Inner"><Owner ItemID="9123" TaskNumber="0" TypeHash="0" STType="" UIDType="Inner" /></Parent><IsValueFromTheme>false</IsValueFromTheme><Connections /><IsDynamized>false</IsDynamized><ContiniuosUpdate>false</ContiniuosUpdate></Parameter><Parameter Name="Координата X" ShortName="8970" Tag="8970" Role="X" Value="0"><ID ItemID="8970" TaskNumber="0" TypeHash="1" Path="" STType="LREAL" UIDType="Inner"><Owner ItemID="9123" TaskNumber="0" TypeHash="0" STType="" UIDType="Inner" /></ID><Parent ItemID="9123" TaskNumber="0" TypeHash="0" Path="" STType="" UIDType="Inner"><Owner ItemID="9123" TaskNumber="0" TypeHash="0" STType="" UIDType="Inner" /></Parent><IsValueFromTheme>false</IsValueFromTheme><Connections /><IsDynamized>false</IsDynamized><ContiniuosUpdate>false</ContiniuosUpdate></Parameter><Parameter Name="Координата Y" ShortName="8971" Tag="8971" Role="Y" Value="0"><ID ItemID="8971" TaskNumber="0" TypeHash="1" Path="" STType="LREAL" UIDType="Inner"><Owner ItemID="9123" TaskNumber="0" TypeHash="0" STType="" UIDType="Inner" /></ID><Parent ItemID="9123" TaskNumber="0" TypeHash="0" Path="" STType="" UIDType="Inner"><Owner ItemID="9123" TaskNumber="0" TypeHash="0" STType="" UIDType="Inner" /></Parent><IsValueFromTheme>false</IsValueFromTheme><Connections /><IsDynamized>false</IsDynamized><ContiniuosUpdate>false</ContiniuosUpdate></Parameter><Parameter Name="Положение" ShortName="8976" Tag="8976" Role="DockStyle" Value="3"><ID ItemID="8976" TaskNumber="0" TypeHash="5" Path="" STType="HMI.DockType" UIDType="Inner"><Owner ItemID="9123" TaskNumber="0" TypeHash="0" STType="" UIDType="Inner" /></ID><Parent ItemID="9123" TaskNumber="0" TypeHash="0" Path="" STType="" UIDType="Inner"><Owner ItemID="9123" TaskNumber="0" TypeHash="0" STType="" UIDType="Inner" /></Parent><IsValueFromTheme>false</IsValueFromTheme><Connections /><IsDynamized>false</IsDynamized><ContiniuosUpdate>false</ContiniuosUpdate></Parameter><Parameter Name="Горизонтальное выравнивание" ShortName="8977" Tag="8977" Role="HorizontalAlign" Value="1"><ID ItemID="8977" TaskNumber="0" TypeHash="5" Path="" STType="HMI.HorizontalAlignType" UIDType="Inner"><Owner ItemID="9123" TaskNumber="0" TypeHash="0" STType="" UIDType="Inner" /></ID><Parent ItemID="9123" TaskNumber="0" TypeHash="0" Path="" STType="" UIDType="Inner"><Owner ItemID="9123" TaskNumber="0" TypeHash="0" STType="" UIDType="Inner" /></Parent><IsValueFromTheme>false</IsValueFromTheme><Connections /><IsDynamized>false</IsDynamized><ContiniuosUpdate>false</ContiniuosUpdate></Parameter><Parameter Name="Вертикальное выравнивание" ShortName="8978" Tag="8978" Role="VerticalAlign" Value="1"><ID ItemID="8978" TaskNumber="0" TypeHash="5" Path="" STType="HMI.VerticalAlignType" UIDType="Inner"><Owner ItemID="9123" TaskNumber="0" TypeHash="0" STType="" UIDType="Inner" /></ID><Parent ItemID="9123" TaskNumber="0" TypeHash="0" Path="" STType="" UIDType="Inner"><Owner ItemID="9123" TaskNumber="0" TypeHash="0" STType="" UIDType="Inner" /></Parent><IsValueFromTheme>false</IsValueFromTheme><Connections /><IsDynamized>false</IsDynamized><ContiniuosUpdate>false</ContiniuosUpdate></Parameter><Parameter Name="Вид курсора" ShortName="8981" Tag="8981" Role="MouseCursorKind" Value="0"><ID ItemID="8981" TaskNumber="0" TypeHash="5" Path="" STType="HMI.MouseCursorKinds" UIDType="Inner"><Owner ItemID="9123" TaskNumber="0" TypeHash="0" STType="" UIDType="Inner" /></ID><Parent ItemID="9123" TaskNumber="0" TypeHash="0" Path="" STType="" UIDType="Inner"><Owner ItemID="9123" TaskNumber="0" TypeHash="0" STType="" UIDType="Inner" /></Parent><IsValueFromTheme>false</IsValueFromTheme><Connections /><IsDynamized>false</IsDynamized><ContiniuosUpdate>false</ContiniuosUpdate></Parameter><Parameter Name="Радиус скругления" ShortName="8953" Tag="8953" Role="CornerRadius" Value="0"><ID ItemID="8953" TaskNumber="0" TypeHash="1" Path="" STType="LREAL" UIDType="Inner"><Owner ItemID="9123" TaskNumber="0" TypeHash="0" STType="" UIDType="Inner" /></ID><Parent ItemID="9123" TaskNumber="0" TypeHash="0" Path="" STType="" UIDType="Inner"><Owner ItemID="9123" TaskNumber="0" TypeHash="0" STType="" UIDType="Inner" /></Parent><IsValueFromTheme>false</IsValueFromTheme><Connections /><IsDynamized>false</IsDynamized><ContiniuosUpdate>false</ContiniuosUpdate></Parameter><Parameter Name="Текст" ShortName="8957" Tag="8957" Role="Text" Value="Кнопка"><ID ItemID="8957" TaskNumber="0" TypeHash="4" Path="" STType="STRING" UIDType="Inner"><Owner ItemID="9123" TaskNumber="0" TypeHash="0" STType="" UIDType="Inner" /></ID><Parent ItemID="9123" TaskNumber="0" TypeHash="0" Path="" STType="" UIDType="Inner"><Owner ItemID="9123" TaskNumber="0" TypeHash="0" STType="" UIDType="Inner" /></Parent><IsValueFromTheme>false</IsValueFromTheme><Connections /><IsDynamized>false</IsDynamized><ContiniuosUpdate>false</ContiniuosUpdate></Parameter><Parameter Name="Курсив" ShortName="8958" Tag="8958" Role="FontItalic" Value="False"><ID ItemID="8958" TaskNumber="0" TypeHash="3" Path="" STType="BOOL" UIDType="Inner"><Owner ItemID="9123" TaskNumber="0" TypeHash="0" STType="" UIDType="Inner" /></ID><Parent ItemID="9123" TaskNumber="0" TypeHash="0" Path="" STType="" UIDType="Inner"><Owner ItemID="9123" TaskNumber="0" TypeHash="0" STType="" UIDType="Inner" /></Parent><IsValueFromTheme>false</IsValueFromTheme><Connections /><IsDynamized>false</IsDynamized><ContiniuosUpdate>false</ContiniuosUpdate></Parameter><Parameter Name="Жирный" ShortName="8959" Tag="8959" Role="FontBold" Value="False"><ID ItemID="8959" TaskNumber="0" TypeHash="3" Path="" STType="BOOL" UIDType="Inner"><Owner ItemID="9123" TaskNumber="0" TypeHash="0" STType="" UIDType="Inner" /></ID><Parent ItemID="9123" TaskNumber="0" TypeHash="0" Path="" STType="" UIDType="Inner"><Owner ItemID="9123" TaskNumber="0" TypeHash="0" STType="" UIDType="Inner" /></Parent><IsValueFromTheme>false</IsValueFromTheme><Connections /><IsDynamized>false</IsDynamized><ContiniuosUpdate>false</ContiniuosUpdate></Parameter><Parameter Name="Подчеркнутый" ShortName="8960" Tag="8960" Role="FontUnderlined" Value="False"><ID ItemID="8960" TaskNumber="0" TypeHash="3" Path="" STType="BOOL" UIDType="Inner"><Owner ItemID="9123" TaskNumber="0" TypeHash="0" STType="" UIDType="Inner" /></ID><Parent ItemID="9123" TaskNumber="0" TypeHash="0" Path="" STType="" UIDType="Inner"><Owner ItemID="9123" TaskNumber="0" TypeHash="0" STType="" UIDType="Inner" /></Parent><IsValueFromTheme>false</IsValueFromTheme><Connections /><IsDynamized>false</IsDynamized><ContiniuosUpdate>false</ContiniuosUpdate></Parameter><Parameter Name="Цвет текста" ShortName="8961" Tag="8961" Role="TextColor" Value="BLACK"><ID ItemID="8961" TaskNumber="0" TypeHash="4" Path="" STType="HMI.SolidColorType" UIDType="Inner"><Owner ItemID="9123" TaskNumber="0" TypeHash="0" STType="" UIDType="Inner" /></ID><Parent ItemID="9123" TaskNumber="0" TypeHash="0" Path="" STType="" UIDType="Inner"><Owner ItemID="9123" TaskNumber="0" TypeHash="0" STType="" UIDType="Inner" /></Parent><IsValueFromTheme>false</IsValueFromTheme><Connections /><IsDynamized>false</IsDynamized><ContiniuosUpdate>false</ContiniuosUpdate></Parameter><Parameter Name="Размер текста" ShortName="8962" Tag="8962" Role="FontSize" Value="12"><ID ItemID="8962" TaskNumber="0" TypeHash="6" Path="" STType="BYTE" UIDType="Inner"><Owner ItemID="9123" TaskNumber="0" TypeHash="0" STType="" UIDType="Inner" /></ID><Parent ItemID="9123" TaskNumber="0" TypeHash="0" Path="" STType="" UIDType="Inner"><Owner ItemID="9123" TaskNumber="0" TypeHash="0" STType="" UIDType="Inner" /></Parent><IsValueFromTheme>false</IsValueFromTheme><Connections /><IsDynamized>false</IsDynamized><ContiniuosUpdate>false</ContiniuosUpdate></Parameter><Parameter Name="Шрифт" ShortName="8963" Tag="8963" Role="FontName" Value="Tahoma"><ID ItemID="8963" TaskNumber="0" TypeHash="4" Path="" STType="STRING" UIDType="Inner"><Owner ItemID="9123" TaskNumber="0" TypeHash="0" STType="" UIDType="Inner" /></ID><Parent ItemID="9123" TaskNumber="0" TypeHash="0" Path="" STType="" UIDType="Inner"><Owner ItemID="9123" TaskNumber="0" TypeHash="0" STType="" UIDType="Inner" /></Parent><IsValueFromTheme>false</IsValueFromTheme><Connections /><IsDynamized>false</IsDynamized><ContiniuosUpdate>false</ContiniuosUpdate></Parameter><Parameter Name="Многострочность" ShortName="8966" Tag="8966" Role="FontMultiline" Value="False"><ID ItemID="8966" TaskNumber="0" TypeHash="3" Path="" STType="BOOL" UIDType="Inner"><Owner ItemID="9123" TaskNumber="0" TypeHash="0" STType="" UIDType="Inner" /></ID><Parent ItemID="9123" TaskNumber="0" TypeHash="0" Path="" STType="" UIDType="Inner"><Owner ItemID="9123" TaskNumber="0" TypeHash="0" STType="" UIDType="Inner" /></Parent><IsValueFromTheme>false</IsValueFromTheme><Connections /><IsDynamized>false</IsDynamized><ContiniuosUpdate>false</ContiniuosUpdate></Parameter><Parameter Name="Нажата" ShortName="8972" Tag="8972" Role="IsPressed" Value="False"><ID ItemID="8972" TaskNumber="0" TypeHash="3" Path="" STType="BOOL" UIDType="Inner"><Owner ItemID="9123" TaskNumber="0" TypeHash="0" STType="" UIDType="Inner" /></ID><Parent ItemID="9123" TaskNumber="0" TypeHash="0" Path="" STType="" UIDType="Inner"><Owner ItemID="9123" TaskNumber="0" TypeHash="0" STType="" UIDType="Inner" /></Parent><IsValueFromTheme>false</IsValueFromTheme><Connections /><IsDynamized>false</IsDynamized><ContiniuosUpdate>false</ContiniuosUpdate></Parameter><Parameter Name="Фиксируемая" ShortName="8974" Tag="8974" Role="IsFixed" Value="False"><ID ItemID="8974" TaskNumber="0" TypeHash="3" Path="" STType="BOOL" UIDType="Inner"><Owner ItemID="9123" TaskNumber="0" TypeHash="0" STType="" UIDType="Inner" /></ID><Parent ItemID="9123" TaskNumber="0" TypeHash="0" Path="" STType="" UIDType="Inner"><Owner ItemID="9123" TaskNumber="0" TypeHash="0" STType="" UIDType="Inner" /></Parent><IsValueFromTheme>false</IsValueFromTheme><Connections /><IsDynamized>false</IsDynamized><ContiniuosUpdate>false</ContiniuosUpdate></Parameter><Parameter Name="Горизонтальное выравнивание текста" ShortName="8979" Tag="8979" Role="TextHorizontalAlign" Value="1"><ID ItemID="8979" TaskNumber="0" TypeHash="5" Path="" STType="HMI.HorizontalAlignType" UIDType="Inner"><Owner ItemID="9123" TaskNumber="0" TypeHash="0" STType="" UIDType="Inner" /></ID><Parent ItemID="9123" TaskNumber="0" TypeHash="0" Path="" STType="" UIDType="Inner"><Owner ItemID="9123" TaskNumber="0" TypeHash="0" STType="" UIDType="Inner" /></Parent><IsValueFromTheme>false</IsValueFromTheme><Connections /><IsDynamized>false</IsDynamized><ContiniuosUpdate>false</ContiniuosUpdate></Parameter><Parameter Name="Вертикальное выравнивание текста" ShortName="8980" Tag="8980" Role="TextVerticalAlign" Value="1"><ID ItemID="8980" TaskNumber="0" TypeHash="5" Path="" STType="HMI.VerticalAlignType" UIDType="Inner"><Owner ItemID="9123" TaskNumber="0" TypeHash="0" STType="" UIDType="Inner" /></ID><Parent ItemID="9123" TaskNumber="0" TypeHash="0" Path="" STType="" UIDType="Inner"><Owner ItemID="9123" TaskNumber="0" TypeHash="0" STType="" UIDType="Inner" /></Parent><IsValueFromTheme>false</IsValueFromTheme><Connections /><IsDynamized>false</IsDynamized><ContiniuosUpdate>false</ContiniuosUpdate></Parameter><Parameter Name="XType" ShortName="XType" Tag="0" Role="XType" Value="1"><ID ItemID="4294967295" TaskNumber="0" TypeHash="5" Path="" STType="HMI.SizeType" UIDType="Inner" /><IsValueFromTheme>false</IsValueFromTheme><IsDynamized>false</IsDynamized><ContiniuosUpdate>false</ContiniuosUpdate></Parameter><Parameter Name="YType" ShortName="YType" Tag="0" Role="YType" Value="1"><ID ItemID="4294967294" TaskNumber="0" TypeHash="5" Path="" STType="HMI.SizeType" UIDType="Inner" /><IsValueFromTheme>false</IsValueFromTheme><IsDynamized>false</IsDynamized><ContiniuosUpdate>false</ContiniuosUpdate></Parameter><Parameter Name="ProportionType" ShortName="ProportionType" Tag="0" Role="ProportionType" Value="4"><ID ItemID="4294967293" TaskNumber="0" TypeHash="5" Path="" STType="HMI.ProportionType" UIDType="Inner" /><IsValueFromTheme>false</IsValueFromTheme><IsDynamized>false</IsDynamized><ContiniuosUpdate>false</ContiniuosUpdate></Parameter><Parameter Name="WidthType" ShortName="WidthType" Tag="0" Role="WidthType" Value="1"><ID ItemID="4294967292" TaskNumber="0" TypeHash="5" Path="" STType="HMI.SizeType" UIDType="Inner" /><IsValueFromTheme>false</IsValueFromTheme><IsDynamized>false</IsDynamized><ContiniuosUpdate>false</ContiniuosUpdate></Parameter><Parameter Name="HeightType" ShortName="HeightType" Tag="0" Role="HeightType" Value="1"><ID ItemID="4294967291" TaskNumber="0" TypeHash="5" Path="" STType="HMI.SizeType" UIDType="Inner" /><IsValueFromTheme>false</IsValueFromTheme><IsDynamized>false</IsDynamized><ContiniuosUpdate>false</ContiniuosUpdate></Parameter></Parameters><Events><Event Name="9094" ShortName="9094" Tag="9094" Role="Focus"><ID ItemID="9123" TaskNumber="0" TypeHash="0" Path="Focus" STType="" UIDType="Inner"><Owner ItemID="9123" TaskNumber="0" TypeHash="0" STType="" UIDType="Inner" /></ID><Parent ItemID="9123" TaskNumber="0" TypeHash="0" Path="" STType="" UIDType="Inner"><Owner ItemID="9123" TaskNumber="0" TypeHash="0" STType="" UIDType="Inner" /></Parent><Actions /></Event><Event Name="9095" ShortName="9095" Tag="9095" Role="LostFocus"><ID ItemID="9123" TaskNumber="0" TypeHash="0" Path="LostFocus" STType="" UIDType="Inner"><Owner ItemID="9123" TaskNumber="0" TypeHash="0" STType="" UIDType="Inner" /></ID><Parent ItemID="9123" TaskNumber="0" TypeHash="0" Path="" STType="" UIDType="Inner"><Owner ItemID="9123" TaskNumber="0" TypeHash="0" STType="" UIDType="Inner" /></Parent><Actions /></Event></Events><ObjectId>0</ObjectId><ServerTaskId>-1</ServerTaskId><ServerTaskItemId>0</ServerTaskItemId><Role>Button</Role><HasConnections>false</HasConnections></Element>